{"type":"FeatureCollection","attribution":"\u00a9 OpenStreetMap contributors (ODbL)","features":[{"type":"Feature","properties":{"id":"node/11970671717","name":"Igbologun Primary Health Center Snake Island","category":"amenity=hospital"},"geometry":{"type":"Point","coordinates":[3.3286428,6.4177241]}},{"type":"Feature","properties":{"id":"node/11970671716","name":"Igbologun Medical Centre","category":"amenity=hospital"},"geometry":{"type":"Point","coordinates":[3.3325555,6.4206234]}},{"type":"Feature","properties":{"id":"node/13749481215","name":"ilado waterfront","category":"amenity=ferry_terminal"},"geometry":{"type":"Point","coordinates":[3.3430314,6.4139335]}},{"type":"Feature","properties":{"id":"node/12814706730","name":"Jemuje","category":"amenity=ferry_terminal"},"geometry":{"type":"Point","coordinates":[3.3507032,6.4175204]}},{"type":"Feature","properties":{"id":"node/5608986816","name":"Ilutuntun","category":"amenity=ferry_terminal"},"geometry":{"type":"Point","coordinates":[3.3492876,6.422177]}},{"type":"Feature","properties":{"id":"node/13774166406","name":"igbo elejo","category":"amenity=ferry_terminal"},"geometry":{"type":"Point","coordinates":[3.3521207,6.424203]}},{"type":"Feature","properties":{"id":"node/1931521270","name":"Snake Island","category":"amenity=ferry_terminal"},"geometry":{"type":"Point","coordinates":[3.3348663,6.4275549]}},{"type":"Feature","properties":{"id":"node/6275791856","name":"igbologun/snake island","category":"amenity=ferry_terminal"},"geometry":{"type":"Point","coordinates":[3.3345224,6.4274708]}},{"type":"Feature","properties":{"id":"node/1693429425","name":"Tin Can Island Jetty","category":"amenity=ferry_terminal"},"geometry":{"type":"Point","coordinates":[3.3353271,6.4328981]}},{"type":"Feature","properties":{"id":"node/6275791838","name":"Tin Can Island","category":"amenity=ferry_terminal"},"geometry":{"type":"Point","coordinates":[3.335099,6.4334918]}},{"type":"Feature","properties":{"id":"node/12814707236","name":"Coconut Landing","category":"amenity=ferry_terminal"},"geometry":{"type":"Point","coordinates":[3.3358476,6.4379319]}},{"type":"Feature","properties":{"id":"node/11970682230","name":"Nanti","category":"amenity=hospital"},"geometry":{"type":"Point","coordinates":[3.3465493,6.4267238]}},{"type":"Feature","properties":{"id":"node/13774166416","name":"isoda","category":"amenity=ferry_terminal"},"geometry":{"type":"Point","coordinates":[3.3477455,6.4263514]}},{"type":"Feature","properties":{"id":"node/12814706594","name":"IKO/Temidire","category":"amenity=ferry_terminal"},"geometry":{"type":"Point","coordinates":[3.3441432,6.4368636]}},{"type":"Feature","properties":{"id":"node/13774166860","name":"first gate (tin can island)","category":"amenity=ferry_terminal"},"geometry":{"type":"Point","coordinates":[3.3433885,6.4353345]}},{"type":"Feature","properties":{"id":"node/11975079560","name":"Ibafon Primary Health Center","category":"amenity=hospital"},"geometry":{"type":"Point","coordinates":[3.3307752,6.443242]}},{"type":"Feature","properties":{"id":"node/13749439579","name":"second badagry","category":"amenity=ferry_terminal"},"geometry":{"type":"Point","coordinates":[3.348589,6.4410399]}},{"type":"Feature","properties":{"id":"node/12814706605","name":"Number 1A Waterside","category":"amenity=ferry_terminal"},"geometry":{"type":"Point","coordinates":[3.3493073,6.4426193]}},{"type":"Feature","properties":{"id":"node/13367596264","name":"WATERSIDE","category":"leisure=park"},"geometry":{"type":"Point","coordinates":[3.3527084,6.4504547]}},{"type":"Feature","properties":{"id":"node/13749439563","name":"number 1 (apapa) waterside","category":"amenity=ferry_terminal"},"geometry":{"type":"Point","coordinates":[3.3505,6.4461]}},{"type":"Feature","properties":{"id":"node/13749439564","name":"number 1 (ajegunle) waterside","category":"amenity=ferry_terminal"},"geometry":{"type":"Point","coordinates":[3.35,6.4463]}},{"type":"Feature","properties":{"id":"node/13749439565","name":"number 2 (ajegunle) waterside/kumuyi street(ajegunle)","category":"amenity=ferry_terminal"},"geometry":{"type":"Point","coordinates":[3.3508931,6.4484401]}},{"type":"Feature","properties":{"id":"node/13749439591","name":"number 2 (apapa) waterside","category":"amenity=ferry_terminal"},"geometry":{"type":"Point","coordinates":[3.351415,6.4482307]}},{"type":"Feature","properties":{"id":"node/13749439594","name":"mogaji (ajegunle)","category":"amenity=ferry_terminal"},"geometry":{"type":"Point","coordinates":[3.3498518,6.4460592]}},{"type":"Feature","properties":{"id":"node/13774166862","name":"boundary (apapa)/number 3 (apapa) waterside","category":"amenity=ferry_terminal"},"geometry":{"type":"Point","coordinates":[3.3515809,6.4504109]}},{"type":"Feature","properties":{"id":"node/13774166863","name":"number 3 (ajegunle) waterside","category":"amenity=ferry_terminal"},"geometry":{"type":"Point","coordinates":[3.3511636,6.4503929]}},{"type":"Feature","properties":{"id":"node/6966811962","name":"MRS","category":"amenity=fuel"},"geometry":{"type":"Point","coordinates":[3.325249,6.4889228]}},{"type":"Feature","properties":{"id":"node/4350656493","name":"Jesus Fire Ministries Church","category":"amenity=place_of_worship"},"geometry":{"type":"Point","coordinates":[3.3411455,6.4721434]}},{"type":"Feature","properties":{"id":"node/6288801278","name":"Iganmu","category":"public_transport=stop_position"},"geometry":{"type":"Point","coordinates":[3.3431241,6.4775402]}},{"type":"Feature","properties":{"id":"node/10777382244","name":"Iganmu","category":"public_transport=station"},"geometry":{"type":"Point","coordinates":[3.3431174,6.4775535]}},{"type":"Feature","properties":{"id":"node/1802511412","name":"Rita Lori Gym","category":"leisure=sports_centre"},"geometry":{"type":"Point","coordinates":[3.3483533,6.4905813]}},{"type":"Feature","properties":{"id":"node/1802511419","name":"Rita Lori Night Club","category":"amenity=nightclub"},"geometry":{"type":"Point","coordinates":[3.3484933,6.4907008]}},{"type":"Feature","properties":{"id":"node/11925959180","name":"Adetutu Clinic Ltd","category":"amenity=hospital"},"geometry":{"type":"Point","coordinates":[3.329013,6.5033136]}},{"type":"Feature","properties":{"id":"node/11925959181","name":"Am Hospital","category":"amenity=hospital"},"geometry":{"type":"Point","coordinates":[3.3278207,6.5018372]}},{"type":"Feature","properties":{"id":"node/11925959182","name":"Bimtom Hospital","category":"amenity=hospital"},"geometry":{"type":"Point","coordinates":[3.3273024,6.4995393]}},{"type":"Feature","properties":{"id":"node/11925959178","name":"Mountain Of Fire Hospital","category":"amenity=hospital"},"geometry":{"type":"Point","coordinates":[3.3291002,6.5085142]}},{"type":"Feature","properties":{"id":"node/4917613299","name":"Emota Hotel","category":"tourism=hotel"},"geometry":{"type":"Point","coordinates":[3.3279946,6.5157556]}},{"type":"Feature","properties":{"id":"node/11925959179","name":"Able God Hospital Maternity","category":"amenity=hospital"},"geometry":{"type":"Point","coordinates":[3.3317381,6.5041024]}},{"type":"Feature","properties":{"id":"node/4839316521","name":"Debby bar","category":"amenity=bar"},"geometry":{"type":"Point","coordinates":[3.345645,6.4995338]}},{"type":"Feature","properties":{"id":"node/11925959176","name":"Able God Hospital","category":"amenity=hospital"},"geometry":{"type":"Point","coordinates":[3.3352411,6.5080359]}},{"type":"Feature","properties":{"id":"node/11925959177","name":"St Femos Conual Home","category":"amenity=hospital"},"geometry":{"type":"Point","coordinates":[3.3294193,6.5090219]}},{"type":"Feature","properties":{"id":"node/11925959175","name":"Itireijesha Primary Health Care","category":"amenity=hospital"},"geometry":{"type":"Point","coordinates":[3.3372366,6.5099439]}},{"type":"Feature","properties":{"id":"node/11925959173","name":"Zephaniah Maternity Center","category":"amenity=hospital"},"geometry":{"type":"Point","coordinates":[3.3335714,6.5120852]}},{"type":"Feature","properties":{"id":"node/11925959174","name":"Dans Medical Hospital","category":"amenity=hospital"},"geometry":{"type":"Point","coordinates":[3.3347318,6.5124986]}},{"type":"Feature","properties":{"id":"node/11925928172","name":"Belan Consultant Home","category":"amenity=hospital"},"geometry":{"type":"Point","coordinates":[3.3415738,6.514369]}},{"type":"Feature","properties":{"id":"node/316140345","name":"75 Falolu Road","category":"amenity=place_of_worship"},"geometry":{"type":"Point","coordinates":[3.3543246,6.5079623]}},{"type":"Feature","properties":{"id":"node/11925925666","name":"Ola Omoyenji Maternity Home","category":"amenity=hospital"},"geometry":{"type":"Point","coordinates":[3.3473741,6.5174233]}},{"type":"Feature","properties":{"id":"node/11925925667","name":"Dela Nursing Home","category":"amenity=hospital"},"geometry":{"type":"Point","coordinates":[3.346552,6.5169846]}},{"type":"Feature","properties":{"id":"node/11925925668","name":"Betlem Hospital","category":"amenity=hospital"},"geometry":{"type":"Point","coordinates":[3.3442801,6.5164769]}},{"type":"Feature","properties":{"id":"node/11925928169","name":"Risaaj Hospital And Medicure","category":"amenity=hospital"},"geometry":{"type":"Point","coordinates":[3.3441272,6.5162677]}},{"type":"Feature","properties":{"id":"node/11925928170","name":"Alves Primary Health Center","category":"amenity=hospital"},"geometry":{"type":"Point","coordinates":[3.3447448,6.5145596]}},{"type":"Feature","properties":{"id":"node/11925928171","name":"Mount Camel Hospital","category":"amenity=hospital"},"geometry":{"type":"Point","coordinates":[3.3428961,6.5150139]}},{"type":"Feature","properties":{"id":"node/11925959169","name":"Phonex Clinic","category":"amenity=hospital"},"geometry":{"type":"Point","coordinates":[3.3391839,6.5240558]}},{"type":"Feature","properties":{"id":"node/11925959170","name":"Mary Anne Hospital","category":"amenity=hospital"},"geometry":{"type":"Point","coordinates":[3.3392731,6.5211465]}},{"type":"Feature","properties":{"id":"node/11925959171","name":"Ilasa Health Centre","category":"amenity=hospital"},"geometry":{"type":"Point","coordinates":[3.337537,6.5201438]}},{"type":"Feature","properties":{"id":"node/11925959172","name":"Bethlem Hospital","category":"amenity=hospital"},"geometry":{"type":"Point","coordinates":[3.3391947,6.5180852]}},{"type":"Feature","properties":{"id":"node/5769580567","name":"Promasidor Nigeria Limited","category":"man_made=works"},"geometry":{"type":"Point","coordinates":[3.3338235,6.5261672]}},{"type":"Feature","properties":{"id":"node/11925914566","name":"Divine Nursin Hme","category":"amenity=hospital"},"geometry":{"type":"Point","coordinates":[3.3417106,6.5265321]}},{"type":"Feature","properties":{"id":"node/11925914567","name":"Good Hope Hospital","category":"amenity=hospital"},"geometry":{"type":"Point","coordinates":[3.3411077,6.524273]}},{"type":"Feature","properties":{"id":"node/11925914568","name":"Salvation Hospital","category":"amenity=hospital"},"geometry":{"type":"Point","coordinates":[3.3394776,6.5244768]}},{"type":"Feature","properties":{"id":"node/11925925657","name":"Ajoke Clinic","category":"amenity=hospital"},"geometry":{"type":"Point","coordinates":[3.3457218,6.5217154]}},{"type":"Feature","properties":{"id":"node/11925925658","name":"Labake Maternity Center","category":"amenity=hospital"},"geometry":{"type":"Point","coordinates":[3.3443338,6.5214642]}},{"type":"Feature","properties":{"id":"node/11925925659","name":"Odus Health Center","category":"amenity=hospital"},"geometry":{"type":"Point","coordinates":[3.3449507,6.5211178]}},{"type":"Feature","properties":{"id":"node/11925925660","name":"Awesome Grace Hospital","category":"amenity=hospital"},"geometry":{"type":"Point","coordinates":[3.344999,6.5208753]}},{"type":"Feature","properties":{"id":"node/11925925661","name":"Odus Specialist Clinic","category":"amenity=hospital"},"geometry":{"type":"Point","coordinates":[3.3452511,6.5208353]}},{"type":"Feature","properties":{"id":"node/11925925656","name":"Saint Kizito Clinic","category":"amenity=hospital"},"geometry":{"type":"Point","coordinates":[3.3516663,6.5208093]}},{"type":"Feature","properties":{"id":"node/11925925665","name":"Aishat Specialist Hospital Limited","category":"amenity=hospital"},"geometry":{"type":"Point","coordinates":[3.3512633,6.5192031]}},{"type":"Feature","properties":{"id":"node/11925925645","name":"Femtab Hosp","category":"amenity=hospital"},"geometry":{"type":"Point","coordinates":[3.3427982,6.530542]}},{"type":"Feature","properties":{"id":"node/11925925646","name":"Divine Nursing Home","category":"amenity=hospital"},"geometry":{"type":"Point","coordinates":[3.3443009,6.5289311]}},{"type":"Feature","properties":{"id":"node/11925925647","name":"Best Hospital","category":"amenity=hospital"},"geometry":{"type":"Point","coordinates":[3.3442194,6.5284098]}},{"type":"Feature","properties":{"id":"node/11925925648","name":"Hammed Conwale Hospital","category":"amenity=hospital"},"geometry":{"type":"Point","coordinates":[3.3444853,6.5278279]}},{"type":"Feature","properties":{"id":"node/11925925649","name":"Alafiatayo Hospital","category":"amenity=hospital"},"geometry":{"type":"Point","coordinates":[3.3463696,6.5275561]}},{"type":"Feature","properties":{"id":"node/11925925650","name":"Isolo Road Primary Health Care Centre","category":"amenity=hospital"},"geometry":{"type":"Point","coordinates":[3.3489398,6.5271883]}},{"type":"Feature","properties":{"id":"node/11925925651","name":"Saltak Consualtant Home","category":"amenity=hospital"},"geometry":{"type":"Point","coordinates":[3.3511654,6.5276966]}},{"type":"Feature","properties":{"id":"node/11925925652","name":"Alhameed Conval Hospital","category":"amenity=hospital"},"geometry":{"type":"Point","coordinates":[3.3548502,6.5255353]}},{"type":"Feature","properties":{"id":"node/11925925653","name":"Health Center Mushin","category":"amenity=hospital"},"geometry":{"type":"Point","coordinates":[3.3546945,6.5249265]}},{"type":"Feature","properties":{"id":"node/11925925654","name":"Ogungbaiye Primary Health Centre","category":"amenity=hospital"},"geometry":{"type":"Point","coordinates":[3.3533138,6.5253016]}},{"type":"Feature","properties":{"id":"node/11925925655","name":"Orisegun Med Center","category":"amenity=hospital"},"geometry":{"type":"Point","coordinates":[3.349666,6.5249139]}},{"type":"Feature","properties":{"id":"node/11926018061","name":"Olutoba Clinic","category":"amenity=hospital"},"geometry":{"type":"Point","coordinates":[3.3544578,6.5298238]}},{"type":"Feature","properties":{"id":"node/11926103990","name":"Huse Of Peace Specialist Clinic","category":"amenity=hospital"},"geometry":{"type":"Point","coordinates":[3.3407323,6.5314473]}},{"type":"Feature","properties":{"id":"node/11926103991","name":"Sentinel Hospital","category":"amenity=hospital"},"geometry":{"type":"Point","coordinates":[3.3419614,6.532839]}},{"type":"Feature","properties":{"id":"node/11926103992","name":"Saint Claire Hospital Ltd","category":"amenity=hospital"},"geometry":{"type":"Point","coordinates":[3.3396587,6.5365557]}},{"type":"Feature","properties":{"id":"node/11926103993","name":"Oluwadamilare Maternity Home","category":"amenity=hospital"},"geometry":{"type":"Point","coordinates":[3.3391719,6.5348776]}},{"type":"Feature","properties":{"id":"node/11926103980","name":"Cedar Clinic","category":"amenity=hospital"},"geometry":{"type":"Point","coordinates":[3.347712,6.5326445]}},{"type":"Feature","properties":{"id":"node/11926103981","name":"Mercy Maternity Center","category":"amenity=hospital"},"geometry":{"type":"Point","coordinates":[3.3460906,6.5342301]}},{"type":"Feature","properties":{"id":"node/11926103982","name":"Diamond Clinic","category":"amenity=hospital"},"geometry":{"type":"Point","coordinates":[3.3465788,6.5340715]}},{"type":"Feature","properties":{"id":"node/11926103983","name":"Hillstar Hospital","category":"amenity=hospital"},"geometry":{"type":"Point","coordinates":[3.3448541,6.534346]}},{"type":"Feature","properties":{"id":"node/11926103984","name":"Canvalescent And Health Care Center","category":"amenity=hospital"},"geometry":{"type":"Point","coordinates":[3.3447012,6.5340462]}},{"type":"Feature","properties":{"id":"node/11926103985","name":"Nature Hospital","category":"amenity=hospital"},"geometry":{"type":"Point","coordinates":[3.3476704,6.5313441]}},{"type":"Feature","properties":{"id":"node/11926103986","name":"John Vic Clinic","category":"amenity=hospital"},"geometry":{"type":"Point","coordinates":[3.3460061,6.5319503]}},{"type":"Feature","properties":{"id":"node/11926103987","name":"Mushin General Hospital","category":"amenity=hospital"},"geometry":{"type":"Point","coordinates":[3.3462515,6.5315253]}},{"type":"Feature","properties":{"id":"node/11926103988","name":"Rembo Hospital","category":"amenity=hospital"},"geometry":{"type":"Point","coordinates":[3.3437088,6.531879]}},{"type":"Feature","properties":{"id":"node/11926103989","name":"St Andrew Hospital","category":"amenity=hospital"},"geometry":{"type":"Point","coordinates":[3.3427352,6.5316625]}},{"type":"Feature","properties":{"id":"node/11926018060","name":"Merit Medical Clinic","category":"amenity=hospital"},"geometry":{"type":"Point","coordinates":[3.3534291,6.5367736]}},{"type":"Feature","properties":{"id":"node/11926018063","name":"Fafolu Clinic and Maternity Home","category":"amenity=hospital"},"geometry":{"type":"Point","coordinates":[3.3553952,6.5346151]}},{"type":"Feature","properties":{"id":"node/11926018064","name":"Calvaty Med Center","category":"amenity=hospital"},"geometry":{"type":"Point","coordinates":[3.3518936,6.5356144]}},{"type":"Feature","properties":{"id":"node/11926018065","name":"Divine Favour Maternity Home","category":"amenity=hospital"},"geometry":{"type":"Point","coordinates":[3.3525172,6.5343546]}},{"type":"Feature","properties":{"id":"node/11926018066","name":"Merit Medical Centre Ojuwoyw","category":"amenity=hospital"},"geometry":{"type":"Point","coordinates":[3.3527331,6.532827]}},{"type":"Feature","properties":{"id":"node/11926018067","name":"Ayatuga Health Care","category":"amenity=hospital"},"geometry":{"type":"Point","coordinates":[3.3540541,6.5331068]}},{"type":"Feature","properties":{"id":"node/11926018068","name":"Ayantuga Primary Health Centre","category":"amenity=hospital"},"geometry":{"type":"Point","coordinates":[3.3552021,6.5331175]}},{"type":"Feature","properties":{"id":"node/11926103978","name":"Palm Avenue Primary Health Centre","category":"amenity=hospital"},"geometry":{"type":"Point","coordinates":[3.3498108,6.5365284]}},{"type":"Feature","properties":{"id":"node/11926103979","name":"New Bethsaida Hospital Maternity","category":"amenity=hospital"},"geometry":{"type":"Point","coordinates":[3.3506745,6.5363019]}},{"type":"Feature","properties":{"id":"node/11926103976","name":"Debof Clinicks Ltd","category":"amenity=hospital"},"geometry":{"type":"Point","coordinates":[3.3455354,6.5381459]}},{"type":"Feature","properties":{"id":"node/11926103977","name":"Oluwalase Clinic","category":"amenity=hospital"},"geometry":{"type":"Point","coordinates":[3.3438456,6.5387948]}},{"type":"Feature","properties":{"id":"node/9153472868","name":"MTN office","category":"office=telecommunication"},"geometry":{"type":"Point","coordinates":[3.3491182,6.5434013]}},{"type":"Feature","properties":{"id":"node/11926018057","name":"Fountain Of Grace Hospital","category":"amenity=hospital"},"geometry":{"type":"Point","coordinates":[3.3502775,6.5374078]}},{"type":"Feature","properties":{"id":"node/11926018058","name":"Fafolu Mga Center","category":"amenity=hospital"},"geometry":{"type":"Point","coordinates":[3.3547944,6.5374718]}},{"type":"Feature","properties":{"id":"node/11926018059","name":"Ebenezer Specialist Clinic and Maternity","category":"amenity=hospital"},"geometry":{"type":"Point","coordinates":[3.3548588,6.5390013]}},{"type":"Feature","properties":{"id":"node/5665683277","name":"Diamond","category":"amenity=bank"},"geometry":{"type":"Point","coordinates":[3.3275547,6.5454928]}},{"type":"Feature","properties":{"id":"node/5665683331","name":"Feligold","category":"tourism=hotel"},"geometry":{"type":"Point","coordinates":[3.3257688,6.5459064]}},{"type":"Feature","properties":{"id":"node/5678239435","name":"","category":"amenity=atm"},"geometry":{"type":"Point","coordinates":[3.3275097,6.5456285]}},{"type":"Feature","properties":{"id":"node/5206471425","name":"Stop over motel","category":"tourism=motel"},"geometry":{"type":"Point","coordinates":[3.3255542,6.5536857]}},{"type":"Feature","properties":{"id":"node/5206471428","name":"West view hotel","category":"tourism=hotel"},"geometry":{"type":"Point","coordinates":[3.3251125,6.553904]}},{"type":"Feature","properties":{"id":"node/5206471623","name":"West view hotel","category":"tourism=hotel"},"geometry":{"type":"Point","coordinates":[3.3251595,6.5539262]}},{"type":"Feature","properties":{"id":"node/5206471624","name":"Stop over bus stop","category":"highway=bus_stop"},"geometry":{"type":"Point","coordinates":[3.325181,6.5538125]}},{"type":"Feature","properties":{"id":"node/5206477223","name":"Ajao Estate main entrance","category":"highway=bus_stop"},"geometry":{"type":"Point","coordinates":[3.3288226,6.5521983]}},{"type":"Feature","properties":{"id":"node/5212289128","name":"Junction bus stop","category":"highway=bus_stop"},"geometry":{"type":"Point","coordinates":[3.3291611,6.5520558]}},{"type":"Feature","properties":{"id":"node/5665683273","name":"Standard Chartered","category":"amenity=bank"},"geometry":{"type":"Point","coordinates":[3.3267536,6.5524796]}},{"type":"Feature","properties":{"id":"node/5665683274","name":"Ecobank","category":"amenity=bank"},"geometry":{"type":"Point","coordinates":[3.327939,6.5523269]}},{"type":"Feature","properties":{"id":"node/5665683275","name":"Zenith","category":"amenity=bank"},"geometry":{"type":"Point","coordinates":[3.3289774,6.552631]}},{"type":"Feature","properties":{"id":"node/5665683330","name":"Ibis Royale","category":"tourism=hotel"},"geometry":{"type":"Point","coordinates":[3.3288811,6.5517342]}},{"type":"Feature","properties":{"id":"node/5678239346","name":"UBA","category":"amenity=bank"},"geometry":{"type":"Point","coordinates":[3.3316508,6.5489777]}},{"type":"Feature","properties":{"id":"node/5678239436","name":"Gig","category":"shop=convenience"},"geometry":{"type":"Point","coordinates":[3.3301461,6.5466247]}},{"type":"Feature","properties":{"id":"node/5678239534","name":"DHL","category":"office=company"},"geometry":{"type":"Point","coordinates":[3.3365709,6.5468076]}},{"type":"Feature","properties":{"id":"node/6967652947","name":"Visionscape","category":"office=company"},"geometry":{"type":"Point","coordinates":[3.3405375,6.5501031]}},{"type":"Feature","properties":{"id":"node/6967652919","name":"Tranex","category":"office=transport"},"geometry":{"type":"Point","coordinates":[3.3422825,6.5522247]}},{"type":"Feature","properties":{"id":"node/6967652920","name":"Adonai","category":"amenity=fuel"},"geometry":{"type":"Point","coordinates":[3.3414844,6.5519457]}},{"type":"Feature","properties":{"id":"node/11925999054","name":"Federal Neuro Psychatric Hospital Oshodi","category":"amenity=hospital"},"geometry":{"type":"Point","coordinates":[3.3486508,6.5482866]}},{"type":"Feature","properties":{"id":"node/11925999055","name":"Ladipo","category":"amenity=hospital"},"geometry":{"type":"Point","coordinates":[3.3449507,6.5477523]}},{"type":"Feature","properties":{"id":"node/11925999056","name":"Goodhope Clinic and Maternity","category":"amenity=hospital"},"geometry":{"type":"Point","coordinates":[3.344256,6.5444854]}},{"type":"Feature","properties":{"id":"node/6967655487","name":"BOC Gases","category":"office=company"},"geometry":{"type":"Point","coordinates":[3.3434933,6.5517846]}},{"type":"Feature","properties":{"id":"node/6967655527","name":"Nigalex","category":"office=company"},"geometry":{"type":"Point","coordinates":[3.345968,6.5527248]}},{"type":"Feature","properties":{"id":"node/6967655528","name":"Me Cure","category":"office=company"},"geometry":{"type":"Point","coordinates":[3.3466222,6.5530498]}},{"type":"Feature","properties":{"id":"node/6967655771","name":"Diamond","category":"amenity=bank"},"geometry":{"type":"Point","coordinates":[3.3456443,6.5537018]}},{"type":"Feature","properties":{"id":"node/6967655772","name":"Fembosco Engineering","category":"office=company"},"geometry":{"type":"Point","coordinates":[3.34585,6.5537253]}},{"type":"Feature","properties":{"id":"node/6967655773","name":"Zenith Bank","category":"amenity=bank"},"geometry":{"type":"Point","coordinates":[3.3461504,6.5538544]}},{"type":"Feature","properties":{"id":"node/6967655774","name":"Traffic Warehouse","category":"shop=security"},"geometry":{"type":"Point","coordinates":[3.3463208,6.5539513]}},{"type":"Feature","properties":{"id":"node/6967655775","name":"AB Microfinance Bank","category":"amenity=bank"},"geometry":{"type":"Point","coordinates":[3.3464909,6.5540319]}},{"type":"Feature","properties":{"id":"node/6967655776","name":"Heritage Bank","category":"amenity=bank"},"geometry":{"type":"Point","coordinates":[3.346663,6.5540968]}},{"type":"Feature","properties":{"id":"node/6967737935","name":"Fidelity Bank","category":"amenity=bank"},"geometry":{"type":"Point","coordinates":[3.3437365,6.5528537]}},{"type":"Feature","properties":{"id":"node/6967737936","name":"Access Bank","category":"amenity=bank"},"geometry":{"type":"Point","coordinates":[3.3435387,6.5527831]}},{"type":"Feature","properties":{"id":"node/6967737937","name":"UBA","category":"amenity=bank"},"geometry":{"type":"Point","coordinates":[3.343374,6.5526915]}},{"type":"Feature","properties":{"id":"node/11925999052","name":"Mecure Health Care","category":"amenity=hospital"},"geometry":{"type":"Point","coordinates":[3.3466727,6.5530737]}},{"type":"Feature","properties":{"id":"node/11925999051","name":"Glasmithkline Company Clinic","category":"amenity=hospital"},"geometry":{"type":"Point","coordinates":[3.354435,6.5546725]}},{"type":"Feature","properties":{"id":"node/11925999053","name":"Federal Medical Centre","category":"amenity=hospital"},"geometry":{"type":"Point","coordinates":[3.3501414,6.5506968]}},{"type":"Feature","properties":{"id":"node/11305982869","name":"cluster","category":"tourism=viewpoint"},"geometry":{"type":"Point","coordinates":[3.3580131,6.4017849]}},{"type":"Feature","properties":{"id":"node/501543864","name":"Eastern Spit","category":"office=company"},"geometry":{"type":"Point","coordinates":[3.4035486,6.3963977]}},{"type":"Feature","properties":{"id":"node/13774166342","name":"Tarkwa Bay","category":"amenity=ferry_terminal"},"geometry":{"type":"Point","coordinates":[3.3966119,6.4010617]}},{"type":"Feature","properties":{"id":"node/12814706733","name":"agojedo/agbejedo","category":"amenity=ferry_terminal"},"geometry":{"type":"Point","coordinates":[3.3588512,6.4176319]}},{"type":"Feature","properties":{"id":"node/12814706734","name":"Itomoro","category":"amenity=ferry_terminal"},"geometry":{"type":"Point","coordinates":[3.3622931,6.4179592]}},{"type":"Feature","properties":{"id":"node/12814706436","name":"itu agan/itun agan","category":"amenity=ferry_terminal"},"geometry":{"type":"Point","coordinates":[3.3592549,6.4276603]}},{"type":"Feature","properties":{"id":"node/13749439555","name":"alelegbene","category":"amenity=ferry_terminal"},"geometry":{"type":"Point","coordinates":[3.355594,6.426392]}},{"type":"Feature","properties":{"id":"node/13774168464","name":"kabakaba","category":"amenity=ferry_terminal"},"geometry":{"type":"Point","coordinates":[3.3733952,6.431068]}},{"type":"Feature","properties":{"id":"node/13774168466","name":"manager","category":"amenity=ferry_terminal"},"geometry":{"type":"Point","coordinates":[3.3709107,6.429987]}},{"type":"Feature","properties":{"id":"node/12285854990","name":"Allens Unit/Alex Apapa","category":"amenity=ferry_terminal"},"geometry":{"type":"Point","coordinates":[3.3699936,6.4346321]}},{"type":"Feature","properties":{"id":"node/13774168455","name":"Allens Unit/Alex Apapa","category":"amenity=ferry_terminal"},"geometry":{"type":"Point","coordinates":[3.3702848,6.4345359]}},{"type":"Feature","properties":{"id":"node/12814707241","name":"sagbokoji","category":"amenity=ferry_terminal"},"geometry":{"type":"Point","coordinates":[3.376942,6.4327699]}},{"type":"Feature","properties":{"id":"node/501543884","name":"Bancs Bruce","category":"office=company"},"geometry":{"type":"Point","coordinates":[3.3946417,6.4136128]}},{"type":"Feature","properties":{"id":"node/501543685","name":"Bruce Shoals","category":"office=company"},"geometry":{"type":"Point","coordinates":[3.3959385,6.4177131]}},{"type":"Feature","properties":{"id":"node/13749439593","name":"muller","category":"amenity=ferry_terminal"},"geometry":{"type":"Point","coordinates":[3.3890667,6.4353942]}},{"type":"Feature","properties":{"id":"node/13774166743","name":"ogogoro village","category":"amenity=ferry_terminal"},"geometry":{"type":"Point","coordinates":[3.3982996,6.4262458]}},{"type":"Feature","properties":{"id":"node/5661711532","name":"Bonny Camp","category":"public_transport=platform"},"geometry":{"type":"Point","coordinates":[3.4076698,6.4377773]}},{"type":"Feature","properties":{"id":"node/5661711533","name":"phone tracking","category":"public_transport=platform"},"geometry":{"type":"Point","coordinates":[3.4074847,6.4374708]}},{"type":"Feature","properties":{"id":"node/12814706460","name":"Bonny Camp (VI)","category":"amenity=ferry_terminal"},"geometry":{"type":"Point","coordinates":[3.4048651,6.4359713]}},{"type":"Feature","properties":{"id":"node/13749481244","name":"bonny camp (victoria island)","category":"amenity=ferry_terminal"},"geometry":{"type":"Point","coordinates":[3.404841,6.4359237]}},{"type":"Feature","properties":{"id":"node/4394494792","name":"Carliza","category":"amenity=pub"},"geometry":{"type":"Point","coordinates":[3.3599262,6.4390015]}},{"type":"Feature","properties":{"id":"node/4394496092","name":"Carliza","category":"tourism=hotel"},"geometry":{"type":"Point","coordinates":[3.3601255,6.4395095]}},{"type":"Feature","properties":{"id":"node/6275791741","name":"Apapa Liverpool Jetty","category":"amenity=ferry_terminal"},"geometry":{"type":"Point","coordinates":[3.3591741,6.4390651]}},{"type":"Feature","properties":{"id":"node/12814706438","name":"Liverpool (Apapa)","category":"amenity=ferry_terminal"},"geometry":{"type":"Point","coordinates":[3.3591485,6.439056]}},{"type":"Feature","properties":{"id":"node/5174125727","name":"Apapa Amusement Park","category":"amenity=fast_food"},"geometry":{"type":"Point","coordinates":[3.3672843,6.443615]}},{"type":"Feature","properties":{"id":"node/6848253286","name":"Rockview","category":"tourism=hotel"},"geometry":{"type":"Point","coordinates":[3.3608795,6.4480362]}},{"type":"Feature","properties":{"id":"node/4413083289","name":"","category":"amenity=bank"},"geometry":{"type":"Point","coordinates":[3.3693482,6.4411079]}},{"type":"Feature","properties":{"id":"node/6288815547","name":"flour mills (apapa)","category":"amenity=ferry_terminal"},"geometry":{"type":"Point","coordinates":[3.3749228,6.4477053]}},{"type":"Feature","properties":{"id":"node/5798725554","name":"Nipost","category":"amenity=post_office"},"geometry":{"type":"Point","coordinates":[3.3886213,6.4515546]}},{"type":"Feature","properties":{"id":"node/6274484744","name":"Marina/CMS Ferry Terminal","category":"amenity=ferry_terminal"},"geometry":{"type":"Point","coordinates":[3.3898032,6.449149]}},{"type":"Feature","properties":{"id":"node/12814051346","name":"Marina/CMS","category":"amenity=ferry_terminal"},"geometry":{"type":"Point","coordinates":[3.3897778,6.4494976]}},{"type":"Feature","properties":{"id":"node/13749481268","name":"marina/cms","category":"amenity=ferry_terminal"},"geometry":{"type":"Point","coordinates":[3.3897131,6.4492081]}},{"type":"Feature","properties":{"id":"node/12814051318","name":"Port/Checkpoint","category":"amenity=ferry_terminal"},"geometry":{"type":"Point","coordinates":[3.4041996,6.4405074]}},{"type":"Feature","properties":{"id":"node/13749481232","name":"ferry port/checkpoint","category":"amenity=ferry_terminal"},"geometry":{"type":"Point","coordinates":[3.4041996,6.4405074]}},{"type":"Feature","properties":{"id":"node/3474103261","name":"Goethe-Institut Nigeria","category":"office=educational_institution"},"geometry":{"type":"Point","coordinates":[3.3970714,6.4506304]}},{"type":"Feature","properties":{"id":"node/4721730856","name":"ADDOSSER Micro finance Bank","category":"amenity=bank"},"geometry":{"type":"Point","coordinates":[3.4010634,6.4509459]}},{"type":"Feature","properties":{"id":"node/4721730952","name":"Total","category":"amenity=fuel"},"geometry":{"type":"Point","coordinates":[3.4011958,6.4509366]}},{"type":"Feature","properties":{"id":"node/4721892603","name":"GTBank","category":"amenity=atm"},"geometry":{"type":"Point","coordinates":[3.3975672,6.449622]}},{"type":"Feature","properties":{"id":"node/6934060319","name":"Runsewe Hospital","category":"amenity=clinic"},"geometry":{"type":"Point","coordinates":[3.3996987,6.4507465]}},{"type":"Feature","properties":{"id":"node/10131861130","name":"Internet Exchange Point of Nigeria","category":"office=company"},"geometry":{"type":"Point","coordinates":[3.397808,6.4475162]}},{"type":"Feature","properties":{"id":"node/10776098574","name":"Marina","category":"public_transport=stop_position"},"geometry":{"type":"Point","coordinates":[3.3948073,6.4461291]}},{"type":"Feature","properties":{"id":"node/10776098575","name":"Marina","category":"public_transport=stop_position"},"geometry":{"type":"Point","coordinates":[3.3949925,6.4461351]}},{"type":"Feature","properties":{"id":"node/10776098576","name":"Marina","category":"public_transport=station"},"geometry":{"type":"Point","coordinates":[3.3950293,6.4461596]}},{"type":"Feature","properties":{"id":"node/4383548495","name":"","category":"amenity=atm"},"geometry":{"type":"Point","coordinates":[3.4046555,6.4487743]}},{"type":"Feature","properties":{"id":"node/4721715946","name":"Skye Bank","category":"amenity=atm"},"geometry":{"type":"Point","coordinates":[3.4029225,6.4497628]}},{"type":"Feature","properties":{"id":"node/4721729009","name":"Union Bank","category":"amenity=atm"},"geometry":{"type":"Point","coordinates":[3.4025755,6.4510273]}},{"type":"Feature","properties":{"id":"node/4721729120","name":"Sterling Bank","category":"amenity=atm"},"geometry":{"type":"Point","coordinates":[3.4030583,6.4508439]}},{"type":"Feature","properties":{"id":"node/4755897332","name":"Obalende Motor Park","category":"amenity=bus_station"},"geometry":{"type":"Point","coordinates":[3.4073759,6.4496353]}},{"type":"Feature","properties":{"id":"node/5652608477","name":"Forte Oil","category":"amenity=fuel"},"geometry":{"type":"Point","coordinates":[3.4051122,6.4482134]}},{"type":"Feature","properties":{"id":"node/13536246692","name":"Pan African Research Centre","category":"amenity=library"},"geometry":{"type":"Point","coordinates":[3.4053573,6.4458576]}},{"type":"Feature","properties":{"id":"node/13536246693","name":"Balo's Place","category":"amenity=bar"},"geometry":{"type":"Point","coordinates":[3.4045376,6.4471734]}},{"type":"Feature","properties":{"id":"node/13536246694","name":"Pada Lagos","category":"tourism=guest_house"},"geometry":{"type":"Point","coordinates":[3.4053621,6.4459312]}},{"type":"Feature","properties":{"id":"node/1366137199","name":"GT Bank","category":"amenity=bank"},"geometry":{"type":"Point","coordinates":[3.3852892,6.4539469]}},{"type":"Feature","properties":{"id":"node/4029270073","name":"Tarkwabay","category":"amenity=bank"},"geometry":{"type":"Point","coordinates":[3.3841149,6.4520764]}},{"type":"Feature","properties":{"id":"node/4875180826","name":"Anikantamo Health Post","category":"amenity=clinic"},"geometry":{"type":"Point","coordinates":[3.3944013,6.457865]}},{"type":"Feature","properties":{"id":"node/8556973217","name":"Water House","category":"historic=monument"},"geometry":{"type":"Point","coordinates":[3.3909899,6.4525957]}},{"type":"Feature","properties":{"id":"node/1366137185","name":"Holy Trinity School","category":"amenity=school"},"geometry":{"type":"Point","coordinates":[3.3874419,6.4639987]}},{"type":"Feature","properties":{"id":"node/1366137193","name":"Church","category":"amenity=place_of_worship"},"geometry":{"type":"Point","coordinates":[3.3881806,6.4636535]}},{"type":"Feature","properties":{"id":"node/1366137196","name":"First Bank of Nigeria","category":"amenity=bank"},"geometry":{"type":"Point","coordinates":[3.3875852,6.4626194]}},{"type":"Feature","properties":{"id":"node/2541613435","name":"Idumota","category":"highway=bus_stop"},"geometry":{"type":"Point","coordinates":[3.3866909,6.4629402]}},{"type":"Feature","properties":{"id":"node/4919362887","name":"Oke Ari Health Post","category":"amenity=clinic"},"geometry":{"type":"Point","coordinates":[3.3850774,6.4601397]}},{"type":"Feature","properties":{"id":"node/4919388470","name":"Olowogbowo Primary Health Centre","category":"amenity=clinic"},"geometry":{"type":"Point","coordinates":[3.3820358,6.4593154]}},{"type":"Feature","properties":{"id":"node/12814705879","name":"Ebute Ero","category":"amenity=ferry_terminal"},"geometry":{"type":"Point","coordinates":[3.3824785,6.4627403]}},{"type":"Feature","properties":{"id":"node/4875180831","name":"Adeniji Adele PHC","category":"amenity=clinic"},"geometry":{"type":"Point","coordinates":[3.3927007,6.4634177]}},{"type":"Feature","properties":{"id":"node/13954520359","name":"Monument in honour of Oshodi Tapa","category":"historic=monument"},"geometry":{"type":"Point","coordinates":[3.3983412,6.4548745]}},{"type":"Feature","properties":{"id":"node/6934060324","name":"Total","category":"amenity=fuel"},"geometry":{"type":"Point","coordinates":[3.4027421,6.4541021]}},{"type":"Feature","properties":{"id":"node/13952152303","name":"Harbour Point","category":"amenity=events_venue"},"geometry":{"type":"Point","coordinates":[3.4093887,6.421637]}},{"type":"Feature","properties":{"id":"node/3679464634","name":"Red Door Gallery","category":"shop=art"},"geometry":{"type":"Point","coordinates":[3.4235688,6.4243136]}},{"type":"Feature","properties":{"id":"node/8567630874","name":"Terra Kulture Gallery","category":"tourism=gallery"},"geometry":{"type":"Point","coordinates":[3.426812,6.425189]}},{"type":"Feature","properties":{"id":"node/8567630883","name":"","category":"amenity=cafe"},"geometry":{"type":"Point","coordinates":[3.4267773,6.4251207]}},{"type":"Feature","properties":{"id":"node/5246332216","name":"Silverbird Cinemas Galleria","category":"amenity=cinema"},"geometry":{"type":"Point","coordinates":[3.4084766,6.4284147]}},{"type":"Feature","properties":{"id":"node/5645791721","name":"Sherlaton","category":"amenity=restaurant"},"geometry":{"type":"Point","coordinates":[3.4094583,6.4293938]}},{"type":"Feature","properties":{"id":"node/5673266187","name":"","category":"public_transport=platform"},"geometry":{"type":"Point","coordinates":[3.4114056,6.430141]}},{"type":"Feature","properties":{"id":"node/5673266188","name":"","category":"public_transport=platform"},"geometry":{"type":"Point","coordinates":[3.4111437,6.4302597]}},{"type":"Feature","properties":{"id":"node/5734981046","name":"Netcom Africa","category":"office=yes"},"geometry":{"type":"Point","coordinates":[3.4101187,6.4302403]}},{"type":"Feature","properties":{"id":"node/5734981047","name":"PETROBRAS Nigeria","category":"office=yes"},"geometry":{"type":"Point","coordinates":[3.4099739,6.4302709]}},{"type":"Feature","properties":{"id":"node/5734981048","name":"SAPETRO Nigeria Head Office","category":"office=yes"},"geometry":{"type":"Point","coordinates":[3.4100447,6.4302112]}},{"type":"Feature","properties":{"id":"node/5759243021","name":"Foreign Currency Exchange Market","category":"amenity=bureau_de_change"},"geometry":{"type":"Point","coordinates":[3.4082655,6.4313295]}},{"type":"Feature","properties":{"id":"node/5777682132","name":"","category":"public_transport=platform"},"geometry":{"type":"Point","coordinates":[3.413552,6.4307513]}},{"type":"Feature","properties":{"id":"node/5792046953","name":"Silverbird Film Distribution","category":"office=company"},"geometry":{"type":"Point","coordinates":[3.4085336,6.4282765]}},{"type":"Feature","properties":{"id":"node/6203330684","name":"Arik Ticket Shop","category":"shop=ticket"},"geometry":{"type":"Point","coordinates":[3.4084752,6.4291237]}},{"type":"Feature","properties":{"id":"node/11278898242","name":"VANITI LAGOS","category":"amenity=nightclub"},"geometry":{"type":"Point","coordinates":[3.413748,6.4309654]}},{"type":"Feature","properties":{"id":"node/11518274349","name":"Kratos Lagos","category":"amenity=nightclub"},"geometry":{"type":"Point","coordinates":[3.413121,6.426037]}},{"type":"Feature","properties":{"id":"node/11518274350","name":"Booze.ng","category":"amenity=bar"},"geometry":{"type":"Point","coordinates":[3.4131743,6.4261084]}},{"type":"Feature","properties":{"id":"node/13952152339","name":"","category":"amenity=restaurant"},"geometry":{"type":"Point","coordinates":[3.4138703,6.4265686]}},{"type":"Feature","properties":{"id":"node/13952152341","name":"Revolving Art Incubator","category":"amenity=arts_centre"},"geometry":{"type":"Point","coordinates":[3.408487,6.4282053]}},{"type":"Feature","properties":{"id":"node/2329101896","name":"Victoria Island Post Office","category":"amenity=post_office"},"geometry":{"type":"Point","coordinates":[3.4167425,6.430345]}},{"type":"Feature","properties":{"id":"node/4132771112","name":"9to7","category":"shop=supermarket"},"geometry":{"type":"Point","coordinates":[3.4147722,6.4262545]}},{"type":"Feature","properties":{"id":"node/4601458189","name":"Domino's","category":"amenity=fast_food"},"geometry":{"type":"Point","coordinates":[3.4168635,6.4267866]}},{"type":"Feature","properties":{"id":"node/4601458190","name":"Cold Stone Creamery","category":"amenity=ice_cream"},"geometry":{"type":"Point","coordinates":[3.4169625,6.4267933]}},{"type":"Feature","properties":{"id":"node/4755897331","name":"B.B.Q. 'R' US Hotel (aka Moonways Hotel Ltd.)","category":"tourism=hotel"},"geometry":{"type":"Point","coordinates":[3.420588,6.4309878]}},{"type":"Feature","properties":{"id":"node/5141633783","name":"La Veranda","category":"amenity=restaurant"},"geometry":{"type":"Point","coordinates":[3.4155288,6.426523]}},{"type":"Feature","properties":{"id":"node/5246332242","name":"Spice Route","category":"amenity=restaurant"},"geometry":{"type":"Point","coordinates":[3.4197897,6.4294174]}},{"type":"Feature","properties":{"id":"node/5246332243","name":"Debonairs Pizza","category":"amenity=fast_food"},"geometry":{"type":"Point","coordinates":[3.4198446,6.4295055]}},{"type":"Feature","properties":{"id":"node/5777682133","name":"","category":"public_transport=platform"},"geometry":{"type":"Point","coordinates":[3.4149086,6.4305573]}},{"type":"Feature","properties":{"id":"node/5777682134","name":"","category":"public_transport=platform"},"geometry":{"type":"Point","coordinates":[3.4166975,6.4307087]}},{"type":"Feature","properties":{"id":"node/5777682135","name":"","category":"public_transport=platform"},"geometry":{"type":"Point","coordinates":[3.4170102,6.4304685]}},{"type":"Feature","properties":{"id":"node/9248888869","name":"La Brioche","category":"amenity=restaurant"},"geometry":{"type":"Point","coordinates":[3.417555,6.4318911]}},{"type":"Feature","properties":{"id":"node/11880824096","name":"Esoteric","category":"shop=furniture"},"geometry":{"type":"Point","coordinates":[3.4168633,6.4301687]}},{"type":"Feature","properties":{"id":"node/13953171074","name":"Jevinik","category":"amenity=restaurant"},"geometry":{"type":"Point","coordinates":[3.4192338,6.429064]}},{"type":"Feature","properties":{"id":"node/5647946287","name":"My Coffee House","category":"amenity=cafe"},"geometry":{"type":"Point","coordinates":[3.412209,6.437975]}},{"type":"Feature","properties":{"id":"node/5661711530","name":"Bonny Camp","category":"public_transport=platform"},"geometry":{"type":"Point","coordinates":[3.408765,6.4376645]}},{"type":"Feature","properties":{"id":"node/5661711531","name":"Bonny Camp","category":"public_transport=platform"},"geometry":{"type":"Point","coordinates":[3.4095706,6.4381611]}},{"type":"Feature","properties":{"id":"node/6203324829","name":"Ecobank","category":"amenity=atm"},"geometry":{"type":"Point","coordinates":[3.4088994,6.4354698]}},{"type":"Feature","properties":{"id":"node/6369637085","name":"Consulate General of Cameroon","category":"office=diplomatic"},"geometry":{"type":"Point","coordinates":[3.4114,6.4348]}},{"type":"Feature","properties":{"id":"node/6670475658","name":"Thai Thai","category":"amenity=restaurant"},"geometry":{"type":"Point","coordinates":[3.4142491,6.4350737]}},{"type":"Feature","properties":{"id":"node/5108265855","name":"Lagoon Restaurant","category":"amenity=restaurant"},"geometry":{"type":"Point","coordinates":[3.4148024,6.4367723]}},{"type":"Feature","properties":{"id":"node/5108265856","name":"Marcelino's Pastry Shop","category":"amenity=restaurant"},"geometry":{"type":"Point","coordinates":[3.4150797,6.436933]}},{"type":"Feature","properties":{"id":"node/5108265863","name":"Basilico Italian","category":"amenity=restaurant"},"geometry":{"type":"Point","coordinates":[3.417028,6.4324011]}},{"type":"Feature","properties":{"id":"node/5144668732","name":"Voyage Restaurant","category":"amenity=restaurant"},"geometry":{"type":"Point","coordinates":[3.4173974,6.436859]}},{"type":"Feature","properties":{"id":"node/5144668733","name":"Surface Bar & Grill","category":"amenity=bar"},"geometry":{"type":"Point","coordinates":[3.41713,6.437005]}},{"type":"Feature","properties":{"id":"node/5661711450","name":"Kilimanjaro","category":"amenity=fast_food"},"geometry":{"type":"Point","coordinates":[3.4189692,6.4368129]}},{"type":"Feature","properties":{"id":"node/5661711451","name":"Lush Wall Coverings & Finishes","category":"shop=interior_decoration"},"geometry":{"type":"Point","coordinates":[3.4188958,6.4368789]}},{"type":"Feature","properties":{"id":"node/5703157712","name":"Oniru","category":"public_transport=platform"},"geometry":{"type":"Point","coordinates":[3.4182258,6.4363867]}},{"type":"Feature","properties":{"id":"node/5703157713","name":"Oniru","category":"public_transport=platform"},"geometry":{"type":"Point","coordinates":[3.4189453,6.4367405]}},{"type":"Feature","properties":{"id":"node/9248888868","name":"Craft Gourmet","category":"amenity=restaurant"},"geometry":{"type":"Point","coordinates":[3.4203374,6.433402]}},{"type":"Feature","properties":{"id":"node/13953171055","name":"Nigerian Institute Of International Affairs","category":"amenity=research_institute"},"geometry":{"type":"Point","coordinates":[3.415374,6.4357654]}},{"type":"Feature","properties":{"id":"node/13953171056","name":"Goethe Institut Nigeria","category":"amenity=community_centre"},"geometry":{"type":"Point","coordinates":[3.4153915,6.4335293]}},{"type":"Feature","properties":{"id":"node/13953171063","name":"Cilantro","category":"amenity=restaurant"},"geometry":{"type":"Point","coordinates":[3.4168093,6.4337025]}},{"type":"Feature","properties":{"id":"node/2329099786","name":"First Bank Adeola Odeku","category":"amenity=bank"},"geometry":{"type":"Point","coordinates":[3.4221,6.428969]}},{"type":"Feature","properties":{"id":"node/4716828098","name":"Rooftop Bar","category":"amenity=bar"},"geometry":{"type":"Point","coordinates":[3.4254092,6.4264427]}},{"type":"Feature","properties":{"id":"node/4716873592","name":"Talindo Steak House","category":"amenity=restaurant"},"geometry":{"type":"Point","coordinates":[3.4253719,6.4263855]}},{"type":"Feature","properties":{"id":"node/5160398210","name":"Caf\u00e8 Neo @ fourteen36","category":"amenity=cafe"},"geometry":{"type":"Point","coordinates":[3.4263969,6.431441]}},{"type":"Feature","properties":{"id":"node/5224341645","name":"war room","category":"shop=books"},"geometry":{"type":"Point","coordinates":[3.4273348,6.4295508]}},{"type":"Feature","properties":{"id":"node/5243385158","name":"Nok by Alara","category":"amenity=restaurant"},"geometry":{"type":"Point","coordinates":[3.4214068,6.4304916]}},{"type":"Feature","properties":{"id":"node/5243385161","name":"Al\u00e1ra","category":"shop=clothes"},"geometry":{"type":"Point","coordinates":[3.4214664,6.4307153]}},{"type":"Feature","properties":{"id":"node/5777682136","name":"","category":"public_transport=platform"},"geometry":{"type":"Point","coordinates":[3.4210443,6.4294355]}},{"type":"Feature","properties":{"id":"node/5777682137","name":"","category":"public_transport=platform"},"geometry":{"type":"Point","coordinates":[3.4210455,6.4296418]}},{"type":"Feature","properties":{"id":"node/5777682138","name":"","category":"public_transport=platform"},"geometry":{"type":"Point","coordinates":[3.4226782,6.4293286]}},{"type":"Feature","properties":{"id":"node/5777682139","name":"","category":"public_transport=platform"},"geometry":{"type":"Point","coordinates":[3.4229542,6.4291074]}},{"type":"Feature","properties":{"id":"node/9248888854","name":"Delis Coffee Shop","category":"amenity=restaurant"},"geometry":{"type":"Point","coordinates":[3.4242599,6.4305707]}},{"type":"Feature","properties":{"id":"node/9248888859","name":"Health","category":"amenity=pharmacy"},"geometry":{"type":"Point","coordinates":[3.4230571,6.4307453]}},{"type":"Feature","properties":{"id":"node/12919060489","name":"Frozen Cabana Lagos","category":"amenity=bar"},"geometry":{"type":"Point","coordinates":[3.4259496,6.4302186]}},{"type":"Feature","properties":{"id":"node/13953171073","name":"KFC","category":"amenity=fast_food"},"geometry":{"type":"Point","coordinates":[3.4228033,6.4294423]}},{"type":"Feature","properties":{"id":"node/13953171097","name":"Johnny Rockets","category":"amenity=restaurant"},"geometry":{"type":"Point","coordinates":[3.4215816,6.4274806]}},{"type":"Feature","properties":{"id":"node/13953183879","name":"Yogurt Frenzy","category":"amenity=restaurant"},"geometry":{"type":"Point","coordinates":[3.4254253,6.4275244]}},{"type":"Feature","properties":{"id":"node/13953183880","name":"Araba's Caffe Tranche","category":"amenity=cafe"},"geometry":{"type":"Point","coordinates":[3.4258641,6.4277592]}},{"type":"Feature","properties":{"id":"node/1513600883","name":"Mama Cass","category":"amenity=restaurant"},"geometry":{"type":"Point","coordinates":[3.4326615,6.4312641]}},{"type":"Feature","properties":{"id":"node/4946299672","name":"1415 Italian Restaurant","category":"amenity=restaurant"},"geometry":{"type":"Point","coordinates":[3.4305222,6.4270022]}},{"type":"Feature","properties":{"id":"node/4946299673","name":"Kuramo Sports Cafe","category":"amenity=restaurant"},"geometry":{"type":"Point","coordinates":[3.4303434,6.4262707]}},{"type":"Feature","properties":{"id":"node/4946299674","name":"The Sky Restaruant","category":"amenity=restaurant"},"geometry":{"type":"Point","coordinates":[3.4299647,6.4260368]}},{"type":"Feature","properties":{"id":"node/4946299675","name":"Red Restaurant","category":"amenity=restaurant"},"geometry":{"type":"Point","coordinates":[3.4305788,6.4262636]}},{"type":"Feature","properties":{"id":"node/5108265574","name":"Crossroads Tex-Mex","category":"amenity=restaurant"},"geometry":{"type":"Point","coordinates":[3.430258,6.4264785]}},{"type":"Feature","properties":{"id":"node/5243385082","name":"88","category":"amenity=restaurant"},"geometry":{"type":"Point","coordinates":[3.4304112,6.4292644]}},{"type":"Feature","properties":{"id":"node/5243385153","name":"Calabash Bar","category":"amenity=bar"},"geometry":{"type":"Point","coordinates":[3.4305371,6.4261259]}},{"type":"Feature","properties":{"id":"node/5758852123","name":"Foreign Currency Exchange Market","category":"amenity=bureau_de_change"},"geometry":{"type":"Point","coordinates":[3.4299159,6.4277425]}},{"type":"Feature","properties":{"id":"node/5866525796","name":"RUE 80","category":"amenity=bar"},"geometry":{"type":"Point","coordinates":[3.4286039,6.4260205]}},{"type":"Feature","properties":{"id":"node/5943502700","name":"Smile","category":"shop=mobile_phone"},"geometry":{"type":"Point","coordinates":[3.4285026,6.4312936]}},{"type":"Feature","properties":{"id":"node/5943502701","name":"Shaunz Bar & Lounge","category":"amenity=bar"},"geometry":{"type":"Point","coordinates":[3.4285126,6.4313846]}},{"type":"Feature","properties":{"id":"node/6095336786","name":"IOTA Nigeria","category":"office=company"},"geometry":{"type":"Point","coordinates":[3.4284023,6.4304377]}},{"type":"Feature","properties":{"id":"node/11055746805","name":"Eco Gardens","category":"tourism=hotel"},"geometry":{"type":"Point","coordinates":[3.430344,6.4282745]}},{"type":"Feature","properties":{"id":"node/11055746806","name":"Lagos Irish Pub","category":"amenity=pub"},"geometry":{"type":"Point","coordinates":[3.4302612,6.4283778]}},{"type":"Feature","properties":{"id":"node/13090093192","name":"The Mayfair lagos","category":"amenity=restaurant"},"geometry":{"type":"Point","coordinates":[3.4322539,6.4280516]}},{"type":"Feature","properties":{"id":"node/13131419453","name":"The Mania House","category":"amenity=restaurant"},"geometry":{"type":"Point","coordinates":[3.4331337,6.4297695]}},{"type":"Feature","properties":{"id":"node/5218637316","name":"SoHo Restaurant","category":"amenity=restaurant"},"geometry":{"type":"Point","coordinates":[3.4227527,6.434767]}},{"type":"Feature","properties":{"id":"node/5218637317","name":"Milano Restaurant","category":"amenity=restaurant"},"geometry":{"type":"Point","coordinates":[3.4228088,6.4348494]}},{"type":"Feature","properties":{"id":"node/5243385166","name":"Ariya Terrace Bar","category":"amenity=bar"},"geometry":{"type":"Point","coordinates":[3.4228809,6.4347414]}},{"type":"Feature","properties":{"id":"node/5243385167","name":"Lobby Caf\u00e9","category":"amenity=cafe"},"geometry":{"type":"Point","coordinates":[3.4230115,6.4350593]}},{"type":"Feature","properties":{"id":"node/5675846430","name":"UBA","category":"amenity=bank"},"geometry":{"type":"Point","coordinates":[3.4267529,6.4335596]}},{"type":"Feature","properties":{"id":"node/5729098592","name":"Law School","category":"public_transport=platform"},"geometry":{"type":"Point","coordinates":[3.4249643,6.4388774]}},{"type":"Feature","properties":{"id":"node/5729098700","name":"Consulate General of Kenya in Lagos","category":"office=diplomatic"},"geometry":{"type":"Point","coordinates":[3.4267766,6.4338036]}},{"type":"Feature","properties":{"id":"node/6993892361","name":"El Padrino","category":"amenity=restaurant"},"geometry":{"type":"Point","coordinates":[3.4219234,6.4350729]}},{"type":"Feature","properties":{"id":"node/8567630851","name":"Didi Museum","category":"tourism=museum"},"geometry":{"type":"Point","coordinates":[3.4235679,6.4326191]}},{"type":"Feature","properties":{"id":"node/8567630852","name":"Ermenegildo Zegna","category":"shop=clothes"},"geometry":{"type":"Point","coordinates":[3.4236596,6.4326016]}},{"type":"Feature","properties":{"id":"node/12472086963","name":"Proxy Lagos","category":"amenity=nightclub"},"geometry":{"type":"Point","coordinates":[3.4242496,6.4338101]}},{"type":"Feature","properties":{"id":"node/13953171064","name":"Lala's Boutique Hotel","category":"tourism=hotel"},"geometry":{"type":"Point","coordinates":[3.4211279,6.4346018]}},{"type":"Feature","properties":{"id":"node/5649641155","name":"GT Bank","category":"amenity=bank"},"geometry":{"type":"Point","coordinates":[3.432198,6.4385344]}},{"type":"Feature","properties":{"id":"node/5649641156","name":"Marco Polo Express","category":"amenity=restaurant"},"geometry":{"type":"Point","coordinates":[3.4320892,6.4385344]}},{"type":"Feature","properties":{"id":"node/5649641159","name":"MedPlus","category":"amenity=pharmacy"},"geometry":{"type":"Point","coordinates":[3.4320201,6.4385334]}},{"type":"Feature","properties":{"id":"node/5649641160","name":"Mandy's Supermarket","category":"shop=supermarket"},"geometry":{"type":"Point","coordinates":[3.4318991,6.4385334]}},{"type":"Feature","properties":{"id":"node/5785037582","name":"Samsung Heavy Industries Lagos Office","category":"office=yes"},"geometry":{"type":"Point","coordinates":[3.4277964,6.4364206]}},{"type":"Feature","properties":{"id":"node/6716346185","name":"Eric Kayser Artisan Boulanger","category":"amenity=restaurant"},"geometry":{"type":"Point","coordinates":[3.4316601,6.4341307]}},{"type":"Feature","properties":{"id":"node/6916895377","name":"Plascon","category":"shop=paint"},"geometry":{"type":"Point","coordinates":[3.4304143,6.4377683]}},{"type":"Feature","properties":{"id":"node/7391141991","name":"Sabor","category":"amenity=restaurant"},"geometry":{"type":"Point","coordinates":[3.4296855,6.4332973]}},{"type":"Feature","properties":{"id":"node/8568618057","name":"Bature Brewery","category":"amenity=pub"},"geometry":{"type":"Point","coordinates":[3.4337189,6.4335114]}},{"type":"Feature","properties":{"id":"node/11708247043","name":"Leila Restaurant","category":"amenity=restaurant"},"geometry":{"type":"Point","coordinates":[3.4316492,6.434135]}},{"type":"Feature","properties":{"id":"node/13039089122","name":"The Office Lagos","category":"amenity=nightclub"},"geometry":{"type":"Point","coordinates":[3.4300846,6.4374415]}},{"type":"Feature","properties":{"id":"node/10215220422","name":"Consulate of Burkina Faso","category":"office=diplomatic"},"geometry":{"type":"Point","coordinates":[3.4401967,6.4254138]}},{"type":"Feature","properties":{"id":"node/5142960822","name":"Amazon Spur Steak Ranch","category":"amenity=restaurant"},"geometry":{"type":"Point","coordinates":[3.4479243,6.4228228]}},{"type":"Feature","properties":{"id":"node/5160398201","name":"Cafe Neo @ Landmark","category":"amenity=cafe"},"geometry":{"type":"Point","coordinates":[3.4479271,6.4229535]}},{"type":"Feature","properties":{"id":"node/9125922843","name":"Landmark Towers","category":"tourism=hotel"},"geometry":{"type":"Point","coordinates":[3.4478166,6.4236201]}},{"type":"Feature","properties":{"id":"node/1513600882","name":"Enterprise Bank","category":"amenity=bank"},"geometry":{"type":"Point","coordinates":[3.440479,6.430183]}},{"type":"Feature","properties":{"id":"node/1513600887","name":"Zenith Bank","category":"amenity=bank"},"geometry":{"type":"Point","coordinates":[3.4362651,6.4308749]}},{"type":"Feature","properties":{"id":"node/4579125791","name":"Signature suites","category":"tourism=hotel"},"geometry":{"type":"Point","coordinates":[3.4368574,6.4269148]}},{"type":"Feature","properties":{"id":"node/6033848803","name":"B.L. Restaurant","category":"amenity=restaurant"},"geometry":{"type":"Point","coordinates":[3.4369451,6.4282835]}},{"type":"Feature","properties":{"id":"node/6863933664","name":"Indigo Bar Restaurant  and Suites","category":"amenity=restaurant"},"geometry":{"type":"Point","coordinates":[3.4355417,6.4319078]}},{"type":"Feature","properties":{"id":"node/10215220421","name":"Divine Fountain Hotel VI","category":"tourism=hotel"},"geometry":{"type":"Point","coordinates":[3.4375262,6.4270855]}},{"type":"Feature","properties":{"id":"node/11740627606","name":"Cosa Nostra Patron","category":"amenity=nightclub"},"geometry":{"type":"Point","coordinates":[3.4387456,6.4296406]}},{"type":"Feature","properties":{"id":"node/12035213580","name":"Mercury Lagos","category":"amenity=restaurant"},"geometry":{"type":"Point","coordinates":[3.4374689,6.4307508]}},{"type":"Feature","properties":{"id":"node/5902583537","name":"Newcross Petroleum Head Office","category":"office=yes"},"geometry":{"type":"Point","coordinates":[3.4416187,6.4278817]}},{"type":"Feature","properties":{"id":"node/5902583538","name":"Panocean Oil Nigeria Head Office","category":"office=yes"},"geometry":{"type":"Point","coordinates":[3.4419317,6.427813]}},{"type":"Feature","properties":{"id":"node/5924604725","name":"GE International Operations Nigeria","category":"office=yes"},"geometry":{"type":"Point","coordinates":[3.4384004,6.4358715]}},{"type":"Feature","properties":{"id":"node/6294975385","name":"Caravel Suites","category":"tourism=hotel"},"geometry":{"type":"Point","coordinates":[3.4352505,6.4324851]}},{"type":"Feature","properties":{"id":"node/6916860487","name":"UBA","category":"amenity=bank"},"geometry":{"type":"Point","coordinates":[3.4370923,6.4347201]}},{"type":"Feature","properties":{"id":"node/5109675165","name":"","category":"amenity=restaurant"},"geometry":{"type":"Point","coordinates":[3.4438443,6.4359141]}},{"type":"Feature","properties":{"id":"node/5109675166","name":"","category":"amenity=restaurant"},"geometry":{"type":"Point","coordinates":[3.4440303,6.4359499]}},{"type":"Feature","properties":{"id":"node/5109675167","name":"Five Cowries","category":"amenity=bar"},"geometry":{"type":"Point","coordinates":[3.4439461,6.4360226]}},{"type":"Feature","properties":{"id":"node/5184439052","name":"HotPot","category":"amenity=restaurant"},"geometry":{"type":"Point","coordinates":[3.4447717,6.4359933]}},{"type":"Feature","properties":{"id":"node/6173422258","name":"Huawei Nigeria","category":"office=yes"},"geometry":{"type":"Point","coordinates":[3.4452117,6.436038]}},{"type":"Feature","properties":{"id":"node/6274815661","name":"Addax Jetty","category":"amenity=ferry_terminal"},"geometry":{"type":"Point","coordinates":[3.4419567,6.4367766]}},{"type":"Feature","properties":{"id":"node/4722581530","name":"Bay-Kins","category":"amenity=pharmacy"},"geometry":{"type":"Point","coordinates":[3.4525122,6.4299155]}},{"type":"Feature","properties":{"id":"node/7366843587","name":"Dr. Rita's","category":"amenity=pharmacy"},"geometry":{"type":"Point","coordinates":[3.4568374,6.4296085]}},{"type":"Feature","properties":{"id":"node/2987189855","name":"Shoprite","category":"shop=supermarket"},"geometry":{"type":"Point","coordinates":[3.4513348,6.4364898]}},{"type":"Feature","properties":{"id":"node/4742766614","name":"Game Discount Store","category":"shop=yes"},"geometry":{"type":"Point","coordinates":[3.4515768,6.4358016]}},{"type":"Feature","properties":{"id":"node/4742766615","name":"KFC","category":"amenity=fast_food"},"geometry":{"type":"Point","coordinates":[3.4510502,6.4358445]}},{"type":"Feature","properties":{"id":"node/4742766616","name":"Cold Stone Creamery","category":"amenity=ice_cream"},"geometry":{"type":"Point","coordinates":[3.4512533,6.4359336]}},{"type":"Feature","properties":{"id":"node/5142959399","name":"9mobile","category":"shop=mobile_phone"},"geometry":{"type":"Point","coordinates":[3.4511464,6.436061]}},{"type":"Feature","properties":{"id":"node/5142959400","name":"MTN","category":"shop=mobile_phone"},"geometry":{"type":"Point","coordinates":[3.4510401,6.4351034]}},{"type":"Feature","properties":{"id":"node/5142959401","name":"Stanbic Bank","category":"amenity=bank"},"geometry":{"type":"Point","coordinates":[3.4510334,6.4363724]}},{"type":"Feature","properties":{"id":"node/5142959402","name":"Standard Chartered","category":"amenity=bank"},"geometry":{"type":"Point","coordinates":[3.4510316,6.4365043]}},{"type":"Feature","properties":{"id":"node/5144668738","name":"Genesis Deluxe Cinemas","category":"amenity=cinema"},"geometry":{"type":"Point","coordinates":[3.451288,6.435782]}},{"type":"Feature","properties":{"id":"node/5144668739","name":"Medplus","category":"amenity=pharmacy"},"geometry":{"type":"Point","coordinates":[3.4510757,6.4362779]}},{"type":"Feature","properties":{"id":"node/5144668740","name":"HealthPlus","category":"amenity=pharmacy"},"geometry":{"type":"Point","coordinates":[3.4514422,6.4359496]}},{"type":"Feature","properties":{"id":"node/5246332415","name":"Hans & Rene Gelateria","category":"amenity=ice_cream"},"geometry":{"type":"Point","coordinates":[3.4511298,6.4357519]}},{"type":"Feature","properties":{"id":"node/5246332416","name":"Sweet Kiwi","category":"amenity=ice_cream"},"geometry":{"type":"Point","coordinates":[3.4511655,6.4359345]}},{"type":"Feature","properties":{"id":"node/5325724223","name":"Miniso","category":"shop=variety_store"},"geometry":{"type":"Point","coordinates":[3.4510314,6.4365995]}},{"type":"Feature","properties":{"id":"node/5325724224","name":"Glo","category":"shop=mobile_phone"},"geometry":{"type":"Point","coordinates":[3.4512562,6.4364004]}},{"type":"Feature","properties":{"id":"node/5325724225","name":"Polo","category":"shop=jewelry"},"geometry":{"type":"Point","coordinates":[3.4512631,6.436253]}},{"type":"Feature","properties":{"id":"node/5325724226","name":"The Lego Store","category":"shop=yes"},"geometry":{"type":"Point","coordinates":[3.4514116,6.4363634]}},{"type":"Feature","properties":{"id":"node/5325724227","name":"iConnect","category":"shop=yes"},"geometry":{"type":"Point","coordinates":[3.4514074,6.4362262]}},{"type":"Feature","properties":{"id":"node/5325724230","name":"Bistro 7 Express","category":"amenity=fast_food"},"geometry":{"type":"Point","coordinates":[3.4512094,6.4359339]}},{"type":"Feature","properties":{"id":"node/5325724231","name":"Schwarma Co","category":"amenity=fast_food"},"geometry":{"type":"Point","coordinates":[3.45112,6.435935]}},{"type":"Feature","properties":{"id":"node/5368368938","name":"Max","category":"shop=clothes"},"geometry":{"type":"Point","coordinates":[3.451375,6.4351659]}},{"type":"Feature","properties":{"id":"node/5368368970","name":"Airtel","category":"shop=mobile_phone"},"geometry":{"type":"Point","coordinates":[3.4514398,6.4360994]}},{"type":"Feature","properties":{"id":"node/5368368971","name":"The Hub Media Mart","category":"shop=electronics"},"geometry":{"type":"Point","coordinates":[3.4512046,6.4356857]}},{"type":"Feature","properties":{"id":"node/5368368972","name":"Da Viva","category":"shop=clothes"},"geometry":{"type":"Point","coordinates":[3.451241,6.4353383]}},{"type":"Feature","properties":{"id":"node/5368368973","name":"Lifemate Furniture","category":"shop=furniture"},"geometry":{"type":"Point","coordinates":[3.451553,6.435264]}},{"type":"Feature","properties":{"id":"node/5368368974","name":"Soul Lounge","category":"amenity=nightclub"},"geometry":{"type":"Point","coordinates":[3.4510249,6.4354961]}},{"type":"Feature","properties":{"id":"node/5683054768","name":"Total","category":"amenity=vending_machine"},"geometry":{"type":"Point","coordinates":[3.4503759,6.4364556]}},{"type":"Feature","properties":{"id":"node/5683054769","name":"Total","category":"amenity=vending_machine"},"geometry":{"type":"Point","coordinates":[3.4503706,6.4363896]}},{"type":"Feature","properties":{"id":"node/5683054770","name":"Total","category":"amenity=vending_machine"},"geometry":{"type":"Point","coordinates":[3.4503645,6.4363196]}},{"type":"Feature","properties":{"id":"node/11941737848","name":"Burger King","category":"amenity=fast_food"},"geometry":{"type":"Point","coordinates":[3.4509282,6.4358972]}},{"type":"Feature","properties":{"id":"node/4193719013","name":"The place","category":"amenity=restaurant"},"geometry":{"type":"Point","coordinates":[3.4556872,6.4374396]}},{"type":"Feature","properties":{"id":"node/4722585932","name":"Forte Oil","category":"amenity=fuel"},"geometry":{"type":"Point","coordinates":[3.4556197,6.4345895]}},{"type":"Feature","properties":{"id":"node/5371377212","name":"Skye Bank","category":"amenity=bank"},"geometry":{"type":"Point","coordinates":[3.4562054,6.4379947]}},{"type":"Feature","properties":{"id":"node/5371377213","name":"Moneytrust Microfinance","category":"amenity=bank"},"geometry":{"type":"Point","coordinates":[3.4561908,6.4379013]}},{"type":"Feature","properties":{"id":"node/5708370240","name":"Paul Osaji & CO.","category":"office=company"},"geometry":{"type":"Point","coordinates":[3.458331,6.4344506]}},{"type":"Feature","properties":{"id":"node/5777682234","name":"Peppercorn Avenue","category":"amenity=restaurant"},"geometry":{"type":"Point","coordinates":[3.4566187,6.4356558]}},{"type":"Feature","properties":{"id":"node/13917299866","name":"ZEE RESIDENCE","category":"tourism=apartment"},"geometry":{"type":"Point","coordinates":[3.4594484,6.4336785]}},{"type":"Feature","properties":{"id":"node/14076619991","name":"Hendrison Stays","category":"tourism=apartment"},"geometry":{"type":"Point","coordinates":[3.4547932,6.4388107]}},{"type":"Feature","properties":{"id":"node/7114415948","name":"Consulate General of the United Arab Emirates in Lagos","category":"office=diplomatic"},"geometry":{"type":"Point","coordinates":[3.4103806,6.440094]}},{"type":"Feature","properties":{"id":"node/10131861129","name":"Economic and financial crimes commission","category":"office=government"},"geometry":{"type":"Point","coordinates":[3.4111883,6.4431759]}},{"type":"Feature","properties":{"id":"node/13749481245","name":"boat club (ikoyi)","category":"amenity=ferry_terminal"},"geometry":{"type":"Point","coordinates":[3.409454,6.4429111]}},{"type":"Feature","properties":{"id":"node/3679264378","name":"A Whitespace","category":"shop=art"},"geometry":{"type":"Point","coordinates":[3.4189564,6.4417]}},{"type":"Feature","properties":{"id":"node/3679274650","name":"African Artists' Foundation","category":"amenity=arts_centre"},"geometry":{"type":"Point","coordinates":[3.4193743,6.4417685]}},{"type":"Feature","properties":{"id":"node/4729314593","name":"Sultans Pizza & Fast Food","category":"amenity=restaurant"},"geometry":{"type":"Point","coordinates":[3.4177461,6.445199]}},{"type":"Feature","properties":{"id":"node/5688851301","name":"TotalEnergies","category":"amenity=vending_machine"},"geometry":{"type":"Point","coordinates":[3.4154677,6.4421895]}},{"type":"Feature","properties":{"id":"node/5688851302","name":"TotalEnergies","category":"amenity=vending_machine"},"geometry":{"type":"Point","coordinates":[3.415519,6.4421768]}},{"type":"Feature","properties":{"id":"node/5688851303","name":"TotalEnergies","category":"amenity=vending_machine"},"geometry":{"type":"Point","coordinates":[3.415501,6.4421006]}},{"type":"Feature","properties":{"id":"node/5688851304","name":"TotalEnergies","category":"amenity=vending_machine"},"geometry":{"type":"Point","coordinates":[3.41545,6.4421123]}},{"type":"Feature","properties":{"id":"node/6493189102","name":"Telecommunication Partners of MTN","category":"office=telecommunication"},"geometry":{"type":"Point","coordinates":[3.4154397,6.4438933]}},{"type":"Feature","properties":{"id":"node/6709898686","name":"doculand","category":"shop=copyshop"},"geometry":{"type":"Point","coordinates":[3.4201965,6.4422203]}},{"type":"Feature","properties":{"id":"node/3476309985","name":"Bogobiri House Hotel and Restaurant","category":"amenity=restaurant"},"geometry":{"type":"Point","coordinates":[3.4242342,6.443429]}},{"type":"Feature","properties":{"id":"node/5371377086","name":"The Jazzhole","category":"shop=music"},"geometry":{"type":"Point","coordinates":[3.4218368,6.4430853]}},{"type":"Feature","properties":{"id":"node/5649641217","name":"MTN Nigeria Head Office","category":"office=yes"},"geometry":{"type":"Point","coordinates":[3.4266116,6.4437098]}},{"type":"Feature","properties":{"id":"node/5661711556","name":"Falomo","category":"public_transport=platform"},"geometry":{"type":"Point","coordinates":[3.4260352,6.4444127]}},{"type":"Feature","properties":{"id":"node/5661711557","name":"Falomo","category":"public_transport=platform"},"geometry":{"type":"Point","coordinates":[3.4258296,6.4446043]}},{"type":"Feature","properties":{"id":"node/5700588894","name":"Honorary Consulate of Australia in Lagos","category":"office=diplomatic"},"geometry":{"type":"Point","coordinates":[3.4268445,6.4453873]}},{"type":"Feature","properties":{"id":"node/5700588895","name":"Dangote Corporate Head Office","category":"office=yes"},"geometry":{"type":"Point","coordinates":[3.4272001,6.4451788]}},{"type":"Feature","properties":{"id":"node/5729098591","name":"Law School","category":"public_transport=platform"},"geometry":{"type":"Point","coordinates":[3.4266989,6.4391004]}},{"type":"Feature","properties":{"id":"node/6173422189","name":"Cold Stone Creamery","category":"amenity=ice_cream"},"geometry":{"type":"Point","coordinates":[3.4243616,6.444243]}},{"type":"Feature","properties":{"id":"node/6173422190","name":"Domino's","category":"amenity=fast_food"},"geometry":{"type":"Point","coordinates":[3.4241942,6.444149]}},{"type":"Feature","properties":{"id":"node/6173422191","name":"Pinkberry","category":"amenity=ice_cream"},"geometry":{"type":"Point","coordinates":[3.4241057,6.444157]}},{"type":"Feature","properties":{"id":"node/6173422204","name":"Pizza Hut","category":"amenity=restaurant"},"geometry":{"type":"Point","coordinates":[3.4211756,6.4425649]}},{"type":"Feature","properties":{"id":"node/11287504106","name":"SILK LAGOS","category":"amenity=bar"},"geometry":{"type":"Point","coordinates":[3.423949,6.4442171]}},{"type":"Feature","properties":{"id":"node/12814049788","name":"Law School (VI)","category":"amenity=ferry_terminal"},"geometry":{"type":"Point","coordinates":[3.4253303,6.4395559]}},{"type":"Feature","properties":{"id":"node/13421752852","name":"Purple Jasmine cafe","category":"amenity=cafe"},"geometry":{"type":"Point","coordinates":[3.4210086,6.4428693]}},{"type":"Feature","properties":{"id":"node/13749481231","name":"fiki marine (victoria island)","category":"amenity=ferry_terminal"},"geometry":{"type":"Point","coordinates":[3.4245956,6.4392275]}},{"type":"Feature","properties":{"id":"node/13749481263","name":"law school (victoria island)","category":"amenity=ferry_terminal"},"geometry":{"type":"Point","coordinates":[3.4253303,6.4395559]}},{"type":"Feature","properties":{"id":"node/13774166359","name":"Fiki Marine (VI)","category":"amenity=ferry_terminal"},"geometry":{"type":"Point","coordinates":[3.4245956,6.4392275]}},{"type":"Feature","properties":{"id":"node/13774168421","name":"Five Cowries/Falomo (VI)","category":"amenity=ferry_terminal"},"geometry":{"type":"Point","coordinates":[3.4271794,6.4420945]}},{"type":"Feature","properties":{"id":"node/5160398199","name":"Deloitte Nigeria","category":"office=company"},"geometry":{"type":"Point","coordinates":[3.4294783,6.4399976]}},{"type":"Feature","properties":{"id":"node/5160398200","name":"Zenith Capital Limited","category":"office=company"},"geometry":{"type":"Point","coordinates":[3.4294903,6.439827]}},{"type":"Feature","properties":{"id":"node/6916758460","name":"Zenith Bank","category":"amenity=bank"},"geometry":{"type":"Point","coordinates":[3.4292546,6.4436426]}},{"type":"Feature","properties":{"id":"node/6916758478","name":"Ecobank","category":"amenity=bank"},"geometry":{"type":"Point","coordinates":[3.4294192,6.4436807]}},{"type":"Feature","properties":{"id":"node/2330823961","name":"","category":"amenity=bank"},"geometry":{"type":"Point","coordinates":[3.4273732,6.4457125]}},{"type":"Feature","properties":{"id":"node/4612227790","name":"Flaky's Kitchen","category":"amenity=restaurant"},"geometry":{"type":"Point","coordinates":[3.4307265,6.4486656]}},{"type":"Feature","properties":{"id":"node/4612317990","name":"Theolandbrian Beauty Place","category":"shop=beauty"},"geometry":{"type":"Point","coordinates":[3.4306724,6.4486002]}},{"type":"Feature","properties":{"id":"node/4612319092","name":"Liquidhof","category":"amenity=bar"},"geometry":{"type":"Point","coordinates":[3.4305365,6.4482799]}},{"type":"Feature","properties":{"id":"node/4612339989","name":"Chemart Pharmacy","category":"amenity=pharmacy"},"geometry":{"type":"Point","coordinates":[3.4307756,6.4487407]}},{"type":"Feature","properties":{"id":"node/4612340489","name":"Samantha's / Kali Burger Bar / Village Grill","category":"amenity=restaurant"},"geometry":{"type":"Point","coordinates":[3.4305945,6.4483611]}},{"type":"Feature","properties":{"id":"node/4612445290","name":"Victoria's Touch Spa","category":"shop=cosmetics"},"geometry":{"type":"Point","coordinates":[3.4304068,6.4481149]}},{"type":"Feature","properties":{"id":"node/4612445990","name":"Gilgal Dental Clinics","category":"amenity=clinic"},"geometry":{"type":"Point","coordinates":[3.4304727,6.4481938]}},{"type":"Feature","properties":{"id":"node/4612445992","name":"Mrs. Makers Bakery","category":"shop=bakery"},"geometry":{"type":"Point","coordinates":[3.430817,6.4488034]}},{"type":"Feature","properties":{"id":"node/4612446190","name":"La Boudoir","category":"shop=clothes"},"geometry":{"type":"Point","coordinates":[3.4306193,6.4485274]}},{"type":"Feature","properties":{"id":"node/4612446489","name":"Juice Lounge","category":"amenity=restaurant"},"geometry":{"type":"Point","coordinates":[3.4303493,6.4480369]}},{"type":"Feature","properties":{"id":"node/4750411067","name":"Google","category":"office=company"},"geometry":{"type":"Point","coordinates":[3.4292061,6.4514722]}},{"type":"Feature","properties":{"id":"node/10166465152","name":"RegalFlowers","category":"shop=florist"},"geometry":{"type":"Point","coordinates":[3.4142414,6.4573397]}},{"type":"Feature","properties":{"id":"node/5652608478","name":"Forte Oil","category":"amenity=fuel"},"geometry":{"type":"Point","coordinates":[3.419849,6.4524343]}},{"type":"Feature","properties":{"id":"node/6535041603","name":"McKinsey & Company","category":"office=consulting"},"geometry":{"type":"Point","coordinates":[3.4207116,6.4523193]}},{"type":"Feature","properties":{"id":"node/13749439584","name":"osborne ferry terminal (ikoyi)","category":"amenity=ferry_terminal"},"geometry":{"type":"Point","coordinates":[3.4174567,6.4641704]}},{"type":"Feature","properties":{"id":"node/2331500887","name":"","category":"amenity=atm"},"geometry":{"type":"Point","coordinates":[3.4318977,6.4532991]}},{"type":"Feature","properties":{"id":"node/4498889050","name":"Bain & Company","category":"office=company"},"geometry":{"type":"Point","coordinates":[3.4331415,6.4535731]}},{"type":"Feature","properties":{"id":"node/4611739491","name":"Restaurant La Provence","category":"amenity=restaurant"},"geometry":{"type":"Point","coordinates":[3.4291029,6.4551048]}},{"type":"Feature","properties":{"id":"node/4929269311","name":"","category":"amenity=restaurant"},"geometry":{"type":"Point","coordinates":[3.4306293,6.454629]}},{"type":"Feature","properties":{"id":"node/4929269312","name":"Golden Gate Casino","category":"amenity=casino"},"geometry":{"type":"Point","coordinates":[3.4305966,6.4545067]}},{"type":"Feature","properties":{"id":"node/5661711558","name":"","category":"public_transport=platform"},"geometry":{"type":"Point","coordinates":[3.4307082,6.4541624]}},{"type":"Feature","properties":{"id":"node/5661711559","name":"","category":"public_transport=platform"},"geometry":{"type":"Point","coordinates":[3.4310456,6.4542411]}},{"type":"Feature","properties":{"id":"node/5674250824","name":"Golden Gate","category":"public_transport=platform"},"geometry":{"type":"Point","coordinates":[3.4308879,6.4544702]}},{"type":"Feature","properties":{"id":"node/7413095690","name":"BBC Lagos Office","category":"office=newspaper"},"geometry":{"type":"Point","coordinates":[3.4305553,6.4558324]}},{"type":"Feature","properties":{"id":"node/12720623937","name":"Ikoyi Club","category":"leisure=sports_centre"},"geometry":{"type":"Point","coordinates":[3.4284049,6.4523041]}},{"type":"Feature","properties":{"id":"node/5165958328","name":"Trade Office of Japan in Lagos","category":"office=diplomatic"},"geometry":{"type":"Point","coordinates":[3.4292738,6.4622311]}},{"type":"Feature","properties":{"id":"node/6915373236","name":"Alliance Fran\u00e7aise","category":"amenity=community_centre"},"geometry":{"type":"Point","coordinates":[3.4324411,6.4601261]}},{"type":"Feature","properties":{"id":"node/9637998805","name":"Eric Kayser Ikoyi","category":"shop=bakery"},"geometry":{"type":"Point","coordinates":[3.4321794,6.4602101]}},{"type":"Feature","properties":{"id":"node/2330811676","name":"Cactus","category":"amenity=restaurant"},"geometry":{"type":"Point","coordinates":[3.4378767,6.4389711]}},{"type":"Feature","properties":{"id":"node/5676295239","name":"","category":"public_transport=platform"},"geometry":{"type":"Point","coordinates":[3.4351838,6.4454158]}},{"type":"Feature","properties":{"id":"node/5676295240","name":"","category":"public_transport=platform"},"geometry":{"type":"Point","coordinates":[3.435917,6.4458661]}},{"type":"Feature","properties":{"id":"node/6709931986","name":"Impact Hub Lagos","category":"amenity=coworking_space"},"geometry":{"type":"Point","coordinates":[3.4450398,6.4502242]}},{"type":"Feature","properties":{"id":"node/4193728426","name":"First bank Nigeria Plc","category":"amenity=bank"},"geometry":{"type":"Point","coordinates":[3.460188,6.4461444]}},{"type":"Feature","properties":{"id":"node/9685011127","name":"Amala Sky Lagos","category":"amenity=restaurant"},"geometry":{"type":"Point","coordinates":[3.4578142,6.445727]}},{"type":"Feature","properties":{"id":"node/9703726801","name":"Hotel Seanbels","category":"tourism=hotel"},"geometry":{"type":"Point","coordinates":[3.4569646,6.4481194]}},{"type":"Feature","properties":{"id":"node/12814687055","name":"Alluvia Marine/Afisco (Lekki 1)","category":"amenity=ferry_terminal"},"geometry":{"type":"Point","coordinates":[3.4593349,6.4477684]}},{"type":"Feature","properties":{"id":"node/13749481262","name":"alluvia marine/afisco (lekki phase 1)","category":"amenity=ferry_terminal"},"geometry":{"type":"Point","coordinates":[3.4590768,6.4475959]}},{"type":"Feature","properties":{"id":"node/4946299659","name":"Glover Court Suya","category":"amenity=restaurant"},"geometry":{"type":"Point","coordinates":[3.4354857,6.4521232]}},{"type":"Feature","properties":{"id":"node/5218637318","name":"Da Vinci Bar & Restaurant","category":"amenity=restaurant"},"geometry":{"type":"Point","coordinates":[3.4365418,6.4549718]}},{"type":"Feature","properties":{"id":"node/7424583546","name":"Rene\u00e9 Supermarket","category":"shop=supermarket"},"geometry":{"type":"Point","coordinates":[3.4378663,6.4551674]}},{"type":"Feature","properties":{"id":"node/5218637319","name":"The Grill Room","category":"amenity=restaurant"},"geometry":{"type":"Point","coordinates":[3.445495,6.4536091]}},{"type":"Feature","properties":{"id":"node/5218637320","name":"Saraya Deli","category":"amenity=restaurant"},"geometry":{"type":"Point","coordinates":[3.4457757,6.4536044]}},{"type":"Feature","properties":{"id":"node/5381826554","name":"The Grill Room Bar","category":"amenity=bar"},"geometry":{"type":"Point","coordinates":[3.4455622,6.4536457]}},{"type":"Feature","properties":{"id":"node/8554836918","name":"Danfo","category":"amenity=bar"},"geometry":{"type":"Point","coordinates":[3.4456956,6.4564952]}},{"type":"Feature","properties":{"id":"node/8554836919","name":"BPS","category":"amenity=pharmacy"},"geometry":{"type":"Point","coordinates":[3.4453671,6.4562074]}},{"type":"Feature","properties":{"id":"node/8554838219","name":"Hartley's","category":"shop=supermarket"},"geometry":{"type":"Point","coordinates":[3.4455048,6.4565067]}},{"type":"Feature","properties":{"id":"node/8567630840","name":"","category":"amenity=atm"},"geometry":{"type":"Point","coordinates":[3.4411414,6.4557409]}},{"type":"Feature","properties":{"id":"node/11993373489","name":"Sun Heaven Hotel Ikoyi","category":"tourism=hotel"},"geometry":{"type":"Point","coordinates":[3.4455867,6.457807]}},{"type":"Feature","properties":{"id":"node/501245159","name":"Ikoyi Park","category":"leisure=park"},"geometry":{"type":"Point","coordinates":[3.445556,6.458611]}},{"type":"Feature","properties":{"id":"node/6284851976","name":"National Gallery of Modern Arts","category":"amenity=arts_centre"},"geometry":{"type":"Point","coordinates":[3.369299,6.4768676]}},{"type":"Feature","properties":{"id":"node/6288801277","name":"National Theatre","category":"public_transport=stop_position"},"geometry":{"type":"Point","coordinates":[3.3687333,6.4746109]}},{"type":"Feature","properties":{"id":"node/10777382247","name":"National Theatre","category":"public_transport=station"},"geometry":{"type":"Point","coordinates":[3.3688469,6.4747838]}},{"type":"Feature","properties":{"id":"node/639043269","name":"Mr Biggs","category":"amenity=fast_food"},"geometry":{"type":"Point","coordinates":[3.3565432,6.4898849]}},{"type":"Feature","properties":{"id":"node/639043270","name":"Bode Thomas Police Station","category":"amenity=police"},"geometry":{"type":"Point","coordinates":[3.3572033,6.4894158]}},{"type":"Feature","properties":{"id":"node/639043695","name":"GT Bank","category":"amenity=bank"},"geometry":{"type":"Point","coordinates":[3.3566774,6.4895627]}},{"type":"Feature","properties":{"id":"node/639049800","name":"","category":"amenity=bank"},"geometry":{"type":"Point","coordinates":[3.3565595,6.4895757]}},{"type":"Feature","properties":{"id":"node/12260658324","name":"Oyingbo","category":"public_transport=station"},"geometry":{"type":"Point","coordinates":[3.3814602,6.48343]}},{"type":"Feature","properties":{"id":"node/12260658325","name":"Oyingbo","category":"public_transport=stop_position"},"geometry":{"type":"Point","coordinates":[3.3815096,6.4834417]}},{"type":"Feature","properties":{"id":"node/12260658326","name":"Oyingbo","category":"public_transport=stop_position"},"geometry":{"type":"Point","coordinates":[3.3814112,6.4834105]}},{"type":"Feature","properties":{"id":"node/1513671687","name":"Sheraton School","category":"amenity=school"},"geometry":{"type":"Point","coordinates":[3.3754294,6.4873282]}},{"type":"Feature","properties":{"id":"node/1513671688","name":"Soro Montessori Nusery School","category":"amenity=school"},"geometry":{"type":"Point","coordinates":[3.3772247,6.4896556]}},{"type":"Feature","properties":{"id":"node/1513671691","name":"St. Saviours Nusery School Complex","category":"amenity=school"},"geometry":{"type":"Point","coordinates":[3.3763014,6.4892649]}},{"type":"Feature","properties":{"id":"node/7234390098","name":"FITC","category":"office=yes"},"geometry":{"type":"Point","coordinates":[3.3794267,6.4912394]}},{"type":"Feature","properties":{"id":"node/6887250412","name":"","category":"public_transport=platform"},"geometry":{"type":"Point","coordinates":[3.3828238,6.4712654]}},{"type":"Feature","properties":{"id":"node/6887250417","name":"","category":"public_transport=platform"},"geometry":{"type":"Point","coordinates":[3.3827562,6.4704852]}},{"type":"Feature","properties":{"id":"node/13749439598","name":"mainland iddo","category":"amenity=ferry_terminal"},"geometry":{"type":"Point","coordinates":[3.3845329,6.4705735]}},{"type":"Feature","properties":{"id":"node/4875180836","name":"Zenith PHC","category":"amenity=clinic"},"geometry":{"type":"Point","coordinates":[3.3901511,6.4653226]}},{"type":"Feature","properties":{"id":"node/13749439571","name":"white sand oyingbo","category":"amenity=ferry_terminal"},"geometry":{"type":"Point","coordinates":[3.3883303,6.4769088]}},{"type":"Feature","properties":{"id":"node/7234360265","name":"Pharmacy","category":"amenity=pharmacy"},"geometry":{"type":"Point","coordinates":[3.3880884,6.4900979]}},{"type":"Feature","properties":{"id":"node/6920320657","name":"QUEENS BRIDGE","category":"office=company"},"geometry":{"type":"Point","coordinates":[3.3630249,6.4927421]}},{"type":"Feature","properties":{"id":"node/1513671685","name":"Fourier International Montessori School","category":"amenity=school"},"geometry":{"type":"Point","coordinates":[3.3732238,6.4968417]}},{"type":"Feature","properties":{"id":"node/1513671693","name":"Trust Nusery and Primary School","category":"amenity=school"},"geometry":{"type":"Point","coordinates":[3.3736683,6.4947351]}},{"type":"Feature","properties":{"id":"node/1513671682","name":"Casino Cinema","category":"amenity=cinema"},"geometry":{"type":"Point","coordinates":[3.3801169,6.4973264]}},{"type":"Feature","properties":{"id":"node/1513671684","name":"Casino","category":"highway=bus_stop"},"geometry":{"type":"Point","coordinates":[3.3801169,6.4970901]}},{"type":"Feature","properties":{"id":"node/9932502817","name":"","category":"amenity=bank"},"geometry":{"type":"Point","coordinates":[3.3757771,6.492994]}},{"type":"Feature","properties":{"id":"node/9932503718","name":"","category":"amenity=place_of_worship"},"geometry":{"type":"Point","coordinates":[3.3759905,6.4944834]}},{"type":"Feature","properties":{"id":"node/9932504117","name":"","category":"amenity=fuel"},"geometry":{"type":"Point","coordinates":[3.3757771,6.4920986]}},{"type":"Feature","properties":{"id":"node/5712228222","name":"China Railway Construction Bridge Bureau","category":"office=yes"},"geometry":{"type":"Point","coordinates":[3.370838,6.5030123]}},{"type":"Feature","properties":{"id":"node/8851458966","name":"Ebute Metta","category":"public_transport=stop_position"},"geometry":{"type":"Point","coordinates":[3.3737104,6.5017742]}},{"type":"Feature","properties":{"id":"node/8851458967","name":"Ebute Metta","category":"public_transport=stop_position"},"geometry":{"type":"Point","coordinates":[3.3736608,6.5017566]}},{"type":"Feature","properties":{"id":"node/12260658320","name":"Mobolaji Johnson Station","category":"public_transport=station"},"geometry":{"type":"Point","coordinates":[3.3736846,6.5017657]}},{"type":"Feature","properties":{"id":"node/1513671680","name":"Alagomeji","category":"highway=bus_stop"},"geometry":{"type":"Point","coordinates":[3.3782136,6.5001473]}},{"type":"Feature","properties":{"id":"node/1513671686","name":"GT Bank","category":"amenity=bank"},"geometry":{"type":"Point","coordinates":[3.3792763,6.4979726]}},{"type":"Feature","properties":{"id":"node/1513671690","name":"Spencer","category":"highway=bus_stop"},"geometry":{"type":"Point","coordinates":[3.3774681,6.5021015]}},{"type":"Feature","properties":{"id":"node/3631633695","name":"Co-Creation Hub, Nigeria","category":"office=coworking"},"geometry":{"type":"Point","coordinates":[3.3778597,6.5042269]}},{"type":"Feature","properties":{"id":"node/3631633696","name":"CCA Lagos","category":"shop=art"},"geometry":{"type":"Point","coordinates":[3.3785608,6.5034495]}},{"type":"Feature","properties":{"id":"node/1423114429","name":"BRT Barracks","category":"public_transport=platform"},"geometry":{"type":"Point","coordinates":[3.3645844,6.5059942]}},{"type":"Feature","properties":{"id":"node/6919151216","name":"","category":"public_transport=station"},"geometry":{"type":"Point","coordinates":[3.3639822,6.5058662]}},{"type":"Feature","properties":{"id":"node/6919151222","name":"","category":"public_transport=station"},"geometry":{"type":"Point","coordinates":[3.3637306,6.5059957]}},{"type":"Feature","properties":{"id":"node/11925925662","name":"St Claire Specialist Clinic","category":"amenity=hospital"},"geometry":{"type":"Point","coordinates":[3.3596589,6.5157248]}},{"type":"Feature","properties":{"id":"node/11925925663","name":"VNusamin Clinic","category":"amenity=hospital"},"geometry":{"type":"Point","coordinates":[3.3602279,6.5153217]}},{"type":"Feature","properties":{"id":"node/11925925664","name":"A Aand A Medical Diagostic Center","category":"amenity=hospital"},"geometry":{"type":"Point","coordinates":[3.3561402,6.5147048]}},{"type":"Feature","properties":{"id":"node/4324109889","name":"Ozone Cinema","category":"amenity=cinema"},"geometry":{"type":"Point","coordinates":[3.3742837,6.5063209]}},{"type":"Feature","properties":{"id":"node/5781683230","name":"Cafe Neo","category":"amenity=cafe"},"geometry":{"type":"Point","coordinates":[3.3742223,6.5063862]}},{"type":"Feature","properties":{"id":"node/5781787336","name":"Domino","category":"shop=supermarket"},"geometry":{"type":"Point","coordinates":[3.3741433,6.5063761]}},{"type":"Feature","properties":{"id":"node/5781792095","name":"MTN","category":"office=telecommunication"},"geometry":{"type":"Point","coordinates":[3.3742846,6.5063447]}},{"type":"Feature","properties":{"id":"node/8957031048","name":"HealthPlus Pharmacy","category":"amenity=pharmacy"},"geometry":{"type":"Point","coordinates":[3.374251,6.5063686]}},{"type":"Feature","properties":{"id":"node/9400295717","name":"Lagos Presbyterian Church, Yaba","category":"amenity=place_of_worship"},"geometry":{"type":"Point","coordinates":[3.3702879,6.513289]}},{"type":"Feature","properties":{"id":"node/12260658327","name":"Yaba","category":"public_transport=stop_position"},"geometry":{"type":"Point","coordinates":[3.3699692,6.5114629]}},{"type":"Feature","properties":{"id":"node/12260658328","name":"Yaba","category":"public_transport=stop_position"},"geometry":{"type":"Point","coordinates":[3.3700274,6.5114757]}},{"type":"Feature","properties":{"id":"node/12260658329","name":"Yaba","category":"public_transport=station"},"geometry":{"type":"Point","coordinates":[3.3699982,6.5114693]}},{"type":"Feature","properties":{"id":"node/6973195670","name":"Ita baale","category":"amenity=fast_food"},"geometry":{"type":"Point","coordinates":[3.3875825,6.495898]}},{"type":"Feature","properties":{"id":"node/6976170685","name":"Nigeria Red Cross Society","category":"office=ngo"},"geometry":{"type":"Point","coordinates":[3.3821526,6.4934272]}},{"type":"Feature","properties":{"id":"node/6976631185","name":"Makoko police post","category":"amenity=police"},"geometry":{"type":"Point","coordinates":[3.3857543,6.4954088]}},{"type":"Feature","properties":{"id":"node/6976696685","name":"Ase jere market","category":"shop=seafood"},"geometry":{"type":"Point","coordinates":[3.3865416,6.4945002]}},{"type":"Feature","properties":{"id":"node/6988054364","name":"Migbewe 1 Town Hall","category":"amenity=townhall"},"geometry":{"type":"Point","coordinates":[3.3876575,6.4946571]}},{"type":"Feature","properties":{"id":"node/6988054372","name":"Doyisem Best Academy","category":"amenity=school"},"geometry":{"type":"Point","coordinates":[3.3875777,6.494686]}},{"type":"Feature","properties":{"id":"node/6988054373","name":"Makoko Dream Nursery School","category":"amenity=school"},"geometry":{"type":"Point","coordinates":[3.3881164,6.4957128]}},{"type":"Feature","properties":{"id":"node/6988249204","name":"Tailoring Shop","category":"shop=tailor"},"geometry":{"type":"Point","coordinates":[3.3878049,6.4958927]}},{"type":"Feature","properties":{"id":"node/6988249205","name":"Bar","category":"amenity=bar"},"geometry":{"type":"Point","coordinates":[3.3881907,6.4944084]}},{"type":"Feature","properties":{"id":"node/7376214199","name":"Clean Water","category":"amenity=drinking_water"},"geometry":{"type":"Point","coordinates":[3.3881906,6.4953821]}},{"type":"Feature","properties":{"id":"node/7376214205","name":"Clean Water","category":"amenity=drinking_water"},"geometry":{"type":"Point","coordinates":[3.38808,6.4953433]}},{"type":"Feature","properties":{"id":"node/7376214206","name":"Ita Baale, borehole","category":"amenity=drinking_water"},"geometry":{"type":"Point","coordinates":[3.3874933,6.4959233]}},{"type":"Feature","properties":{"id":"node/7376214208","name":"Clean Water","category":"amenity=drinking_water"},"geometry":{"type":"Point","coordinates":[3.3881976,6.4943386]}},{"type":"Feature","properties":{"id":"node/7376214209","name":"Ita Baale, borehole","category":"amenity=drinking_water"},"geometry":{"type":"Point","coordinates":[3.3875668,6.4959578]}},{"type":"Feature","properties":{"id":"node/7382717017","name":"Olountoba Central Mosque","category":"amenity=place_of_worship"},"geometry":{"type":"Point","coordinates":[3.3880765,6.4945599]}},{"type":"Feature","properties":{"id":"node/7382717020","name":"Catholic Church","category":"amenity=place_of_worship"},"geometry":{"type":"Point","coordinates":[3.3878056,6.4958279]}},{"type":"Feature","properties":{"id":"node/7382717021","name":"Celestial Church of Christ","category":"amenity=place_of_worship"},"geometry":{"type":"Point","coordinates":[3.3877183,6.4956733]}},{"type":"Feature","properties":{"id":"node/7382717022","name":"St Raphael Celestial Church of Christ","category":"amenity=place_of_worship"},"geometry":{"type":"Point","coordinates":[3.3873398,6.49463]}},{"type":"Feature","properties":{"id":"node/7382717023","name":"St. Andre Du Lac Catholic Church","category":"amenity=place_of_worship"},"geometry":{"type":"Point","coordinates":[3.3881482,6.4955341]}},{"type":"Feature","properties":{"id":"node/7382717024","name":"Celestial Church of Christ","category":"amenity=place_of_worship"},"geometry":{"type":"Point","coordinates":[3.3879006,6.4959211]}},{"type":"Feature","properties":{"id":"node/7382980148","name":"Balaa Aji's Palace","category":"office=administrative"},"geometry":{"type":"Point","coordinates":[3.387685,6.4947467]}},{"type":"Feature","properties":{"id":"node/6973195668","name":"Moyi Firewood Point","category":"shop=kitchen"},"geometry":{"type":"Point","coordinates":[3.3947399,6.4947346]}},{"type":"Feature","properties":{"id":"node/6973195672","name":"Djebete Bar","category":"amenity=bar"},"geometry":{"type":"Point","coordinates":[3.3940875,6.4939255]}},{"type":"Feature","properties":{"id":"node/6976537185","name":"Bayita Bilingual School","category":"amenity=kindergarten"},"geometry":{"type":"Point","coordinates":[3.3934814,6.494304]}},{"type":"Feature","properties":{"id":"node/6988054368","name":"Baale Towe Waste Collection Point","category":"amenity=waste_disposal"},"geometry":{"type":"Point","coordinates":[3.3890635,6.494744]}},{"type":"Feature","properties":{"id":"node/6988054370","name":"Whayinna Primary School","category":"amenity=school"},"geometry":{"type":"Point","coordinates":[3.3883093,6.4956426]}},{"type":"Feature","properties":{"id":"node/6988054371","name":"Makoko Dream Primary School","category":"amenity=school"},"geometry":{"type":"Point","coordinates":[3.3883804,6.4954037]}},{"type":"Feature","properties":{"id":"node/6988071162","name":"Bale Towe Town Hall","category":"amenity=townhall"},"geometry":{"type":"Point","coordinates":[3.3887513,6.4950688]}},{"type":"Feature","properties":{"id":"node/6988071163","name":"Patient Medicine Shop","category":"amenity=pharmacy"},"geometry":{"type":"Point","coordinates":[3.389105,6.4938677]}},{"type":"Feature","properties":{"id":"node/6988071164","name":"Minanghan Health Centre","category":"amenity=social_facility"},"geometry":{"type":"Point","coordinates":[3.3906656,6.4939383]}},{"type":"Feature","properties":{"id":"node/6988249200","name":"Phone Charging Shop","category":"amenity=charging_station"},"geometry":{"type":"Point","coordinates":[3.3937347,6.4952434]}},{"type":"Feature","properties":{"id":"node/6988249201","name":"Mou Dried Fire wood","category":"shop=convenience"},"geometry":{"type":"Point","coordinates":[3.3914495,6.4951962]}},{"type":"Feature","properties":{"id":"node/6988249202","name":"Hunger Henrieth Frozen Foods","category":"shop=butcher"},"geometry":{"type":"Point","coordinates":[3.3904134,6.4949919]}},{"type":"Feature","properties":{"id":"node/6988249203","name":"Dominic PlayStation House","category":"shop=video_games"},"geometry":{"type":"Point","coordinates":[3.3889434,6.4939768]}},{"type":"Feature","properties":{"id":"node/6988249206","name":"Cassava Mill","category":"man_made=works"},"geometry":{"type":"Point","coordinates":[3.3921534,6.4942429]}},{"type":"Feature","properties":{"id":"node/6988249209","name":"Dried Wood Vendor","category":"shop=convenience"},"geometry":{"type":"Point","coordinates":[3.3908012,6.4937855]}},{"type":"Feature","properties":{"id":"node/7376214198","name":"Clean Water","category":"amenity=drinking_water"},"geometry":{"type":"Point","coordinates":[3.3885316,6.494245]}},{"type":"Feature","properties":{"id":"node/7376214201","name":"Clean Water","category":"amenity=drinking_water"},"geometry":{"type":"Point","coordinates":[3.389155,6.493835]}},{"type":"Feature","properties":{"id":"node/7376214204","name":"Baale Aji Public water source","category":"amenity=drinking_water"},"geometry":{"type":"Point","coordinates":[3.3883414,6.4943065]}},{"type":"Feature","properties":{"id":"node/7376214207","name":"Clean Water","category":"amenity=drinking_water"},"geometry":{"type":"Point","coordinates":[3.3883579,6.4943563]}},{"type":"Feature","properties":{"id":"node/7382717015","name":"Olountooba Mosque","category":"amenity=place_of_worship"},"geometry":{"type":"Point","coordinates":[3.38823,6.494525]}},{"type":"Feature","properties":{"id":"node/7382717019","name":"Message of Christ into the End Time","category":"amenity=place_of_worship"},"geometry":{"type":"Point","coordinates":[3.3890117,6.4939127]}},{"type":"Feature","properties":{"id":"node/7382980145","name":"Baale Victor Kpanke Palace","category":"office=administrative"},"geometry":{"type":"Point","coordinates":[3.3889214,6.4959419]}},{"type":"Feature","properties":{"id":"node/4308250661","name":"","category":"amenity=atm"},"geometry":{"type":"Point","coordinates":[3.3858906,6.5041352]}},{"type":"Feature","properties":{"id":"node/4308308189","name":"Ade Bread","category":"shop=bakery"},"geometry":{"type":"Point","coordinates":[3.3851383,6.500888]}},{"type":"Feature","properties":{"id":"node/4313425389","name":"Makoko R/A Taxi Park","category":"amenity=car_rental"},"geometry":{"type":"Point","coordinates":[3.386877,6.499655]}},{"type":"Feature","properties":{"id":"node/4348744891","name":"RCCG","category":"amenity=place_of_worship"},"geometry":{"type":"Point","coordinates":[3.3848698,6.4998162]}},{"type":"Feature","properties":{"id":"node/4348744892","name":"CCC HQ","category":"amenity=place_of_worship"},"geometry":{"type":"Point","coordinates":[3.3866599,6.4981987]}},{"type":"Feature","properties":{"id":"node/4348789189","name":"Ayo Ni o","category":"amenity=place_of_worship"},"geometry":{"type":"Point","coordinates":[3.3824631,6.5025301]}},{"type":"Feature","properties":{"id":"node/4308307490","name":"Mfm HQ","category":"amenity=place_of_worship"},"geometry":{"type":"Point","coordinates":[3.3875129,6.5098571]}},{"type":"Feature","properties":{"id":"node/4394960000","name":"Onike R / A","category":"highway=bus_stop"},"geometry":{"type":"Point","coordinates":[3.383897,6.5095116]}},{"type":"Feature","properties":{"id":"node/9936977143","name":"ROYAL DIADEM CHAPEL INT'L","category":"amenity=place_of_worship"},"geometry":{"type":"Point","coordinates":[3.3849335,6.5110021]}},{"type":"Feature","properties":{"id":"node/13111316589","name":"Women Society Hall","category":"tourism=hostel"},"geometry":{"type":"Point","coordinates":[3.3931886,6.5109994]}},{"type":"Feature","properties":{"id":"node/13111316590","name":"Honors Hall","category":"tourism=hostel"},"geometry":{"type":"Point","coordinates":[3.3931463,6.5106482]}},{"type":"Feature","properties":{"id":"node/2451654576","name":"Wisdom Pronaos","category":"amenity=place_of_worship"},"geometry":{"type":"Point","coordinates":[3.3867937,6.5119212]}},{"type":"Feature","properties":{"id":"node/6122566937","name":"Faculty of Education","category":"office=university"},"geometry":{"type":"Point","coordinates":[3.3858999,6.5163778]}},{"type":"Feature","properties":{"id":"node/6122566938","name":"Saburi Biobaku Hall","category":"tourism=hostel"},"geometry":{"type":"Point","coordinates":[3.3872293,6.5151956]}},{"type":"Feature","properties":{"id":"node/6122566939","name":"Queen Amina Hall","category":"tourism=hostel"},"geometry":{"type":"Point","coordinates":[3.3856983,6.5152633]}},{"type":"Feature","properties":{"id":"node/6122566940","name":"Kofoworola Hall","category":"tourism=hostel"},"geometry":{"type":"Point","coordinates":[3.3868446,6.5155838]}},{"type":"Feature","properties":{"id":"node/10918408241","name":"Wema bank, UNILAG","category":"leisure=marina"},"geometry":{"type":"Point","coordinates":[3.3869234,6.5171916]}},{"type":"Feature","properties":{"id":"node/12205944698","name":"Cashx","category":"office=financial"},"geometry":{"type":"Point","coordinates":[3.3836483,6.511239]}},{"type":"Feature","properties":{"id":"node/6122566932","name":"Distance Learning Institute","category":"amenity=school"},"geometry":{"type":"Point","coordinates":[3.3926585,6.5119116]}},{"type":"Feature","properties":{"id":"node/6122566933","name":"Faculty of Social Sciences","category":"office=university"},"geometry":{"type":"Point","coordinates":[3.391074,6.5159432]}},{"type":"Feature","properties":{"id":"node/6122566934","name":"Department of Creative Arts","category":"office=university"},"geometry":{"type":"Point","coordinates":[3.3908332,6.5141932]}},{"type":"Feature","properties":{"id":"node/13111316587","name":"First Bank","category":"amenity=bank"},"geometry":{"type":"Point","coordinates":[3.3907735,6.5127916]}},{"type":"Feature","properties":{"id":"node/13111316588","name":"International School, Unilag","category":"amenity=school"},"geometry":{"type":"Point","coordinates":[3.3913478,6.5119755]}},{"type":"Feature","properties":{"id":"node/6104938229","name":"Moremi Hall","category":"tourism=hostel"},"geometry":{"type":"Point","coordinates":[3.3967698,6.5175094]}},{"type":"Feature","properties":{"id":"node/6121178177","name":"King Jaja Hall","category":"tourism=hostel"},"geometry":{"type":"Point","coordinates":[3.3980373,6.5162371]}},{"type":"Feature","properties":{"id":"node/6121748261","name":"Faculty of Science","category":"office=university"},"geometry":{"type":"Point","coordinates":[3.3993715,6.5152482]}},{"type":"Feature","properties":{"id":"node/6124747894","name":"Julius Berger Hall","category":"office=university"},"geometry":{"type":"Point","coordinates":[3.4002085,6.5173997]}},{"type":"Feature","properties":{"id":"node/13111316582","name":"GT Bank","category":"amenity=bank"},"geometry":{"type":"Point","coordinates":[3.3978353,6.5171228]}},{"type":"Feature","properties":{"id":"node/13111316586","name":"Moremi hall","category":"tourism=hostel"},"geometry":{"type":"Point","coordinates":[3.3967576,6.5175159]}},{"type":"Feature","properties":{"id":"node/4750411024","name":"Banana Island Patisserie","category":"amenity=restaurant"},"geometry":{"type":"Point","coordinates":[3.453074,6.465945]}},{"type":"Feature","properties":{"id":"node/12814049769","name":"Kirikiri","category":"amenity=ferry_terminal"},"geometry":{"type":"Point","coordinates":[3.4357618,6.4891958]}},{"type":"Feature","properties":{"id":"node/12837008273","name":"The Liquor Store","category":"amenity=nightclub"},"geometry":{"type":"Point","coordinates":[3.4857093,6.4226822]}},{"type":"Feature","properties":{"id":"node/6644089421","name":"Kudi","category":"office=company"},"geometry":{"type":"Point","coordinates":[3.4604237,6.4266602]}},{"type":"Feature","properties":{"id":"node/5194462785","name":"","category":"highway=bus_stop"},"geometry":{"type":"Point","coordinates":[3.4670081,6.4305929]}},{"type":"Feature","properties":{"id":"node/5194462786","name":"","category":"highway=bus_stop"},"geometry":{"type":"Point","coordinates":[3.4669598,6.4309154]}},{"type":"Feature","properties":{"id":"node/5194462787","name":"","category":"highway=bus_stop"},"geometry":{"type":"Point","coordinates":[3.4700022,6.4309502]}},{"type":"Feature","properties":{"id":"node/5194462788","name":"","category":"highway=bus_stop"},"geometry":{"type":"Point","coordinates":[3.4702002,6.4313941]}},{"type":"Feature","properties":{"id":"node/12020579958","name":"desector pub & restaurant","category":"amenity=restaurant"},"geometry":{"type":"Point","coordinates":[3.477668,6.4310093]}},{"type":"Feature","properties":{"id":"node/5194462789","name":"Ikate","category":"highway=bus_stop"},"geometry":{"type":"Point","coordinates":[3.4810817,6.4329767]}},{"type":"Feature","properties":{"id":"node/5194462790","name":"Ikate","category":"highway=bus_stop"},"geometry":{"type":"Point","coordinates":[3.4811464,6.432643]}},{"type":"Feature","properties":{"id":"node/5194462791","name":"","category":"highway=bus_stop"},"geometry":{"type":"Point","coordinates":[3.4832569,6.4332951]}},{"type":"Feature","properties":{"id":"node/5194462792","name":"","category":"highway=bus_stop"},"geometry":{"type":"Point","coordinates":[3.4833216,6.4329675]}},{"type":"Feature","properties":{"id":"node/11384633104","name":"BeautybyAD","category":"shop=beauty"},"geometry":{"type":"Point","coordinates":[3.4808976,6.4356119]}},{"type":"Feature","properties":{"id":"node/5194462793","name":"Chisco","category":"highway=bus_stop"},"geometry":{"type":"Point","coordinates":[3.4898773,6.4342716]}},{"type":"Feature","properties":{"id":"node/5194462794","name":"Chisco","category":"highway=bus_stop"},"geometry":{"type":"Point","coordinates":[3.4899256,6.4339385]}},{"type":"Feature","properties":{"id":"node/5194462796","name":"","category":"highway=bus_stop"},"geometry":{"type":"Point","coordinates":[3.4921089,6.4345888]}},{"type":"Feature","properties":{"id":"node/5194462797","name":"","category":"public_transport=platform"},"geometry":{"type":"Point","coordinates":[3.4921411,6.4341877]}},{"type":"Feature","properties":{"id":"node/9651566344","name":"Pills & Tabs","category":"amenity=pharmacy"},"geometry":{"type":"Point","coordinates":[3.4894435,6.4362155]}},{"type":"Feature","properties":{"id":"node/9651566345","name":"Jackyo Interiors","category":"shop=interior_decoration"},"geometry":{"type":"Point","coordinates":[3.4896731,6.4361971]}},{"type":"Feature","properties":{"id":"node/9651566346","name":"Kendux Laundry","category":"shop=laundry"},"geometry":{"type":"Point","coordinates":[3.4897891,6.4362132]}},{"type":"Feature","properties":{"id":"node/9651566348","name":"Chez Josephine","category":"amenity=kindergarten"},"geometry":{"type":"Point","coordinates":[3.4898537,6.4362245]}},{"type":"Feature","properties":{"id":"node/9651566349","name":"The Apostolic Church Nigeria","category":"amenity=place_of_worship"},"geometry":{"type":"Point","coordinates":[3.4902644,6.4362385]}},{"type":"Feature","properties":{"id":"node/9651566350","name":"Family Affair Beauty Salon and Spa","category":"shop=beauty"},"geometry":{"type":"Point","coordinates":[3.4906197,6.4362627]}},{"type":"Feature","properties":{"id":"node/5194462798","name":"","category":"highway=bus_stop"},"geometry":{"type":"Point","coordinates":[3.5018694,6.4360286]}},{"type":"Feature","properties":{"id":"node/5194462799","name":"","category":"highway=bus_stop"},"geometry":{"type":"Point","coordinates":[3.5019341,6.4356857]}},{"type":"Feature","properties":{"id":"node/5194462800","name":"","category":"highway=bus_stop"},"geometry":{"type":"Point","coordinates":[3.5039337,6.4363409]}},{"type":"Feature","properties":{"id":"node/7116862051","name":"Stories Lagos","category":"amenity=restaurant"},"geometry":{"type":"Point","coordinates":[3.4604906,6.4404064]}},{"type":"Feature","properties":{"id":"node/12003373139","name":"ONPOINT CLOTHING","category":"shop=clothes"},"geometry":{"type":"Point","coordinates":[3.4661164,6.4398938]}},{"type":"Feature","properties":{"id":"node/5485527530","name":"Hans & Rene","category":"amenity=ice_cream"},"geometry":{"type":"Point","coordinates":[3.471274,6.4394363]}},{"type":"Feature","properties":{"id":"node/11998537311","name":"315 Travel and tours limited","category":"shop=travel_agency"},"geometry":{"type":"Point","coordinates":[3.4669599,6.4415936]}},{"type":"Feature","properties":{"id":"node/13039092014","name":"Kachi\u2019s kitchen","category":"amenity=restaurant"},"geometry":{"type":"Point","coordinates":[3.4729848,6.4428561]}},{"type":"Feature","properties":{"id":"node/13151005894","name":"Sonmade luxury ( Stitches )","category":"shop=clothes"},"geometry":{"type":"Point","coordinates":[3.4705734,6.4427524]}},{"type":"Feature","properties":{"id":"node/8920097433","name":"Circa NonPareil","category":"amenity=restaurant"},"geometry":{"type":"Point","coordinates":[3.4643371,6.4474575]}},{"type":"Feature","properties":{"id":"node/1523336782","name":"Tantalizers","category":"amenity=fast_food"},"geometry":{"type":"Point","coordinates":[3.4706901,6.4482173]}},{"type":"Feature","properties":{"id":"node/4193738457","name":"Forte oil","category":"amenity=fuel"},"geometry":{"type":"Point","coordinates":[3.4705923,6.4480234]}},{"type":"Feature","properties":{"id":"node/6727565385","name":"The Bunker","category":"office=coworking"},"geometry":{"type":"Point","coordinates":[3.4709585,6.448995]}},{"type":"Feature","properties":{"id":"node/7424609861","name":"Electromart Lekki","category":"shop=electronics"},"geometry":{"type":"Point","coordinates":[3.469423,6.4476229]}},{"type":"Feature","properties":{"id":"node/7424609862","name":"Lagos Tea House","category":"amenity=cafe"},"geometry":{"type":"Point","coordinates":[3.4692881,6.4475916]}},{"type":"Feature","properties":{"id":"node/11787180458","name":"HighFashionByJol","category":"shop=clothes"},"geometry":{"type":"Point","coordinates":[3.4712972,6.4456284]}},{"type":"Feature","properties":{"id":"node/12198546248","name":"Olive Spa","category":"shop=beauty"},"geometry":{"type":"Point","coordinates":[3.4708376,6.451359]}},{"type":"Feature","properties":{"id":"node/11961097798","name":"SAINT LUXURY","category":"shop=clothes"},"geometry":{"type":"Point","coordinates":[3.4773688,6.4424252]}},{"type":"Feature","properties":{"id":"node/12038032490","name":"House One Lekki","category":"tourism=guest_house"},"geometry":{"type":"Point","coordinates":[3.4756966,6.4419285]}},{"type":"Feature","properties":{"id":"node/12138718152","name":"JD BATHROOM & ACCESSORIES","category":"shop=bathroom_furnishing"},"geometry":{"type":"Point","coordinates":[3.4750656,6.4438879]}},{"type":"Feature","properties":{"id":"node/13039060070","name":"VICTORIOUS YUTE","category":"shop=clothes"},"geometry":{"type":"Point","coordinates":[3.4738672,6.4428978]}},{"type":"Feature","properties":{"id":"node/13353371939","name":"Spaland","category":"shop=beauty"},"geometry":{"type":"Point","coordinates":[3.4750843,6.4423436]}},{"type":"Feature","properties":{"id":"node/13810944262","name":"Mall","category":"shop=mall"},"geometry":{"type":"Point","coordinates":[3.4811944,6.4433034]}},{"type":"Feature","properties":{"id":"node/13810944263","name":"Bolien Mall","category":"shop=mall"},"geometry":{"type":"Point","coordinates":[3.4811999,6.4433183]}},{"type":"Feature","properties":{"id":"node/5439822921","name":"Sshhh lingerie","category":"shop=clothes"},"geometry":{"type":"Point","coordinates":[3.4767175,6.44802]}},{"type":"Feature","properties":{"id":"node/5439823021","name":"Trouvai Lingerie","category":"shop=clothes"},"geometry":{"type":"Point","coordinates":[3.4757445,6.4480836]}},{"type":"Feature","properties":{"id":"node/7887759749","name":"Emirastouch Salon And Studio","category":"shop=hairdresser"},"geometry":{"type":"Point","coordinates":[3.473689,6.4475207]}},{"type":"Feature","properties":{"id":"node/13674737174","name":"GreyBoulders","category":"office=company"},"geometry":{"type":"Point","coordinates":[3.4766571,6.4498547]}},{"type":"Feature","properties":{"id":"node/5649292359","name":"The Harvest Lagos","category":"amenity=restaurant"},"geometry":{"type":"Point","coordinates":[3.4802583,6.4481758]}},{"type":"Feature","properties":{"id":"node/12071626739","name":"ZTTWSHOP","category":"shop=clothes"},"geometry":{"type":"Point","coordinates":[3.470567,6.4525362]}},{"type":"Feature","properties":{"id":"node/11455141093","name":"Zeina Suites","category":"leisure=hotel"},"geometry":{"type":"Point","coordinates":[3.4787838,6.4528469]}},{"type":"Feature","properties":{"id":"node/5194462801","name":"","category":"public_transport=platform"},"geometry":{"type":"Point","coordinates":[3.5044969,6.4425184]}},{"type":"Feature","properties":{"id":"node/7443645135","name":"","category":"public_transport=stop_position"},"geometry":{"type":"Point","coordinates":[3.3625245,6.5239425]}},{"type":"Feature","properties":{"id":"node/7443645136","name":"","category":"public_transport=stop_position"},"geometry":{"type":"Point","coordinates":[3.3621141,6.523804]}},{"type":"Feature","properties":{"id":"node/11535170607","name":"Fadeyi Bus Stop","category":"public_transport=platform"},"geometry":{"type":"Point","coordinates":[3.3673769,6.5232544]}},{"type":"Feature","properties":{"id":"node/11926103974","name":"Jag-Bon Medical Center","category":"amenity=hospital"},"geometry":{"type":"Point","coordinates":[3.367095,6.520313]}},{"type":"Feature","properties":{"id":"node/11926103975","name":"Bm Hospital","category":"amenity=hospital"},"geometry":{"type":"Point","coordinates":[3.3648741,6.5211258]}},{"type":"Feature","properties":{"id":"node/7317242741","name":"Ecobank","category":"amenity=bank"},"geometry":{"type":"Point","coordinates":[3.3611718,6.5251316]}},{"type":"Feature","properties":{"id":"node/10857613506","name":"Deeper Life Bible Church (Abiodun district)","category":"amenity=place_of_worship"},"geometry":{"type":"Point","coordinates":[3.3593839,6.5298168]}},{"type":"Feature","properties":{"id":"node/11926018050","name":"Regina Mundi Catholic Hospital","category":"amenity=hospital"},"geometry":{"type":"Point","coordinates":[3.3555561,6.5272869]}},{"type":"Feature","properties":{"id":"node/11926018053","name":"Tolajide Health Centre","category":"amenity=hospital"},"geometry":{"type":"Point","coordinates":[3.3567122,6.5289577]}},{"type":"Feature","properties":{"id":"node/11926103971","name":"Redeemtion Medical Clinic","category":"amenity=hospital"},"geometry":{"type":"Point","coordinates":[3.3585763,6.5288085]}},{"type":"Feature","properties":{"id":"node/11926103972","name":"Continental Hospital And Maternity Home","category":"amenity=hospital"},"geometry":{"type":"Point","coordinates":[3.3587185,6.5281423]}},{"type":"Feature","properties":{"id":"node/1423114432","name":"Fadeyi Bus Stop","category":"public_transport=platform"},"geometry":{"type":"Point","coordinates":[3.3676887,6.5249219]}},{"type":"Feature","properties":{"id":"node/8047877175","name":"Yhoko Musical Instrument Store","category":"shop=musical_instrument"},"geometry":{"type":"Point","coordinates":[3.367091,6.5287113]}},{"type":"Feature","properties":{"id":"node/11926103973","name":"Kajla Primary Health Center","category":"amenity=hospital"},"geometry":{"type":"Point","coordinates":[3.3657673,6.5271457]}},{"type":"Feature","properties":{"id":"node/9400270517","name":"WAEC office, Yaba","category":"office=government"},"geometry":{"type":"Point","coordinates":[3.3717755,6.5197988]}},{"type":"Feature","properties":{"id":"node/9400295917","name":"FirstBank Nig. Plc","category":"amenity=bank"},"geometry":{"type":"Point","coordinates":[3.3711594,6.5209857]}},{"type":"Feature","properties":{"id":"node/9321175417","name":"Polaris Bank","category":"amenity=bank"},"geometry":{"type":"Point","coordinates":[3.3751071,6.5279381]}},{"type":"Feature","properties":{"id":"node/9717326117","name":"Bajulaye Police Post","category":"amenity=police"},"geometry":{"type":"Point","coordinates":[3.3763331,6.5270258]}},{"type":"Feature","properties":{"id":"node/9717332817","name":"Ibidapo Sanwo-Olu Health Centre","category":"amenity=health_centre"},"geometry":{"type":"Point","coordinates":[3.3765735,6.5270278]}},{"type":"Feature","properties":{"id":"node/13007074301","name":"Tizeti HQ Test Address","category":"amenity=internet_cafe"},"geometry":{"type":"Point","coordinates":[3.3792,6.5244]}},{"type":"Feature","properties":{"id":"node/11926018062","name":"Heritage Hospital","category":"amenity=hospital"},"geometry":{"type":"Point","coordinates":[3.3562991,6.5335679]}},{"type":"Feature","properties":{"id":"node/12260658330","name":"Mushin","category":"public_transport=station"},"geometry":{"type":"Point","coordinates":[3.3614254,6.5324821]}},{"type":"Feature","properties":{"id":"node/12260658332","name":"Mushin","category":"public_transport=stop_position"},"geometry":{"type":"Point","coordinates":[3.361409,6.5324712]}},{"type":"Feature","properties":{"id":"node/12260658333","name":"Mushin","category":"public_transport=stop_position"},"geometry":{"type":"Point","coordinates":[3.3614435,6.5324877]}},{"type":"Feature","properties":{"id":"node/11926103969","name":"Kayode Health Center Onipanu","category":"amenity=hospital"},"geometry":{"type":"Point","coordinates":[3.3646367,6.5326059]}},{"type":"Feature","properties":{"id":"node/11926103970","name":"Legus Specialist Hospital","category":"amenity=hospital"},"geometry":{"type":"Point","coordinates":[3.3658692,6.5307818]}},{"type":"Feature","properties":{"id":"node/11925999039","name":"Crusaints Hospital","category":"amenity=hospital"},"geometry":{"type":"Point","coordinates":[3.359904,6.5425148]}},{"type":"Feature","properties":{"id":"node/1423114427","name":"BRT Palmgrove","category":"public_transport=platform"},"geometry":{"type":"Point","coordinates":[3.3674144,6.5417787]}},{"type":"Feature","properties":{"id":"node/11926018051","name":"Rally Hospital","category":"amenity=hospital"},"geometry":{"type":"Point","coordinates":[3.3624615,6.5414382]}},{"type":"Feature","properties":{"id":"node/11926018052","name":"Ultima Medical Hospital","category":"amenity=hospital"},"geometry":{"type":"Point","coordinates":[3.3666913,6.5405376]}},{"type":"Feature","properties":{"id":"node/11926018054","name":"Mojide Specialist Hospital","category":"amenity=hospital"},"geometry":{"type":"Point","coordinates":[3.3640051,6.5392252]}},{"type":"Feature","properties":{"id":"node/11926018055","name":"Fafty Clinic","category":"amenity=hospital"},"geometry":{"type":"Point","coordinates":[3.3634472,6.5389614]}},{"type":"Feature","properties":{"id":"node/11926018056","name":"Omo Medical Health Center","category":"amenity=hospital"},"geometry":{"type":"Point","coordinates":[3.3637798,6.5388068]}},{"type":"Feature","properties":{"id":"node/7843612337","name":"Access Bank","category":"amenity=bank"},"geometry":{"type":"Point","coordinates":[3.3808872,6.5330755]}},{"type":"Feature","properties":{"id":"node/14250067701","name":"Wonuola baby shop","category":"shop=baby_goods"},"geometry":{"type":"Point","coordinates":[3.3774095,6.5341065]}},{"type":"Feature","properties":{"id":"node/6122566936","name":"Faculty of Environmental Sciences","category":"office=university"},"geometry":{"type":"Point","coordinates":[3.3872786,6.5178903]}},{"type":"Feature","properties":{"id":"node/7005551085","name":"Chicken Republic","category":"amenity=fast_food"},"geometry":{"type":"Point","coordinates":[3.3870555,6.5292437]}},{"type":"Feature","properties":{"id":"node/6121114159","name":"Lagoon Front Resort","category":"leisure=beach_resort"},"geometry":{"type":"Point","coordinates":[3.4009925,6.5192733]}},{"type":"Feature","properties":{"id":"node/6121119459","name":"Faculty of Engineering","category":"office=university"},"geometry":{"type":"Point","coordinates":[3.3996475,6.5177976]}},{"type":"Feature","properties":{"id":"node/6121187825","name":"Mariere Hall","category":"tourism=hostel"},"geometry":{"type":"Point","coordinates":[3.3980559,6.5180142]}},{"type":"Feature","properties":{"id":"node/6122513909","name":"Civil Engineering Hydraulic Basin","category":"amenity=school"},"geometry":{"type":"Point","coordinates":[3.3972197,6.5194205]}},{"type":"Feature","properties":{"id":"node/6122566943","name":"Unilag Main Library","category":"amenity=library"},"geometry":{"type":"Point","coordinates":[3.3998117,6.5201116]}},{"type":"Feature","properties":{"id":"node/6122566944","name":"Department of Architecture","category":"office=university"},"geometry":{"type":"Point","coordinates":[3.4001426,6.5183025]}},{"type":"Feature","properties":{"id":"node/6122566945","name":"United Bank of Africa","category":"amenity=bank"},"geometry":{"type":"Point","coordinates":[3.3996787,6.5197506]}},{"type":"Feature","properties":{"id":"node/6122566946","name":"Faculty of Law","category":"office=university"},"geometry":{"type":"Point","coordinates":[3.3989719,6.5205218]}},{"type":"Feature","properties":{"id":"node/6122566947","name":"Faculty of Management Sciences","category":"office=university"},"geometry":{"type":"Point","coordinates":[3.3995784,6.5206861]}},{"type":"Feature","properties":{"id":"node/6124752173","name":"Odukoya Reasearch Laboratory","category":"office=university"},"geometry":{"type":"Point","coordinates":[3.3984739,6.5175839]}},{"type":"Feature","properties":{"id":"node/10862325172","name":"UBA ATM stand Unilag branch","category":"amenity=fixme"},"geometry":{"type":"Point","coordinates":[3.3981198,6.5194321]}},{"type":"Feature","properties":{"id":"node/10922129854","name":"Coca-Cola Moremi Hall Garden, Unilag.","category":"amenity=fixme"},"geometry":{"type":"Point","coordinates":[3.3952673,6.5181424]}},{"type":"Feature","properties":{"id":"node/10944351243","name":"Senate Building, University of Lagos","category":"amenity=fixme"},"geometry":{"type":"Point","coordinates":[3.3987554,6.5197031]}},{"type":"Feature","properties":{"id":"node/10944364898","name":"Love Garden, UNILAG","category":"amenity=fixme"},"geometry":{"type":"Point","coordinates":[3.3985538,6.5198675]}},{"type":"Feature","properties":{"id":"node/13023896283","name":"Faculty of Art Unilag","category":"amenity=school"},"geometry":{"type":"Point","coordinates":[3.3978209,6.5198069]}},{"type":"Feature","properties":{"id":"node/13024020870","name":"EcoBank, Unilag Branch.","category":"amenity=bank"},"geometry":{"type":"Point","coordinates":[3.3972973,6.5186599]}},{"type":"Feature","properties":{"id":"node/13092338354","name":"yamoriah","category":"amenity=restaurant"},"geometry":{"type":"Point","coordinates":[3.3980219,6.5198884]}},{"type":"Feature","properties":{"id":"node/13111316584","name":"Mariere Hall","category":"tourism=hostel"},"geometry":{"type":"Point","coordinates":[3.3980444,6.5179456]}},{"type":"Feature","properties":{"id":"node/13111316585","name":"Moremi extension","category":"tourism=hostel"},"geometry":{"type":"Point","coordinates":[3.396667,6.5177063]}},{"type":"Feature","properties":{"id":"node/6274678046","name":"Ilaje Waterfront Jetty Terminal Bariga","category":"amenity=ferry_terminal"},"geometry":{"type":"Point","coordinates":[3.4000365,6.5283141]}},{"type":"Feature","properties":{"id":"node/10604029905","name":"Ilaje-Bariga","category":"amenity=building"},"geometry":{"type":"Point","coordinates":[3.3998889,6.5265931]}},{"type":"Feature","properties":{"id":"node/12814706577","name":"Bariga Waterfront","category":"amenity=ferry_terminal"},"geometry":{"type":"Point","coordinates":[3.3999032,6.528356]}},{"type":"Feature","properties":{"id":"node/13022889383","name":"bokku MART","category":"shop=bakery"},"geometry":{"type":"Point","coordinates":[3.3872161,6.5372678]}},{"type":"Feature","properties":{"id":"node/11925999040","name":"Iyalode Bisoye","category":"amenity=hospital"},"geometry":{"type":"Point","coordinates":[3.359617,6.5453501]}},{"type":"Feature","properties":{"id":"node/11925999041","name":"Nidus Aquilae","category":"amenity=hospital"},"geometry":{"type":"Point","coordinates":[3.3611874,6.546773]}},{"type":"Feature","properties":{"id":"node/11925999042","name":"Grace Springs Med Clinic","category":"amenity=hospital"},"geometry":{"type":"Point","coordinates":[3.361343,6.5466145]}},{"type":"Feature","properties":{"id":"node/11925999043","name":"Coker Primary Health Center","category":"amenity=hospital"},"geometry":{"type":"Point","coordinates":[3.3616461,6.5485278]}},{"type":"Feature","properties":{"id":"node/11925999044","name":"May Hospital Ilupeju","category":"amenity=hospital"},"geometry":{"type":"Point","coordinates":[3.359448,6.5483386]}},{"type":"Feature","properties":{"id":"node/11925999045","name":"Mary Anne Med Clinic","category":"amenity=hospital"},"geometry":{"type":"Point","coordinates":[3.3597913,6.5488155]}},{"type":"Feature","properties":{"id":"node/1423114428","name":"BRT Obanikoro","category":"public_transport=platform"},"geometry":{"type":"Point","coordinates":[3.367578,6.5465534]}},{"type":"Feature","properties":{"id":"node/3551286011","name":"Rave TV Channel","category":"man_made=communications_tower"},"geometry":{"type":"Point","coordinates":[3.3601554,6.5525829]}},{"type":"Feature","properties":{"id":"node/11235625032","name":"Spice And Grill","category":"amenity=restaurant"},"geometry":{"type":"Point","coordinates":[3.3599815,6.551661]}},{"type":"Feature","properties":{"id":"node/11925999046","name":"Ufoma Specialist Hospital","category":"amenity=hospital"},"geometry":{"type":"Point","coordinates":[3.3603492,6.5506195]}},{"type":"Feature","properties":{"id":"node/11925999047","name":"Sharon Clinic","category":"amenity=hospital"},"geometry":{"type":"Point","coordinates":[3.3603385,6.553618]}},{"type":"Feature","properties":{"id":"node/6034123141","name":"Andela","category":"office=yes"},"geometry":{"type":"Point","coordinates":[3.3663303,6.5538206]}},{"type":"Feature","properties":{"id":"node/6967079752","name":"5 Mutual","category":"office=insurance"},"geometry":{"type":"Point","coordinates":[3.3664437,6.55347]}},{"type":"Feature","properties":{"id":"node/6967079757","name":"JKK","category":"office=company"},"geometry":{"type":"Point","coordinates":[3.3663781,6.552746]}},{"type":"Feature","properties":{"id":"node/6967175682","name":"Consolidated Hallmark Insurance","category":"office=insurance"},"geometry":{"type":"Point","coordinates":[3.3674959,6.5511566]}},{"type":"Feature","properties":{"id":"node/6967175683","name":"Fidson","category":"office=company"},"geometry":{"type":"Point","coordinates":[3.3675046,6.5515718]}},{"type":"Feature","properties":{"id":"node/6967180488","name":"Mobil","category":"amenity=fuel"},"geometry":{"type":"Point","coordinates":[3.3673677,6.5531341]}},{"type":"Feature","properties":{"id":"node/6967180497","name":"Mobil Mart","category":"shop=convenience"},"geometry":{"type":"Point","coordinates":[3.3674374,6.5531002]}},{"type":"Feature","properties":{"id":"node/6967180546","name":"Sterling Assurance","category":"office=insurance"},"geometry":{"type":"Point","coordinates":[3.3673141,6.5545132]}},{"type":"Feature","properties":{"id":"node/9116720400","name":"Toptech Engineering Ltd","category":"office=company"},"geometry":{"type":"Point","coordinates":[3.3750269,6.5497975]}},{"type":"Feature","properties":{"id":"node/7213615108","name":"Access ATM","category":"amenity=atm"},"geometry":{"type":"Point","coordinates":[3.3787514,6.5529885]}},{"type":"Feature","properties":{"id":"node/5241138913","name":"Bonjour Bakery","category":"amenity=restaurant"},"geometry":{"type":"Point","coordinates":[3.3875082,6.5494966]}},{"type":"Feature","properties":{"id":"node/9938771491","name":"Burger King","category":"amenity=fast_food"},"geometry":{"type":"Point","coordinates":[3.3876489,6.5483888]}},{"type":"Feature","properties":{"id":"node/11950011145","name":"","category":"amenity=place_of_worship"},"geometry":{"type":"Point","coordinates":[3.3885405,6.5547109]}},{"type":"Feature","properties":{"id":"node/6275791800","name":"Oworonsoki Jetty","category":"amenity=ferry_terminal"},"geometry":{"type":"Point","coordinates":[3.4072016,6.5479311]}},{"type":"Feature","properties":{"id":"node/12814051351","name":"Offin, Ikorodu","category":"amenity=ferry_terminal"},"geometry":{"type":"Point","coordinates":[3.5008848,6.5393678]}},{"type":"Feature","properties":{"id":"node/13749481259","name":"ibeshe/thesaurus ferry terminal","category":"amenity=ferry_terminal"},"geometry":{"type":"Point","coordinates":[3.4728736,6.5523893]}},{"type":"Feature","properties":{"id":"way/434338035","name":"Sea School","category":"amenity=school"},"geometry":{"type":"Point","coordinates":[3.3497619,6.4291151]}},{"type":"Feature","properties":{"id":"way/826320802","name":"St Charles Clinic","category":"amenity=clinic"},"geometry":{"type":"Point","coordinates":[3.3286882,6.4486042]}},{"type":"Feature","properties":{"id":"way/888425357","name":"Abbey Medical Centre","category":"amenity=hospital"},"geometry":{"type":"Point","coordinates":[3.3370055,6.4474224]}},{"type":"Feature","properties":{"id":"way/746662239","name":"Boundary Market","category":"amenity=marketplace"},"geometry":{"type":"Point","coordinates":[3.3521768,6.4539215]}},{"type":"Feature","properties":{"id":"way/784949580","name":"Market","category":"amenity=marketplace"},"geometry":{"type":"Point","coordinates":[3.3444975,6.4581884]}},{"type":"Feature","properties":{"id":"way/786992203","name":"Market","category":"amenity=marketplace"},"geometry":{"type":"Point","coordinates":[3.3501398,6.4693884]}},{"type":"Feature","properties":{"id":"way/803349307","name":"St. Luke\u00c3\u00a2\u00c2\u20ac\u00c2\u02dcs medical center","category":"amenity=hospital"},"geometry":{"type":"Point","coordinates":[3.3299951,6.4978539]}},{"type":"Feature","properties":{"id":"way/790593196","name":"Fountain Heights Secondary School","category":"amenity=school"},"geometry":{"type":"Point","coordinates":[3.3491526,6.4939617]}},{"type":"Feature","properties":{"id":"way/707848334","name":"Lagos University Teaching Hospital","category":"amenity=hospital"},"geometry":{"type":"Point","coordinates":[3.3558835,6.5180383]}},{"type":"Feature","properties":{"id":"way/790773375","name":"Good News Baptist Church","category":"amenity=place_of_worship"},"geometry":{"type":"Point","coordinates":[3.3488985,6.5066705]}},{"type":"Feature","properties":{"id":"way/568367647","name":"Swiss International D' Palms Airport Hotel","category":"tourism=hotel"},"geometry":{"type":"Point","coordinates":[3.3268589,6.5424715]}},{"type":"Feature","properties":{"id":"way/500786058","name":"Lagos State Polytechnic","category":"amenity=university"},"geometry":{"type":"Point","coordinates":[3.3338608,6.5294947]}},{"type":"Feature","properties":{"id":"way/1257532723","name":"Anwar-ul-Islam Islamic Movement","category":"amenity=place_of_worship"},"geometry":{"type":"Point","coordinates":[3.3414783,6.5263685]}},{"type":"Feature","properties":{"id":"way/735006423","name":"Ladipo Market","category":"amenity=marketplace"},"geometry":{"type":"Point","coordinates":[3.3417883,6.5441774]}},{"type":"Feature","properties":{"id":"way/783485132","name":"Access Bank","category":"amenity=bank"},"geometry":{"type":"Point","coordinates":[3.3520176,6.5340966]}},{"type":"Feature","properties":{"id":"way/783485135","name":"Total","category":"amenity=fuel"},"geometry":{"type":"Point","coordinates":[3.3531664,6.5358001]}},{"type":"Feature","properties":{"id":"way/783485138","name":"Mobil","category":"amenity=fuel"},"geometry":{"type":"Point","coordinates":[3.3552083,6.5400402]}},{"type":"Feature","properties":{"id":"way/568367652","name":"Welcome Centre Hotels","category":"tourism=hotel"},"geometry":{"type":"Point","coordinates":[3.3273775,6.5540533]}},{"type":"Feature","properties":{"id":"way/568367653","name":"Royal View Hotel and Suites","category":"tourism=hotel"},"geometry":{"type":"Point","coordinates":[3.3278014,6.5544894]}},{"type":"Feature","properties":{"id":"way/783261681","name":"Isolo Fire Station","category":"amenity=fire_station"},"geometry":{"type":"Point","coordinates":[3.3365796,6.5461364]}},{"type":"Feature","properties":{"id":"way/568367648","name":"Ibis Hotel Lagos Airport","category":"tourism=hotel"},"geometry":{"type":"Point","coordinates":[3.3297213,6.5509674]}},{"type":"Feature","properties":{"id":"way/560564784","name":"Golden Tulip Essential Airport Hotel Lagos","category":"tourism=hotel"},"geometry":{"type":"Point","coordinates":[3.3300808,6.5523152]}},{"type":"Feature","properties":{"id":"way/560564785","name":"Max Royal Hotel & Suites","category":"tourism=hotel"},"geometry":{"type":"Point","coordinates":[3.3295879,6.5524776]}},{"type":"Feature","properties":{"id":"way/686906483","name":"Mountain of Fire Miracle Ministeries","category":"amenity=place_of_worship"},"geometry":{"type":"Point","coordinates":[3.3412472,6.5522702]}},{"type":"Feature","properties":{"id":"way/742327210","name":"Afariogun Primary school","category":"amenity=school"},"geometry":{"type":"Point","coordinates":[3.3395374,6.5531429]}},{"type":"Feature","properties":{"id":"way/707253868","name":"Digital Bridge Institute","category":"amenity=university"},"geometry":{"type":"Point","coordinates":[3.3523301,6.5486381]}},{"type":"Feature","properties":{"id":"way/744474963","name":"Ewenla Primary School","category":"amenity=school"},"geometry":{"type":"Point","coordinates":[3.3433534,6.5533691]}},{"type":"Feature","properties":{"id":"way/744486419","name":"Ideal Primary School","category":"amenity=school"},"geometry":{"type":"Point","coordinates":[3.3446308,6.5534891]}},{"type":"Feature","properties":{"id":"way/693552184","name":"Oshodi Transport Interchange - Terminal 1","category":"amenity=bus_station"},"geometry":{"type":"Point","coordinates":[3.3512365,6.5549164]}},{"type":"Feature","properties":{"id":"way/507665758","name":"Netherlands International School Lagos","category":"amenity=school"},"geometry":{"type":"Point","coordinates":[3.4067544,6.4390061]}},{"type":"Feature","properties":{"id":"way/567150477","name":"Federal Palace & Casino","category":"tourism=hotel"},"geometry":{"type":"Point","coordinates":[3.4072574,6.4307931]}},{"type":"Feature","properties":{"id":"way/595880619","name":"Consulate General of Lebanon in Lagos","category":"office=diplomatic"},"geometry":{"type":"Point","coordinates":[3.4083441,6.4393842]}},{"type":"Feature","properties":{"id":"way/601108354","name":"British Deputy High Commission","category":"office=diplomatic"},"geometry":{"type":"Point","coordinates":[3.4073869,6.4384721]}},{"type":"Feature","properties":{"id":"way/738904732","name":"Apapa Amusement Park","category":"tourism=theme_park"},"geometry":{"type":"Point","coordinates":[3.3660759,6.443809]}},{"type":"Feature","properties":{"id":"way/981038963","name":"Asiwaju Bola Tinubu Station","category":"public_transport=station"},"geometry":{"type":"Point","coordinates":[3.3688659,6.4520012]}},{"type":"Feature","properties":{"id":"way/784072728","name":"Market","category":"amenity=marketplace"},"geometry":{"type":"Point","coordinates":[3.3581993,6.4530113]}},{"type":"Feature","properties":{"id":"way/787254903","name":"Market","category":"amenity=marketplace"},"geometry":{"type":"Point","coordinates":[3.3604135,6.4546166]}},{"type":"Feature","properties":{"id":"way/704788215","name":"Elegbata Playing Ground","category":"leisure=sports_centre"},"geometry":{"type":"Point","coordinates":[3.3813679,6.4611774]}},{"type":"Feature","properties":{"id":"way/363806151","name":"Old Government Printing Press","category":"amenity=arts_centre"},"geometry":{"type":"Point","coordinates":[3.3945574,6.4490351]}},{"type":"Feature","properties":{"id":"way/671587370","name":"Campos Memorial Mini Stadium","category":"leisure=stadium"},"geometry":{"type":"Point","coordinates":[3.3946987,6.4512638]}},{"type":"Feature","properties":{"id":"way/669975482","name":"Cathedral Church of Christ","category":"amenity=place_of_worship"},"geometry":{"type":"Point","coordinates":[3.3901961,6.4508868]}},{"type":"Feature","properties":{"id":"way/671518071","name":"Conoil","category":"amenity=fuel"},"geometry":{"type":"Point","coordinates":[3.3941869,6.4480518]}},{"type":"Feature","properties":{"id":"way/414384561","name":"NAPEX Car Park","category":"amenity=parking"},"geometry":{"type":"Point","coordinates":[3.4054712,6.44065]}},{"type":"Feature","properties":{"id":"way/591832831","name":"Lagos Yacht Club","category":"leisure=marina"},"geometry":{"type":"Point","coordinates":[3.4021047,6.4405349]}},{"type":"Feature","properties":{"id":"way/596634611","name":"Consulate General of the United States in Lagos","category":"office=diplomatic"},"geometry":{"type":"Point","coordinates":[3.4066636,6.4407042]}},{"type":"Feature","properties":{"id":"way/596634617","name":"Netherlands Consulate-General in Lagos","category":"office=diplomatic"},"geometry":{"type":"Point","coordinates":[3.406602,6.4399116]}},{"type":"Feature","properties":{"id":"way/597498758","name":"Consulate General of the Federal Republic of Germany in Lagos","category":"office=diplomatic"},"geometry":{"type":"Point","coordinates":[3.40574,6.4396917]}},{"type":"Feature","properties":{"id":"way/604386606","name":"Nigerian Police Zone 2 Command HQ","category":"amenity=police"},"geometry":{"type":"Point","coordinates":[3.4030487,6.4418843]}},{"type":"Feature","properties":{"id":"way/671991294","name":"City Mall","category":"shop=mall"},"geometry":{"type":"Point","coordinates":[3.4024639,6.4445918]}},{"type":"Feature","properties":{"id":"way/671991295","name":"National Museum","category":"tourism=museum"},"geometry":{"type":"Point","coordinates":[3.403518,6.4444185]}},{"type":"Feature","properties":{"id":"way/705859954","name":"Onikan Health Centre","category":"amenity=hospital"},"geometry":{"type":"Point","coordinates":[3.4054336,6.4446953]}},{"type":"Feature","properties":{"id":"way/1136143425","name":"John Randle Centre for Yoruba Culture and History","category":"amenity=community_centre"},"geometry":{"type":"Point","coordinates":[3.4027644,6.4432673]}},{"type":"Feature","properties":{"id":"way/560546942","name":"Mobolaji Johnson Arena","category":"leisure=stadium"},"geometry":{"type":"Point","coordinates":[3.4020173,6.4426684]}},{"type":"Feature","properties":{"id":"way/604386596","name":"MUSON Centre","category":"amenity=music_school"},"geometry":{"type":"Point","coordinates":[3.4014428,6.4436264]}},{"type":"Feature","properties":{"id":"way/671991257","name":"Tafawa Balewa Square Bus Terminal","category":"amenity=bus_station"},"geometry":{"type":"Point","coordinates":[3.4009949,6.4457171]}},{"type":"Feature","properties":{"id":"way/672092057","name":"Lagos Lawn Tennis Club","category":"leisure=sports_centre"},"geometry":{"type":"Point","coordinates":[3.4001943,6.4456099]}},{"type":"Feature","properties":{"id":"way/705862422","name":"High Court of Lagos State","category":"amenity=courthouse"},"geometry":{"type":"Point","coordinates":[3.4017263,6.4494585]}},{"type":"Feature","properties":{"id":"way/738186686","name":"Police Barracks","category":"amenity=police"},"geometry":{"type":"Point","coordinates":[3.4087229,6.447468]}},{"type":"Feature","properties":{"id":"way/746415991","name":"Market","category":"amenity=marketplace"},"geometry":{"type":"Point","coordinates":[3.4062491,6.445419]}},{"type":"Feature","properties":{"id":"way/363761802","name":"Freedom Park","category":"leisure=park"},"geometry":{"type":"Point","coordinates":[3.3965503,6.4489353]}},{"type":"Feature","properties":{"id":"way/381370025","name":"Holy Cross Cathedral","category":"amenity=place_of_worship"},"geometry":{"type":"Point","coordinates":[3.3964387,6.449997]}},{"type":"Feature","properties":{"id":"way/672092174","name":"General Hospital Lagos","category":"amenity=hospital"},"geometry":{"type":"Point","coordinates":[3.3966328,6.4474086]}},{"type":"Feature","properties":{"id":"way/705862423","name":"Court of Appeal","category":"amenity=courthouse"},"geometry":{"type":"Point","coordinates":[3.4006892,6.449658]}},{"type":"Feature","properties":{"id":"way/705874362","name":"St Nicholas Hospital","category":"amenity=hospital"},"geometry":{"type":"Point","coordinates":[3.3976597,6.4492553]}},{"type":"Feature","properties":{"id":"way/705874363","name":"Lagos Island Maternity Hospital","category":"amenity=hospital"},"geometry":{"type":"Point","coordinates":[3.3973883,6.4486491]}},{"type":"Feature","properties":{"id":"way/740626967","name":"LOBIM-D hotel","category":"tourism=hotel"},"geometry":{"type":"Point","coordinates":[3.3998473,6.4507061]}},{"type":"Feature","properties":{"id":"way/740741853","name":"Ghana High","category":"amenity=restaurant"},"geometry":{"type":"Point","coordinates":[3.4054758,6.446312]}},{"type":"Feature","properties":{"id":"way/742173943","name":"Iya Eba","category":"amenity=restaurant"},"geometry":{"type":"Point","coordinates":[3.4049075,6.4470775]}},{"type":"Feature","properties":{"id":"way/1475512199","name":"Balo's Place","category":"amenity=restaurant"},"geometry":{"type":"Point","coordinates":[3.404542,6.4471725]}},{"type":"Feature","properties":{"id":"way/704783397","name":"Oluwole Urban Mall","category":"shop=mall"},"geometry":{"type":"Point","coordinates":[3.3868973,6.4574663]}},{"type":"Feature","properties":{"id":"way/707003778","name":"Massey Street Children Hospital","category":"amenity=hospital"},"geometry":{"type":"Point","coordinates":[3.3922468,6.4550636]}},{"type":"Feature","properties":{"id":"way/748641728","name":"Tinubu Square","category":"leisure=park"},"geometry":{"type":"Point","coordinates":[3.3893062,6.4538602]}},{"type":"Feature","properties":{"id":"way/704783391","name":"Lagos Central Mosque","category":"amenity=place_of_worship"},"geometry":{"type":"Point","coordinates":[3.3881685,6.4573989]}},{"type":"Feature","properties":{"id":"way/705957743","name":"Market","category":"amenity=marketplace"},"geometry":{"type":"Point","coordinates":[3.3917272,6.4647928]}},{"type":"Feature","properties":{"id":"way/247241474","name":"Ebute Ero Market","category":"amenity=marketplace"},"geometry":{"type":"Point","coordinates":[3.384591,6.4626737]}},{"type":"Feature","properties":{"id":"way/654215035","name":"Holy Trinity Church","category":"amenity=place_of_worship"},"geometry":{"type":"Point","coordinates":[3.3872294,6.4643136]}},{"type":"Feature","properties":{"id":"way/922806791","name":"Ereko Methodist Cathedral","category":"amenity=place_of_worship"},"geometry":{"type":"Point","coordinates":[3.3872323,6.4596007]}},{"type":"Feature","properties":{"id":"way/247241475","name":"Jankara Market","category":"amenity=marketplace"},"geometry":{"type":"Point","coordinates":[3.3929636,6.4610858]}},{"type":"Feature","properties":{"id":"way/775429794","name":"King Ado Junior High School","category":"amenity=school"},"geometry":{"type":"Point","coordinates":[3.3909097,6.4601647]}},{"type":"Feature","properties":{"id":"way/775429810","name":"St. Patrick Catholic Church","category":"amenity=place_of_worship"},"geometry":{"type":"Point","coordinates":[3.3898446,6.4601885]}},{"type":"Feature","properties":{"id":"way/679723520","name":"Staff clinic","category":"amenity=clinic"},"geometry":{"type":"Point","coordinates":[3.4005123,6.4568754]}},{"type":"Feature","properties":{"id":"way/1239810331","name":"33","category":"amenity=cafe"},"geometry":{"type":"Point","coordinates":[3.4131997,6.4259972]}},{"type":"Feature","properties":{"id":"way/1530842307","name":"VirginRose Resorts","category":"tourism=hotel"},"geometry":{"type":"Point","coordinates":[3.4210881,6.4234275]}},{"type":"Feature","properties":{"id":"way/598999065","name":"MRS Fuel Station","category":"amenity=fuel"},"geometry":{"type":"Point","coordinates":[3.4109251,6.4233233]}},{"type":"Feature","properties":{"id":"way/598999071","name":"Nigeria Police Division HQ Victoria Island","category":"amenity=police"},"geometry":{"type":"Point","coordinates":[3.4119597,6.423871]}},{"type":"Feature","properties":{"id":"way/792725259","name":"Federal College of Fisheries and Marine Technology","category":"amenity=school"},"geometry":{"type":"Point","coordinates":[3.4112735,6.4214]}},{"type":"Feature","properties":{"id":"way/653342929","name":"Dulles Lagos","category":"amenity=restaurant"},"geometry":{"type":"Point","coordinates":[3.4201059,6.4241681]}},{"type":"Feature","properties":{"id":"way/689435680","name":"Road Chef","category":"amenity=fast_food"},"geometry":{"type":"Point","coordinates":[3.416748,6.42483]}},{"type":"Feature","properties":{"id":"way/1466331526","name":"ORCA Mall","category":"shop=mall"},"geometry":{"type":"Point","coordinates":[3.4183635,6.4217283]}},{"type":"Feature","properties":{"id":"way/1530842305","name":"Paelon Memorial Hospital","category":"amenity=hospital"},"geometry":{"type":"Point","coordinates":[3.4151379,6.4226458]}},{"type":"Feature","properties":{"id":"way/567964434","name":"Eko Hotel","category":"tourism=hotel"},"geometry":{"type":"Point","coordinates":[3.4301126,6.4270023]}},{"type":"Feature","properties":{"id":"way/625645030","name":"Maison Fahrenheit","category":"tourism=hotel"},"geometry":{"type":"Point","coordinates":[3.4285686,6.4259631]}},{"type":"Feature","properties":{"id":"way/363799718","name":"Terra Kulture","category":"amenity=arts_centre"},"geometry":{"type":"Point","coordinates":[3.4266489,6.4252611]}},{"type":"Feature","properties":{"id":"way/482242686","name":"Johnny Rockets","category":"amenity=restaurant"},"geometry":{"type":"Point","coordinates":[3.427274,6.423071]}},{"type":"Feature","properties":{"id":"way/604051558","name":"The Avenue Suites","category":"tourism=hotel"},"geometry":{"type":"Point","coordinates":[3.4265257,6.4231843]}},{"type":"Feature","properties":{"id":"way/591805690","name":"Hotel Victoria Palace","category":"tourism=hotel"},"geometry":{"type":"Point","coordinates":[3.4135596,6.428767]}},{"type":"Feature","properties":{"id":"way/595195268","name":"Consulate General of China","category":"office=diplomatic"},"geometry":{"type":"Point","coordinates":[3.4111745,6.4298853]}},{"type":"Feature","properties":{"id":"way/596634599","name":"Mobil Fuel Station","category":"amenity=fuel"},"geometry":{"type":"Point","coordinates":[3.4085971,6.4316776]}},{"type":"Feature","properties":{"id":"way/599458877","name":"Morning Sides Suites","category":"tourism=hotel"},"geometry":{"type":"Point","coordinates":[3.4106564,6.427435]}},{"type":"Feature","properties":{"id":"way/662629705","name":"First Bank","category":"amenity=bank"},"geometry":{"type":"Point","coordinates":[3.4084047,6.4291372]}},{"type":"Feature","properties":{"id":"way/699200992","name":"Food Corner","category":"shop=supermarket"},"geometry":{"type":"Point","coordinates":[3.4092164,6.4294724]}},{"type":"Feature","properties":{"id":"way/789351037","name":"Balmoral Convention Center","category":"amenity=events_venue"},"geometry":{"type":"Point","coordinates":[3.4085283,6.4296393]}},{"type":"Feature","properties":{"id":"way/1530842309","name":"Manuela Residence","category":"tourism=hotel"},"geometry":{"type":"Point","coordinates":[3.4107649,6.4268284]}},{"type":"Feature","properties":{"id":"way/529444311","name":"UBA","category":"amenity=bank"},"geometry":{"type":"Point","coordinates":[3.4207784,6.4292447]}},{"type":"Feature","properties":{"id":"way/531627776","name":"Caf\u00e8 Neo @ cre8","category":"amenity=cafe"},"geometry":{"type":"Point","coordinates":[3.4189653,6.4281548]}},{"type":"Feature","properties":{"id":"way/542661157","name":"Sterling Bank","category":"amenity=bank"},"geometry":{"type":"Point","coordinates":[3.4196311,6.430256]}},{"type":"Feature","properties":{"id":"way/542661158","name":"Zenith Bank","category":"amenity=bank"},"geometry":{"type":"Point","coordinates":[3.4198156,6.4301816]}},{"type":"Feature","properties":{"id":"way/567150466","name":"The Blowfish Hotel","category":"tourism=hotel"},"geometry":{"type":"Point","coordinates":[3.4154307,6.4264138]}},{"type":"Feature","properties":{"id":"way/595620082","name":"Access Bank","category":"amenity=bank"},"geometry":{"type":"Point","coordinates":[3.4199757,6.4293688]}},{"type":"Feature","properties":{"id":"way/595620121","name":"La Pointe Supermarket","category":"shop=supermarket"},"geometry":{"type":"Point","coordinates":[3.4201407,6.4309663]}},{"type":"Feature","properties":{"id":"way/795540036","name":"Glen Eagles Hospital","category":"amenity=hospital"},"geometry":{"type":"Point","coordinates":[3.4151579,6.427817]}},{"type":"Feature","properties":{"id":"way/923043479","name":"Art Cafe","category":"amenity=cafe"},"geometry":{"type":"Point","coordinates":[3.4205915,6.4314391]}},{"type":"Feature","properties":{"id":"way/592191553","name":"Paradise Boat Club","category":"leisure=marina"},"geometry":{"type":"Point","coordinates":[3.4115507,6.4386027]}},{"type":"Feature","properties":{"id":"way/594763846","name":"Spar","category":"shop=supermarket"},"geometry":{"type":"Point","coordinates":[3.4205954,6.4301035]}},{"type":"Feature","properties":{"id":"way/595561621","name":"Deputy High Commission of India in Lagos","category":"office=diplomatic"},"geometry":{"type":"Point","coordinates":[3.4100081,6.4389126]}},{"type":"Feature","properties":{"id":"way/595597154","name":"Embassy Branch Office of Russia in Lagos","category":"office=diplomatic"},"geometry":{"type":"Point","coordinates":[3.4094561,6.4392341]}},{"type":"Feature","properties":{"id":"way/537017586","name":"Government Junior College Victoria Island","category":"amenity=college"},"geometry":{"type":"Point","coordinates":[3.4133281,6.4334195]}},{"type":"Feature","properties":{"id":"way/537017590","name":"Corona School Victoria Island","category":"amenity=school"},"geometry":{"type":"Point","coordinates":[3.4133281,6.4340753]}},{"type":"Feature","properties":{"id":"way/544346767","name":"Fidelity Bank","category":"amenity=bank"},"geometry":{"type":"Point","coordinates":[3.4103306,6.4365359]}},{"type":"Feature","properties":{"id":"way/591626824","name":"Ecobank","category":"amenity=bank"},"geometry":{"type":"Point","coordinates":[3.4088727,6.4356737]}},{"type":"Feature","properties":{"id":"way/591626838","name":"National Open University of Nigeria","category":"amenity=university"},"geometry":{"type":"Point","coordinates":[3.4095826,6.4342208]}},{"type":"Feature","properties":{"id":"way/594743307","name":"Consulate General of Senegal","category":"office=diplomatic"},"geometry":{"type":"Point","coordinates":[3.4134754,6.435383]}},{"type":"Feature","properties":{"id":"way/595561656","name":"The Department of Petroleum Resources -- Lagos Zonal Office","category":"office=government"},"geometry":{"type":"Point","coordinates":[3.4128303,6.4364143]}},{"type":"Feature","properties":{"id":"way/603511844","name":"The Infrastructure Bank PLC","category":"amenity=bank"},"geometry":{"type":"Point","coordinates":[3.4091682,6.434849]}},{"type":"Feature","properties":{"id":"way/411679900","name":"Hans & Rene Gelataria","category":"amenity=ice_cream"},"geometry":{"type":"Point","coordinates":[3.4163946,6.4364202]}},{"type":"Feature","properties":{"id":"way/415803709","name":"Goodies Supermarket","category":"shop=supermarket"},"geometry":{"type":"Point","coordinates":[3.4206612,6.4356163]}},{"type":"Feature","properties":{"id":"way/529219699","name":"Churrasco","category":"amenity=restaurant"},"geometry":{"type":"Point","coordinates":[3.4147322,6.4372836]}},{"type":"Feature","properties":{"id":"way/529219701","name":"Fusion","category":"amenity=restaurant"},"geometry":{"type":"Point","coordinates":[3.4152096,6.4371806]}},{"type":"Feature","properties":{"id":"way/529219703","name":"Lagoon Waterfront Bar","category":"amenity=bar"},"geometry":{"type":"Point","coordinates":[3.4149354,6.437212]}},{"type":"Feature","properties":{"id":"way/537017514","name":"Pizza-Riah","category":"amenity=restaurant"},"geometry":{"type":"Point","coordinates":[3.4169023,6.4324179]}},{"type":"Feature","properties":{"id":"way/537017517","name":"Crust and Cream","category":"amenity=restaurant"},"geometry":{"type":"Point","coordinates":[3.4168192,6.4326412]}},{"type":"Feature","properties":{"id":"way/548600208","name":"Ecobank","category":"amenity=bank"},"geometry":{"type":"Point","coordinates":[3.4153719,6.4351658]}},{"type":"Feature","properties":{"id":"way/567150469","name":"Radisson Blu Anchorage Hotel Lagos","category":"tourism=hotel"},"geometry":{"type":"Point","coordinates":[3.4169192,6.4368072]}},{"type":"Feature","properties":{"id":"way/567964435","name":"Atlantic Hotel & Suites","category":"tourism=hotel"},"geometry":{"type":"Point","coordinates":[3.4168622,6.4330558]}},{"type":"Feature","properties":{"id":"way/593494025","name":"B\u00e9ni Gold","category":"tourism=hotel"},"geometry":{"type":"Point","coordinates":[3.4189042,6.434235]}},{"type":"Feature","properties":{"id":"way/594743340","name":"Reddington Hospital","category":"amenity=hospital"},"geometry":{"type":"Point","coordinates":[3.4204157,6.4329787]}},{"type":"Feature","properties":{"id":"way/599458863","name":"Zenith Bank","category":"amenity=bank"},"geometry":{"type":"Point","coordinates":[3.4185177,6.4361847]}},{"type":"Feature","properties":{"id":"way/610029905","name":"Backyard Bar & Grill","category":"amenity=restaurant"},"geometry":{"type":"Point","coordinates":[3.4161959,6.4345947]}},{"type":"Feature","properties":{"id":"way/536134419","name":"Leila Restaurant Lagos","category":"amenity=restaurant"},"geometry":{"type":"Point","coordinates":[3.4246091,6.4291333]}},{"type":"Feature","properties":{"id":"way/627612172","name":"Bottles Restaurant","category":"amenity=restaurant"},"geometry":{"type":"Point","coordinates":[3.4271217,6.4269373]}},{"type":"Feature","properties":{"id":"way/653305661","name":"FCMB","category":"amenity=bank"},"geometry":{"type":"Point","coordinates":[3.4243374,6.4308962]}},{"type":"Feature","properties":{"id":"way/653305667","name":"Delis","category":"shop=supermarket"},"geometry":{"type":"Point","coordinates":[3.4243357,6.4305264]}},{"type":"Feature","properties":{"id":"way/653305671","name":"Pick n Pay","category":"shop=supermarket"},"geometry":{"type":"Point","coordinates":[3.4244867,6.4301905]}},{"type":"Feature","properties":{"id":"way/653348028","name":"Careforte","category":"amenity=pharmacy"},"geometry":{"type":"Point","coordinates":[3.4234046,6.430642]}},{"type":"Feature","properties":{"id":"way/922935436","name":"Flowershop Cafe","category":"amenity=cafe"},"geometry":{"type":"Point","coordinates":[3.4234796,6.4311285]}},{"type":"Feature","properties":{"id":"way/1002110432","name":"Unity","category":"amenity=bank"},"geometry":{"type":"Point","coordinates":[3.4236129,6.4303046]}},{"type":"Feature","properties":{"id":"way/1002110433","name":"UBA","category":"amenity=bank"},"geometry":{"type":"Point","coordinates":[3.4235332,6.4299069]}},{"type":"Feature","properties":{"id":"way/1002110434","name":"Kia","category":"shop=car"},"geometry":{"type":"Point","coordinates":[3.4235482,6.429659]}},{"type":"Feature","properties":{"id":"way/1530941549","name":"Chesney Hotel","category":"tourism=hotel"},"geometry":{"type":"Point","coordinates":[3.4224033,6.4273988]}},{"type":"Feature","properties":{"id":"way/502455175","name":"Eko Signature","category":"tourism=hotel"},"geometry":{"type":"Point","coordinates":[3.430669,6.426987]}},{"type":"Feature","properties":{"id":"way/534108655","name":"Eko Suites","category":"tourism=hotel"},"geometry":{"type":"Point","coordinates":[3.4303155,6.429213]}},{"type":"Feature","properties":{"id":"way/662625486","name":"Orchid House","category":"amenity=restaurant"},"geometry":{"type":"Point","coordinates":[3.4327581,6.4286721]}},{"type":"Feature","properties":{"id":"way/1313780616","name":"Park Inn by Radisson Serviced Apartments Lagos Victoria Island","category":"tourism=hotel"},"geometry":{"type":"Point","coordinates":[3.4293046,6.4304604]}},{"type":"Feature","properties":{"id":"way/534108660","name":"Nigerian Law School","category":"amenity=university"},"geometry":{"type":"Point","coordinates":[3.4277646,6.4383372]}},{"type":"Feature","properties":{"id":"way/537017448","name":"American International School Lagos","category":"amenity=school"},"geometry":{"type":"Point","coordinates":[3.4345058,6.4368951]}},{"type":"Feature","properties":{"id":"way/560577506","name":"Morning Side Suites and Spa Victoria Island","category":"tourism=hotel"},"geometry":{"type":"Point","coordinates":[3.434137,6.4328774]}},{"type":"Feature","properties":{"id":"way/591832786","name":"Fiki Marina","category":"leisure=marina"},"geometry":{"type":"Point","coordinates":[3.4245279,6.4392458]}},{"type":"Feature","properties":{"id":"way/224073907","name":"Muri Okunola Park","category":"leisure=park"},"geometry":{"type":"Point","coordinates":[3.4250483,6.4378552]}},{"type":"Feature","properties":{"id":"way/411937274","name":"Goodies","category":"amenity=restaurant"},"geometry":{"type":"Point","coordinates":[3.4211247,6.4356906]}},{"type":"Feature","properties":{"id":"way/536234702","name":"Nigerian Law School Cafeteria","category":"amenity=restaurant"},"geometry":{"type":"Point","coordinates":[3.4273364,6.4385306]}},{"type":"Feature","properties":{"id":"way/537017565","name":"King's College \"Annex\" Victoria Island Campus","category":"amenity=college"},"geometry":{"type":"Point","coordinates":[3.4261186,6.4362912]}},{"type":"Feature","properties":{"id":"way/567150463","name":"The Lagos Continental Hotel","category":"tourism=hotel"},"geometry":{"type":"Point","coordinates":[3.4228473,6.4348921]}},{"type":"Feature","properties":{"id":"way/604386621","name":"Porsche","category":"shop=car"},"geometry":{"type":"Point","coordinates":[3.4235328,6.4356157]}},{"type":"Feature","properties":{"id":"way/604386622","name":"Hyundai","category":"shop=car"},"geometry":{"type":"Point","coordinates":[3.4235683,6.4352753]}},{"type":"Feature","properties":{"id":"way/604386623","name":"Nissan","category":"shop=car"},"geometry":{"type":"Point","coordinates":[3.4235647,6.434993]}},{"type":"Feature","properties":{"id":"way/922935433","name":"Volkswagen","category":"shop=car"},"geometry":{"type":"Point","coordinates":[3.4235568,6.4330889]}},{"type":"Feature","properties":{"id":"way/529219704","name":"UBA","category":"amenity=bank"},"geometry":{"type":"Point","coordinates":[3.4276542,6.4329896]}},{"type":"Feature","properties":{"id":"way/738664064","name":"Grand Square","category":"shop=supermarket"},"geometry":{"type":"Point","coordinates":[3.4302854,6.4379487]}},{"type":"Feature","properties":{"id":"way/935412395","name":"Diamond Bank","category":"amenity=bank"},"geometry":{"type":"Point","coordinates":[3.431122,6.4338149]}},{"type":"Feature","properties":{"id":"way/935412385","name":"Diamond Bank","category":"amenity=bank"},"geometry":{"type":"Point","coordinates":[3.4419608,6.4259388]}},{"type":"Feature","properties":{"id":"way/935412386","name":"Diamond Bank","category":"amenity=bank"},"geometry":{"type":"Point","coordinates":[3.4417784,6.4259282]}},{"type":"Feature","properties":{"id":"way/972577588","name":"bir vasm\u0131s","category":"leisure=park"},"geometry":{"type":"Point","coordinates":[3.4473267,6.4231665]}},{"type":"Feature","properties":{"id":"way/567150467","name":"Protea Hotel Lagos Kuramo Waters","category":"tourism=hotel"},"geometry":{"type":"Point","coordinates":[3.4386772,6.4247673]}},{"type":"Feature","properties":{"id":"way/482055903","name":"Hard Rock Cafe","category":"amenity=restaurant"},"geometry":{"type":"Point","coordinates":[3.4445575,6.4229449]}},{"type":"Feature","properties":{"id":"way/482055904","name":"Shiro","category":"amenity=restaurant"},"geometry":{"type":"Point","coordinates":[3.444221,6.4230301]}},{"type":"Feature","properties":{"id":"way/610029919","name":"Solitude Hotel","category":"tourism=hotel"},"geometry":{"type":"Point","coordinates":[3.4418682,6.4251924]}},{"type":"Feature","properties":{"id":"way/610029925","name":"Abata Fuel Station","category":"amenity=fuel"},"geometry":{"type":"Point","coordinates":[3.4457765,6.424779]}},{"type":"Feature","properties":{"id":"way/641988232","name":"Carven Arena","category":"amenity=restaurant"},"geometry":{"type":"Point","coordinates":[3.4455846,6.4228617]}},{"type":"Feature","properties":{"id":"way/641988270","name":"D Venue Event Center","category":"amenity=events_venue"},"geometry":{"type":"Point","coordinates":[3.4492284,6.4235313]}},{"type":"Feature","properties":{"id":"way/641988303","name":"Dorchester Events Centre","category":"amenity=events_venue"},"geometry":{"type":"Point","coordinates":[3.4546722,6.4237198]}},{"type":"Feature","properties":{"id":"way/537017477","name":"Lyc\u00e9e Fran\u00e7ais Louis Pasteur","category":"amenity=school"},"geometry":{"type":"Point","coordinates":[3.4360027,6.4264662]}},{"type":"Feature","properties":{"id":"way/537017478","name":"Methodist Boys' High School","category":"amenity=school"},"geometry":{"type":"Point","coordinates":[3.4356498,6.4275215]}},{"type":"Feature","properties":{"id":"way/560577533","name":"Stanbic Bank","category":"amenity=bank"},"geometry":{"type":"Point","coordinates":[3.4381836,6.4311129]}},{"type":"Feature","properties":{"id":"way/560577536","name":"Diamond Bank","category":"amenity=bank"},"geometry":{"type":"Point","coordinates":[3.4377634,6.4313202]}},{"type":"Feature","properties":{"id":"way/567150465","name":"Victoria Crown Plaza Hotel","category":"tourism=hotel"},"geometry":{"type":"Point","coordinates":[3.4388345,6.4310225]}},{"type":"Feature","properties":{"id":"way/592201404","name":"Zenith Bank Head Office Car Park","category":"amenity=parking"},"geometry":{"type":"Point","coordinates":[3.4349941,6.4301192]}},{"type":"Feature","properties":{"id":"way/592201412","name":"Sphinx Suites","category":"tourism=hotel"},"geometry":{"type":"Point","coordinates":[3.4374461,6.4306435]}},{"type":"Feature","properties":{"id":"way/603511880","name":"SOUTH Eatery","category":"amenity=restaurant"},"geometry":{"type":"Point","coordinates":[3.4369841,6.4301846]}},{"type":"Feature","properties":{"id":"way/627612147","name":"Consulate of Singapore in Lagos","category":"office=diplomatic"},"geometry":{"type":"Point","coordinates":[3.436373,6.4295292]}},{"type":"Feature","properties":{"id":"way/640507473","name":"Deputy High Commission of Sierra Leone in Lagos","category":"office=diplomatic"},"geometry":{"type":"Point","coordinates":[3.4369849,6.4279212]}},{"type":"Feature","properties":{"id":"way/935412389","name":"Diamond Bank","category":"amenity=bank"},"geometry":{"type":"Point","coordinates":[3.4403622,6.4265732]}},{"type":"Feature","properties":{"id":"way/935412390","name":"Diamond Bank","category":"amenity=bank"},"geometry":{"type":"Point","coordinates":[3.4402238,6.4265689]}},{"type":"Feature","properties":{"id":"way/935412400","name":"Diamond Bank","category":"amenity=bank"},"geometry":{"type":"Point","coordinates":[3.44055,6.4273355]}},{"type":"Feature","properties":{"id":"way/935412401","name":"Diamond Bank","category":"amenity=bank"},"geometry":{"type":"Point","coordinates":[3.4386724,6.4269996]}},{"type":"Feature","properties":{"id":"way/935412402","name":"Diamond Bank","category":"amenity=bank"},"geometry":{"type":"Point","coordinates":[3.4393376,6.4286948]}},{"type":"Feature","properties":{"id":"way/935412403","name":"Diamond Bank","category":"amenity=bank"},"geometry":{"type":"Point","coordinates":[3.4396487,6.4287215]}},{"type":"Feature","properties":{"id":"way/935412404","name":"Diamond Bank","category":"amenity=bank"},"geometry":{"type":"Point","coordinates":[3.4401744,6.428263]}},{"type":"Feature","properties":{"id":"way/935412405","name":"Diamond Bank","category":"amenity=bank"},"geometry":{"type":"Point","coordinates":[3.4400296,6.4278792]}},{"type":"Feature","properties":{"id":"way/935412406","name":"Diamond Bank","category":"amenity=bank"},"geometry":{"type":"Point","coordinates":[3.4399009,6.4278685]}},{"type":"Feature","properties":{"id":"way/935412407","name":"Diamond Bank","category":"amenity=bank"},"geometry":{"type":"Point","coordinates":[3.4387207,6.4278579]}},{"type":"Feature","properties":{"id":"way/935412408","name":"Diamond Bank","category":"amenity=bank"},"geometry":{"type":"Point","coordinates":[3.438887,6.4273835]}},{"type":"Feature","properties":{"id":"way/935412409","name":"Diamond Bank","category":"amenity=bank"},"geometry":{"type":"Point","coordinates":[3.4377926,6.4272236]}},{"type":"Feature","properties":{"id":"way/935412410","name":"Diamond Bank","category":"amenity=bank"},"geometry":{"type":"Point","coordinates":[3.4378225,6.4273837]}},{"type":"Feature","properties":{"id":"way/935412411","name":"Diamond Bank","category":"amenity=bank"},"geometry":{"type":"Point","coordinates":[3.4399867,6.4281937]}},{"type":"Feature","properties":{"id":"way/935412412","name":"Diamond Bank","category":"amenity=bank"},"geometry":{"type":"Point","coordinates":[3.4384253,6.4282286]}},{"type":"Feature","properties":{"id":"way/935412413","name":"Diamond Bank","category":"amenity=bank"},"geometry":{"type":"Point","coordinates":[3.4382594,6.4282177]}},{"type":"Feature","properties":{"id":"way/935412415","name":"Diamond Bank","category":"amenity=bank"},"geometry":{"type":"Point","coordinates":[3.4375191,6.4312056]}},{"type":"Feature","properties":{"id":"way/935412418","name":"Diamond Bank","category":"amenity=bank"},"geometry":{"type":"Point","coordinates":[3.4374762,6.429665]}},{"type":"Feature","properties":{"id":"way/935412419","name":"Diamond Bank","category":"amenity=bank"},"geometry":{"type":"Point","coordinates":[3.4379643,6.4300808]}},{"type":"Feature","properties":{"id":"way/935412420","name":"Diamond Bank","category":"amenity=bank"},"geometry":{"type":"Point","coordinates":[3.4378842,6.4298971]}},{"type":"Feature","properties":{"id":"way/935412421","name":"Diamond Bank","category":"amenity=bank"},"geometry":{"type":"Point","coordinates":[3.4399706,6.4298942]}},{"type":"Feature","properties":{"id":"way/935412422","name":"Diamond Bank","category":"amenity=bank"},"geometry":{"type":"Point","coordinates":[3.4395736,6.4300008]}},{"type":"Feature","properties":{"id":"way/935412423","name":"Diamond Bank","category":"amenity=bank"},"geometry":{"type":"Point","coordinates":[3.4396273,6.4297183]}},{"type":"Feature","properties":{"id":"way/935412424","name":"Diamond Bank","category":"amenity=bank"},"geometry":{"type":"Point","coordinates":[3.4389299,6.4297236]}},{"type":"Feature","properties":{"id":"way/935412425","name":"Diamond Bank","category":"amenity=bank"},"geometry":{"type":"Point","coordinates":[3.4392357,6.429713]}},{"type":"Feature","properties":{"id":"way/935412426","name":"Diamond Bank","category":"amenity=bank"},"geometry":{"type":"Point","coordinates":[3.4391069,6.4287215]}},{"type":"Feature","properties":{"id":"way/935412427","name":"Diamond Bank","category":"amenity=bank"},"geometry":{"type":"Point","coordinates":[3.438887,6.4287215]}},{"type":"Feature","properties":{"id":"way/935412428","name":"Diamond Bank","category":"amenity=bank"},"geometry":{"type":"Point","coordinates":[3.4388977,6.4291426]}},{"type":"Feature","properties":{"id":"way/935412429","name":"Diamond Bank","category":"amenity=bank"},"geometry":{"type":"Point","coordinates":[3.4387207,6.4290893]}},{"type":"Feature","properties":{"id":"way/935412430","name":"Diamond Bank","category":"amenity=bank"},"geometry":{"type":"Point","coordinates":[3.4390721,6.4307684]}},{"type":"Feature","properties":{"id":"way/1002110435","name":"La Brioche","category":"amenity=restaurant"},"geometry":{"type":"Point","coordinates":[3.4373037,6.4277247]}},{"type":"Feature","properties":{"id":"way/556872678","name":"The Art Hotel","category":"tourism=hotel"},"geometry":{"type":"Point","coordinates":[3.4436777,6.431022]}},{"type":"Feature","properties":{"id":"way/599054420","name":"Whiteoak School","category":"amenity=school"},"geometry":{"type":"Point","coordinates":[3.4458354,6.4272748]}},{"type":"Feature","properties":{"id":"way/935412384","name":"Diamond Bank","category":"amenity=bank"},"geometry":{"type":"Point","coordinates":[3.4426712,6.4260373]}},{"type":"Feature","properties":{"id":"way/935412387","name":"Diamond Bank","category":"amenity=bank"},"geometry":{"type":"Point","coordinates":[3.4414941,6.4260721]}},{"type":"Feature","properties":{"id":"way/935412396","name":"Diamond Bank","category":"amenity=bank"},"geometry":{"type":"Point","coordinates":[3.443259,6.42765]}},{"type":"Feature","properties":{"id":"way/935412397","name":"Diamond Bank","category":"amenity=bank"},"geometry":{"type":"Point","coordinates":[3.4427816,6.4285136]}},{"type":"Feature","properties":{"id":"way/935412398","name":"Diamond Bank","category":"amenity=bank"},"geometry":{"type":"Point","coordinates":[3.4435594,6.4273835]}},{"type":"Feature","properties":{"id":"way/935412399","name":"Diamond Bank","category":"amenity=bank"},"geometry":{"type":"Point","coordinates":[3.442685,6.4292759]}},{"type":"Feature","properties":{"id":"way/481337673","name":"British International School Lagos","category":"amenity=school"},"geometry":{"type":"Point","coordinates":[3.4491384,6.4333818]}},{"type":"Feature","properties":{"id":"way/570657229","name":"Embassy of Austria Commercial Section in Lagos","category":"office=diplomatic"},"geometry":{"type":"Point","coordinates":[3.4445025,6.4389177]}},{"type":"Feature","properties":{"id":"way/596634579","name":"Mobil Fuel Station","category":"amenity=fuel"},"geometry":{"type":"Point","coordinates":[3.4408476,6.4363629]}},{"type":"Feature","properties":{"id":"way/935412388","name":"Diamond Bank","category":"amenity=bank"},"geometry":{"type":"Point","coordinates":[3.4406143,6.4264612]}},{"type":"Feature","properties":{"id":"way/935412414","name":"Diamond Bank","category":"amenity=bank"},"geometry":{"type":"Point","coordinates":[3.4406036,6.429004]}},{"type":"Feature","properties":{"id":"way/560577507","name":"Coollink","category":"office=yes"},"geometry":{"type":"Point","coordinates":[3.4377273,6.4327447]}},{"type":"Feature","properties":{"id":"way/560577518","name":"Chocolate Royale","category":"amenity=restaurant"},"geometry":{"type":"Point","coordinates":[3.4385048,6.4333246]}},{"type":"Feature","properties":{"id":"way/560577519","name":"ArAbesQue","category":"amenity=restaurant"},"geometry":{"type":"Point","coordinates":[3.4390341,6.4330097]}},{"type":"Feature","properties":{"id":"way/560577520","name":"Caf\u00e9 Royal Lekki Peninsula","category":"amenity=restaurant"},"geometry":{"type":"Point","coordinates":[3.4381585,6.4333003]}},{"type":"Feature","properties":{"id":"way/625815411","name":"La Taverna","category":"amenity=restaurant"},"geometry":{"type":"Point","coordinates":[3.4370886,6.4380234]}},{"type":"Feature","properties":{"id":"way/627612208","name":"XO Boutique Bakery","category":"shop=bakery"},"geometry":{"type":"Point","coordinates":[3.4371539,6.4381703]}},{"type":"Feature","properties":{"id":"way/627612253","name":"Victoria Island Nursery & Primary School","category":"amenity=school"},"geometry":{"type":"Point","coordinates":[3.4386782,6.4363681]}},{"type":"Feature","properties":{"id":"way/567150461","name":"Lagos Oriental Hotel","category":"tourism=hotel"},"geometry":{"type":"Point","coordinates":[3.4446252,6.436269]}},{"type":"Feature","properties":{"id":"way/567150464","name":"Four Points by Sheraton Lagos","category":"tourism=hotel"},"geometry":{"type":"Point","coordinates":[3.4431444,6.4334735]}},{"type":"Feature","properties":{"id":"way/625644969","name":"Fidelity Bank","category":"amenity=bank"},"geometry":{"type":"Point","coordinates":[3.4437454,6.4343169]}},{"type":"Feature","properties":{"id":"way/625644997","name":"Access Bank","category":"amenity=bank"},"geometry":{"type":"Point","coordinates":[3.4455381,6.434721]}},{"type":"Feature","properties":{"id":"way/625645028","name":"Golden Tulip Suites","category":"tourism=hotel"},"geometry":{"type":"Point","coordinates":[3.4482338,6.4319839]}},{"type":"Feature","properties":{"id":"way/567150468","name":"Arirang Hotel","category":"tourism=hotel"},"geometry":{"type":"Point","coordinates":[3.4586808,6.428603]}},{"type":"Feature","properties":{"id":"way/787960031","name":"Skye Bank","category":"amenity=bank"},"geometry":{"type":"Point","coordinates":[3.456888,6.4291377]}},{"type":"Feature","properties":{"id":"way/787960045","name":"New Oniru Market","category":"amenity=marketplace"},"geometry":{"type":"Point","coordinates":[3.4565316,6.4289067]}},{"type":"Feature","properties":{"id":"way/596634585","name":"Total Fuel Station","category":"amenity=fuel"},"geometry":{"type":"Point","coordinates":[3.4503743,6.436361]}},{"type":"Feature","properties":{"id":"way/641988257","name":"GT Bank","category":"amenity=bank"},"geometry":{"type":"Point","coordinates":[3.4488839,6.4355961]}},{"type":"Feature","properties":{"id":"way/598412462","name":"Forte Oil Fuel Station","category":"amenity=fuel"},"geometry":{"type":"Point","coordinates":[3.4555333,6.4347448]}},{"type":"Feature","properties":{"id":"way/567150474","name":"Westwood Hotel Ikoyi","category":"tourism=hotel"},"geometry":{"type":"Point","coordinates":[3.4087859,6.4434338]}},{"type":"Feature","properties":{"id":"way/592191557","name":"Lagos Motor Boat Club","category":"leisure=marina"},"geometry":{"type":"Point","coordinates":[3.4101104,6.4428804]}},{"type":"Feature","properties":{"id":"way/592191559","name":"Nigerian Police State Marine HQ","category":"amenity=police"},"geometry":{"type":"Point","coordinates":[3.4093919,6.4431065]}},{"type":"Feature","properties":{"id":"way/592191570","name":"Lagos Jet Ski Riders Club","category":"leisure=marina"},"geometry":{"type":"Point","coordinates":[3.4124282,6.4416272]}},{"type":"Feature","properties":{"id":"way/596634640","name":"Consulate General of Italy in Lagos","category":"office=diplomatic"},"geometry":{"type":"Point","coordinates":[3.4091909,6.4401202]}},{"type":"Feature","properties":{"id":"way/599933126","name":"Federal Inland Revenue Service -- Lagos Office","category":"office=government"},"geometry":{"type":"Point","coordinates":[3.4123272,6.4438042]}},{"type":"Feature","properties":{"id":"way/738186621","name":"UNHCR Lagos","category":"office=ngo"},"geometry":{"type":"Point","coordinates":[3.4104047,6.4437686]}},{"type":"Feature","properties":{"id":"way/363797139","name":"African Artists' Foundation","category":"amenity=arts_centre"},"geometry":{"type":"Point","coordinates":[3.419352,6.441775]}},{"type":"Feature","properties":{"id":"way/592191596","name":"Tivoli Garden Ikoyi Waterfront","category":"tourism=hotel"},"geometry":{"type":"Point","coordinates":[3.4149762,6.4407297]}},{"type":"Feature","properties":{"id":"way/597498711","name":"Mobil Fuel Station","category":"amenity=fuel"},"geometry":{"type":"Point","coordinates":[3.4188126,6.4424976]}},{"type":"Feature","properties":{"id":"way/597498720","name":"Total Fuel Station","category":"amenity=fuel"},"geometry":{"type":"Point","coordinates":[3.4154616,6.4422057]}},{"type":"Feature","properties":{"id":"way/625815343","name":"Ethnic Heritage Centre","category":"amenity=community_centre"},"geometry":{"type":"Point","coordinates":[3.4205665,6.4416157]}},{"type":"Feature","properties":{"id":"way/1373912225","name":"Syrian Mosque","category":"amenity=place_of_worship"},"geometry":{"type":"Point","coordinates":[3.4175989,6.4448081]}},{"type":"Feature","properties":{"id":"way/146601504","name":"Ikoyi Club Golf Course","category":"leisure=golf_course"},"geometry":{"type":"Point","coordinates":[3.4225192,6.4493626]}},{"type":"Feature","properties":{"id":"way/482801281","name":"Lagos Polo Club","category":"leisure=pitch"},"geometry":{"type":"Point","coordinates":[3.4218424,6.4454401]}},{"type":"Feature","properties":{"id":"way/597498725","name":"Syrian Club","category":"amenity=community_centre"},"geometry":{"type":"Point","coordinates":[3.4176559,6.4452002]}},{"type":"Feature","properties":{"id":"way/1373911725","name":"Ikoyi Club","category":"leisure=golf_course"},"geometry":{"type":"Point","coordinates":[3.423573,6.449435]}},{"type":"Feature","properties":{"id":"way/1373911826","name":"Lagos Polo Club","category":"leisure=park"},"geometry":{"type":"Point","coordinates":[3.4217474,6.4454211]}},{"type":"Feature","properties":{"id":"way/1373912034","name":"Syrian Club","category":"amenity=restaurant"},"geometry":{"type":"Point","coordinates":[3.4176431,6.4454377]}},{"type":"Feature","properties":{"id":"way/129725828","name":"Saint Gregory's College","category":"amenity=college"},"geometry":{"type":"Point","coordinates":[3.4117795,6.4470211]}},{"type":"Feature","properties":{"id":"way/641988305","name":"Oando Fuel Station","category":"amenity=fuel"},"geometry":{"type":"Point","coordinates":[3.4097101,6.4494182]}},{"type":"Feature","properties":{"id":"way/738528609","name":"Obalende Bus Terminus","category":"amenity=bus_station"},"geometry":{"type":"Point","coordinates":[3.408711,6.4495785]}},{"type":"Feature","properties":{"id":"way/641988309","name":"Nigerian Police No. 2 Squadron","category":"amenity=police"},"geometry":{"type":"Point","coordinates":[3.4162126,6.4472079]}},{"type":"Feature","properties":{"id":"way/641988311","name":"Nigerian Police Mounted Troop F","category":"amenity=police"},"geometry":{"type":"Point","coordinates":[3.4179248,6.446445]}},{"type":"Feature","properties":{"id":"way/363789616","name":"Zenith Bank","category":"amenity=bank"},"geometry":{"type":"Point","coordinates":[3.4227306,6.4436235]}},{"type":"Feature","properties":{"id":"way/533818615","name":"LASWA","category":"office=government"},"geometry":{"type":"Point","coordinates":[3.4271419,6.4422291]}},{"type":"Feature","properties":{"id":"way/556872673","name":"Sterling Bank","category":"amenity=bank"},"geometry":{"type":"Point","coordinates":[3.4213622,6.4432278]}},{"type":"Feature","properties":{"id":"way/597498736","name":"Oando Fuel Station","category":"amenity=fuel"},"geometry":{"type":"Point","coordinates":[3.4217389,6.4428775]}},{"type":"Feature","properties":{"id":"way/597498740","name":"Forte Oil Fuel Station","category":"amenity=fuel"},"geometry":{"type":"Point","coordinates":[3.4268346,6.4442616]}},{"type":"Feature","properties":{"id":"way/597498744","name":"Forte Oil Fuel Station","category":"amenity=fuel"},"geometry":{"type":"Point","coordinates":[3.4236239,6.4447001]}},{"type":"Feature","properties":{"id":"way/570496112","name":"Federal High Court of Nigeria, Lagos","category":"amenity=courthouse"},"geometry":{"type":"Point","coordinates":[3.4317875,6.4437105]}},{"type":"Feature","properties":{"id":"way/570496122","name":"Consulate General of France in Lagos","category":"office=diplomatic"},"geometry":{"type":"Point","coordinates":[3.4310902,6.443369]}},{"type":"Feature","properties":{"id":"way/570496132","name":"Residence of the British Deputy High Commissioner","category":"office=diplomatic"},"geometry":{"type":"Point","coordinates":[3.4329005,6.4440596]}},{"type":"Feature","properties":{"id":"way/659370489","name":"Nigerian Police Hospital - Falomo","category":"amenity=hospital"},"geometry":{"type":"Point","coordinates":[3.4290507,6.4428498]}},{"type":"Feature","properties":{"id":"way/1373912839","name":"Falomo Shopping Mall","category":"shop=mall"},"geometry":{"type":"Point","coordinates":[3.4282062,6.4448121]}},{"type":"Feature","properties":{"id":"way/567150414","name":"British Council in Lagos","category":"office=quango"},"geometry":{"type":"Point","coordinates":[3.4343848,6.4523323]}},{"type":"Feature","properties":{"id":"way/593494003","name":"Five Cowries Terminal","category":"amenity=ferry_terminal"},"geometry":{"type":"Point","coordinates":[3.4272504,6.4424775]}},{"type":"Feature","properties":{"id":"way/593494119","name":"NNPC Fuel Station","category":"amenity=fuel"},"geometry":{"type":"Point","coordinates":[3.4295403,6.4516753]}},{"type":"Feature","properties":{"id":"way/598999108","name":"United Nations Information Centre","category":"office=diplomatic"},"geometry":{"type":"Point","coordinates":[3.4274135,6.4484292]}},{"type":"Feature","properties":{"id":"way/625147499","name":"Lagos State Jetty","category":"amenity=parking"},"geometry":{"type":"Point","coordinates":[3.4338602,6.4433384]}},{"type":"Feature","properties":{"id":"way/1042362236","name":"Villa Angelia","category":"tourism=hotel"},"geometry":{"type":"Point","coordinates":[3.4245808,6.445675]}},{"type":"Feature","properties":{"id":"way/529247707","name":"ntel","category":"shop=mobile_phone"},"geometry":{"type":"Point","coordinates":[3.4287762,6.4478393]}},{"type":"Feature","properties":{"id":"way/570559553","name":"Lagos State Judiciary","category":"office=government"},"geometry":{"type":"Point","coordinates":[3.4331482,6.4465561]}},{"type":"Feature","properties":{"id":"way/1246430196","name":"Boston Consulting Group","category":"office=consulting"},"geometry":{"type":"Point","coordinates":[3.430566,6.4508876]}},{"type":"Feature","properties":{"id":"way/560577489","name":"Elion House Hotel","category":"tourism=hotel"},"geometry":{"type":"Point","coordinates":[3.4180743,6.4565832]}},{"type":"Feature","properties":{"id":"way/593494006","name":"Texas Connection Ferries","category":"amenity=ferry_terminal"},"geometry":{"type":"Point","coordinates":[3.4174934,6.4641332]}},{"type":"Feature","properties":{"id":"way/567150448","name":"The Moorhouse Hotel","category":"tourism=hotel"},"geometry":{"type":"Point","coordinates":[3.4243341,6.4543301]}},{"type":"Feature","properties":{"id":"way/570559588","name":"St. John Paul II School","category":"amenity=school"},"geometry":{"type":"Point","coordinates":[3.4271921,6.4565915]}},{"type":"Feature","properties":{"id":"way/524285979","name":"Ecobank","category":"amenity=bank"},"geometry":{"type":"Point","coordinates":[3.4313329,6.4542046]}},{"type":"Feature","properties":{"id":"way/536736960","name":"Casa Lydia Restaurant","category":"amenity=restaurant"},"geometry":{"type":"Point","coordinates":[3.4292586,6.4551852]}},{"type":"Feature","properties":{"id":"way/536736961","name":"Stamart","category":"shop=supermarket"},"geometry":{"type":"Point","coordinates":[3.4293117,6.4550043]}},{"type":"Feature","properties":{"id":"way/541770004","name":"Zenith Bank","category":"amenity=bank"},"geometry":{"type":"Point","coordinates":[3.431103,6.4534228]}},{"type":"Feature","properties":{"id":"way/567150424","name":"Southern Sun Ikoyi","category":"tourism=hotel"},"geometry":{"type":"Point","coordinates":[3.4300825,6.4540372]}},{"type":"Feature","properties":{"id":"way/567150458","name":"Casa Lydia","category":"tourism=hotel"},"geometry":{"type":"Point","coordinates":[3.4291224,6.455127]}},{"type":"Feature","properties":{"id":"way/568364466","name":"Honorary Consulate of Ireland","category":"office=diplomatic"},"geometry":{"type":"Point","coordinates":[3.432617,6.4558709]}},{"type":"Feature","properties":{"id":"way/1010161637","name":"The Greenhouse Lagos","category":"amenity=restaurant"},"geometry":{"type":"Point","coordinates":[3.4277713,6.4601862]}},{"type":"Feature","properties":{"id":"way/789351024","name":"World Health Organization Lagos Office","category":"office=ngo"},"geometry":{"type":"Point","coordinates":[3.4321819,6.461132]}},{"type":"Feature","properties":{"id":"way/1373912684","name":"Alliance Francaise - Mike Adenuga Center","category":"amenity=school"},"geometry":{"type":"Point","coordinates":[3.4322308,6.4601891]}},{"type":"Feature","properties":{"id":"way/525377040","name":"Maroko Bayshore Suites","category":"tourism=hotel"},"geometry":{"type":"Point","coordinates":[3.4375251,6.4392353]}},{"type":"Feature","properties":{"id":"way/560190818","name":"Corona Primary School Ikoyi","category":"amenity=school"},"geometry":{"type":"Point","coordinates":[3.4370071,6.4441535]}},{"type":"Feature","properties":{"id":"way/560190843","name":"Hope and Ireti Primary Schools","category":"amenity=school"},"geometry":{"type":"Point","coordinates":[3.436466,6.4440798]}},{"type":"Feature","properties":{"id":"way/597498797","name":"TCA Gallery","category":"tourism=gallery"},"geometry":{"type":"Point","coordinates":[3.4346205,6.4401791]}},{"type":"Feature","properties":{"id":"way/625147500","name":"Naij\u00ae Fishing Spot -- Ikoyi","category":"amenity=parking"},"geometry":{"type":"Point","coordinates":[3.4351234,6.4431845]}},{"type":"Feature","properties":{"id":"way/1359909328","name":"Meadow Hall School","category":"amenity=school"},"geometry":{"type":"Point","coordinates":[3.4381952,6.4441793]}},{"type":"Feature","properties":{"id":"way/567150452","name":"Federal High Court - Ikoyi","category":"amenity=courthouse"},"geometry":{"type":"Point","coordinates":[3.4439889,6.4396517]}},{"type":"Feature","properties":{"id":"way/556508170","name":"Gold Cross Hospital - Bourdillon","category":"amenity=hospital"},"geometry":{"type":"Point","coordinates":[3.437423,6.4458508]}},{"type":"Feature","properties":{"id":"way/570559522","name":"The Executive Spot & Hotel","category":"tourism=hotel"},"geometry":{"type":"Point","coordinates":[3.4360133,6.4518974]}},{"type":"Feature","properties":{"id":"way/567150388","name":"La Cour Boutique Hotel","category":"tourism=hotel"},"geometry":{"type":"Point","coordinates":[3.4392898,6.4503492]}},{"type":"Feature","properties":{"id":"way/570657230","name":"Home Science Association Nursery & Primary School Ikoyi","category":"amenity=school"},"geometry":{"type":"Point","coordinates":[3.4452189,6.451192]}},{"type":"Feature","properties":{"id":"way/597498804","name":"The Belmonte Priv\u00e9","category":"tourism=hotel"},"geometry":{"type":"Point","coordinates":[3.4449572,6.4468866]}},{"type":"Feature","properties":{"id":"way/595195260","name":"Eye Foundation Hospital & Laser Centre","category":"amenity=hospital"},"geometry":{"type":"Point","coordinates":[3.4562444,6.4395153]}},{"type":"Feature","properties":{"id":"way/848374714","name":"KFC","category":"amenity=fast_food"},"geometry":{"type":"Point","coordinates":[3.4554209,6.4403778]}},{"type":"Feature","properties":{"id":"way/540869073","name":"Police House","category":"amenity=police"},"geometry":{"type":"Point","coordinates":[3.4485667,6.4519945]}},{"type":"Feature","properties":{"id":"way/540869064","name":"HealthPlus","category":"amenity=pharmacy"},"geometry":{"type":"Point","coordinates":[3.4501202,6.4458355]}},{"type":"Feature","properties":{"id":"way/540869065","name":"Saint Saviour's School Ikoyi","category":"amenity=school"},"geometry":{"type":"Point","coordinates":[3.4503971,6.4475883]}},{"type":"Feature","properties":{"id":"way/653040824","name":"Clear essence california spa & wellness resort","category":"tourism=hotel"},"geometry":{"type":"Point","coordinates":[3.4484942,6.4504211]}},{"type":"Feature","properties":{"id":"way/996863575","name":"MEDUSA LAGOS","category":"amenity=bar"},"geometry":{"type":"Point","coordinates":[3.4574966,6.4475298]}},{"type":"Feature","properties":{"id":"way/504468148","name":"Lagos Preparatory School","category":"amenity=school"},"geometry":{"type":"Point","coordinates":[3.4368853,6.4530562]}},{"type":"Feature","properties":{"id":"way/567150407","name":"The George Hotel","category":"tourism=hotel"},"geometry":{"type":"Point","coordinates":[3.4363936,6.4547165]}},{"type":"Feature","properties":{"id":"way/567150411","name":"National Industrial Court of Nigeria","category":"amenity=courthouse"},"geometry":{"type":"Point","coordinates":[3.4351176,6.4542484]}},{"type":"Feature","properties":{"id":"way/789351036","name":"Taipei Trade Office","category":"office=diplomatic"},"geometry":{"type":"Point","coordinates":[3.435157,6.4567581]}},{"type":"Feature","properties":{"id":"way/567150382","name":"The Wheatbaker Hotel","category":"tourism=hotel"},"geometry":{"type":"Point","coordinates":[3.445678,6.4536276]}},{"type":"Feature","properties":{"id":"way/363806891","name":"Omenka Art Gallery and Garden Cafe","category":"shop=art"},"geometry":{"type":"Point","coordinates":[3.4342948,6.4638177]}},{"type":"Feature","properties":{"id":"way/543998062","name":"BG Gardens","category":"amenity=restaurant"},"geometry":{"type":"Point","coordinates":[3.4345807,6.4640338]}},{"type":"Feature","properties":{"id":"way/570657218","name":"Residence of the U.S. Consul General","category":"office=diplomatic"},"geometry":{"type":"Point","coordinates":[3.4351898,6.463172]}},{"type":"Feature","properties":{"id":"way/540869075","name":"Greenwood House School","category":"amenity=school"},"geometry":{"type":"Point","coordinates":[3.446499,6.4608108]}},{"type":"Feature","properties":{"id":"way/922935426","name":"Parkview Astoria","category":"tourism=hotel"},"geometry":{"type":"Point","coordinates":[3.4421617,6.4639035]}},{"type":"Feature","properties":{"id":"way/539288415","name":"Uber Nigeria HQ","category":"office=company"},"geometry":{"type":"Point","coordinates":[3.4498998,6.4526944]}},{"type":"Feature","properties":{"id":"way/958980543","name":"Movamo Court Swiming Pool","category":"leisure=swimming_pool"},"geometry":{"type":"Point","coordinates":[3.4588776,6.4534608]}},{"type":"Feature","properties":{"id":"way/958980544","name":"Movamo Court Gym","category":"leisure=fitness_centre"},"geometry":{"type":"Point","coordinates":[3.4588186,6.4536034]}},{"type":"Feature","properties":{"id":"way/958980545","name":"Movamo Court Tennis Court","category":"leisure=pitch"},"geometry":{"type":"Point","coordinates":[3.459072,6.453682]}},{"type":"Feature","properties":{"id":"way/570559570","name":"Banana Island School","category":"amenity=school"},"geometry":{"type":"Point","coordinates":[3.4539444,6.4637521]}},{"type":"Feature","properties":{"id":"way/786552710","name":"Market","category":"amenity=marketplace"},"geometry":{"type":"Point","coordinates":[3.3627081,6.4693065]}},{"type":"Feature","properties":{"id":"way/539288366","name":"University of Lagos","category":"amenity=university"},"geometry":{"type":"Point","coordinates":[3.3941414,6.5120106]}},{"type":"Feature","properties":{"id":"way/217574079","name":"National Arts Theatre","category":"amenity=theatre"},"geometry":{"type":"Point","coordinates":[3.3694922,6.4764727]}},{"type":"Feature","properties":{"id":"way/671850899","name":"Iponri Market","category":"amenity=marketplace"},"geometry":{"type":"Point","coordinates":[3.364343,6.4849331]}},{"type":"Feature","properties":{"id":"way/297477176","name":"Shoprite","category":"shop=supermarket"},"geometry":{"type":"Point","coordinates":[3.3570587,6.4909787]}},{"type":"Feature","properties":{"id":"way/1278524425","name":"Costain Bus stop","category":"amenity=bus_station"},"geometry":{"type":"Point","coordinates":[3.3693166,6.4818513]}},{"type":"Feature","properties":{"id":"way/803364243","name":"Federal Medical Centre","category":"amenity=hospital"},"geometry":{"type":"Point","coordinates":[3.3806661,6.4841274]}},{"type":"Feature","properties":{"id":"way/284595642","name":"Evans Square","category":"leisure=sports_centre"},"geometry":{"type":"Point","coordinates":[3.3816864,6.4901628]}},{"type":"Feature","properties":{"id":"way/775433553","name":"St. Saviour's School Ebute-Metta","category":"amenity=school"},"geometry":{"type":"Point","coordinates":[3.375584,6.4904857]}},{"type":"Feature","properties":{"id":"way/775434215","name":"Ascon","category":"amenity=fuel"},"geometry":{"type":"Point","coordinates":[3.3806638,6.4882938]}},{"type":"Feature","properties":{"id":"way/775434220","name":"Total","category":"amenity=fuel"},"geometry":{"type":"Point","coordinates":[3.3797795,6.4904427]}},{"type":"Feature","properties":{"id":"way/787279964","name":"Iddo Market","category":"amenity=marketplace"},"geometry":{"type":"Point","coordinates":[3.3832953,6.4707515]}},{"type":"Feature","properties":{"id":"way/735339467","name":"Market","category":"amenity=marketplace"},"geometry":{"type":"Point","coordinates":[3.3838503,6.4767309]}},{"type":"Feature","properties":{"id":"way/706089072","name":"Oyingbo Bus Terminal","category":"amenity=bus_station"},"geometry":{"type":"Point","coordinates":[3.3829066,6.4808992]}},{"type":"Feature","properties":{"id":"way/706089074","name":"St. Judes Anglican Church","category":"amenity=place_of_worship"},"geometry":{"type":"Point","coordinates":[3.384036,6.4849083]}},{"type":"Feature","properties":{"id":"way/775434207","name":"Saint Pauls Catholic Church","category":"amenity=place_of_worship"},"geometry":{"type":"Point","coordinates":[3.3823738,6.4846482]}},{"type":"Feature","properties":{"id":"way/775431197","name":"Ebute Metta Health Centre","category":"amenity=clinic"},"geometry":{"type":"Point","coordinates":[3.3849269,6.4880478]}},{"type":"Feature","properties":{"id":"way/775431198","name":"Ebute Metta Primary School","category":"amenity=school"},"geometry":{"type":"Point","coordinates":[3.3853193,6.488206]}},{"type":"Feature","properties":{"id":"way/775431199","name":"Christ Anglican Church, Ebute-Metta","category":"amenity=place_of_worship"},"geometry":{"type":"Point","coordinates":[3.3856296,6.4896296]}},{"type":"Feature","properties":{"id":"way/776090349","name":"St. Judes Anglican Primary School","category":"amenity=school"},"geometry":{"type":"Point","coordinates":[3.3835337,6.4851879]}},{"type":"Feature","properties":{"id":"way/128893941","name":"Lagos National Stadium Complex","category":"leisure=sports_centre"},"geometry":{"type":"Point","coordinates":[3.3645741,6.4982689]}},{"type":"Feature","properties":{"id":"way/215667109","name":"Lagos National Stadium","category":"leisure=stadium"},"geometry":{"type":"Point","coordinates":[3.3649764,6.4970774]}},{"type":"Feature","properties":{"id":"way/363811834","name":"Osh Gallery","category":"shop=art"},"geometry":{"type":"Point","coordinates":[3.3773928,6.5044371]}},{"type":"Feature","properties":{"id":"way/707941982","name":"Randle General Hospital","category":"amenity=hospital"},"geometry":{"type":"Point","coordinates":[3.3575671,6.5081637]}},{"type":"Feature","properties":{"id":"way/671850898","name":"Tejuosho Shopping Centre","category":"shop=mall"},"geometry":{"type":"Point","coordinates":[3.3697531,6.5081485]}},{"type":"Feature","properties":{"id":"way/10223023","name":"Total Filling Station","category":"amenity=fuel"},"geometry":{"type":"Point","coordinates":[3.3587105,6.512113]}},{"type":"Feature","properties":{"id":"way/803294342","name":"Federal Psychiatric Hospital Yaba","category":"amenity=hospital"},"geometry":{"type":"Point","coordinates":[3.3731926,6.5099506]}},{"type":"Feature","properties":{"id":"way/671850885","name":"Yaba College of Technology","category":"amenity=college"},"geometry":{"type":"Point","coordinates":[3.3742354,6.5185678]}},{"type":"Feature","properties":{"id":"way/707609369","name":"Yaba Bus Terminal","category":"amenity=bus_station"},"geometry":{"type":"Point","coordinates":[3.3707987,6.5108145]}},{"type":"Feature","properties":{"id":"way/760061876","name":"Mechanical Workshop 2","category":"shop=tool_hire"},"geometry":{"type":"Point","coordinates":[3.3743701,6.5175616]}},{"type":"Feature","properties":{"id":"way/760061877","name":"Zenith Bank/CITM","category":"amenity=bank"},"geometry":{"type":"Point","coordinates":[3.3741231,6.5175212]}},{"type":"Feature","properties":{"id":"way/760061883","name":"College Hall","category":"amenity=school"},"geometry":{"type":"Point","coordinates":[3.374917,6.5165721]}},{"type":"Feature","properties":{"id":"way/760061890","name":"Central Library","category":"amenity=library"},"geometry":{"type":"Point","coordinates":[3.375323,6.5176029]}},{"type":"Feature","properties":{"id":"way/803289541","name":"Lagos Health Center Harvey Road","category":"amenity=hospital"},"geometry":{"type":"Point","coordinates":[3.3734426,6.5107918]}},{"type":"Feature","properties":{"id":"way/760459310","name":"Mechanical maintainance Workshop","category":"shop=car_repair"},"geometry":{"type":"Point","coordinates":[3.3737489,6.5169888]}},{"type":"Feature","properties":{"id":"way/761196198","name":"Fire service","category":"amenity=fire_station"},"geometry":{"type":"Point","coordinates":[3.3743434,6.5171042]}},{"type":"Feature","properties":{"id":"way/795581891","name":"Lagos Emergency Operations Center","category":"amenity=hospital"},"geometry":{"type":"Point","coordinates":[3.3710344,6.5113657]}},{"type":"Feature","properties":{"id":"way/803362520","name":"Ayeitoro PHC","category":"amenity=hospital"},"geometry":{"type":"Point","coordinates":[3.387415,6.4927587]}},{"type":"Feature","properties":{"id":"way/745376649","name":"Sports Complex","category":"leisure=park"},"geometry":{"type":"Point","coordinates":[3.3928851,6.5010404]}},{"type":"Feature","properties":{"id":"way/535000549","name":"Kokobire","category":"leisure=park"},"geometry":{"type":"Point","coordinates":[3.3942738,6.5082476]}},{"type":"Feature","properties":{"id":"way/707208516","name":"Swimming Pool Facility","category":"leisure=sports_centre"},"geometry":{"type":"Point","coordinates":[3.3899323,6.5171653]}},{"type":"Feature","properties":{"id":"way/370047009","name":"Multipurpose Hall","category":"leisure=sports_hall"},"geometry":{"type":"Point","coordinates":[3.387404,6.5167476]}},{"type":"Feature","properties":{"id":"way/1065041126","name":"University of Lagos Cricket Oval","category":"leisure=pitch"},"geometry":{"type":"Point","coordinates":[3.3893794,6.5149551]}},{"type":"Feature","properties":{"id":"way/707234131","name":"UNILAG Medical Centre","category":"amenity=clinic"},"geometry":{"type":"Point","coordinates":[3.3965452,6.5145423]}},{"type":"Feature","properties":{"id":"way/555290584","name":"Ocean Crest School","category":"amenity=school"},"geometry":{"type":"Point","coordinates":[3.4657428,6.428543]}},{"type":"Feature","properties":{"id":"way/707018435","name":"Kudi","category":"office=company"},"geometry":{"type":"Point","coordinates":[3.4604307,6.4266127]}},{"type":"Feature","properties":{"id":"way/802983686","name":"Medison Specialist Women's Hospital","category":"amenity=hospital"},"geometry":{"type":"Point","coordinates":[3.4642416,6.4285584]}},{"type":"Feature","properties":{"id":"way/1272911129","name":"Medison Specialist Women's Hospital","category":"amenity=hospital"},"geometry":{"type":"Point","coordinates":[3.4642786,6.4284248]}},{"type":"Feature","properties":{"id":"way/598412444","name":"Pinnacle Oil Fuel Station","category":"amenity=fuel"},"geometry":{"type":"Point","coordinates":[3.4677957,6.4299828]}},{"type":"Feature","properties":{"id":"way/1267887514","name":"Verdic Life Care Hospital","category":"amenity=hospital"},"geometry":{"type":"Point","coordinates":[3.4720577,6.4322132]}},{"type":"Feature","properties":{"id":"way/551350580","name":"Lagoon School","category":"amenity=school"},"geometry":{"type":"Point","coordinates":[3.4677421,6.4346932]}},{"type":"Feature","properties":{"id":"way/570496212","name":"Grace Garden Event Place","category":"amenity=events_venue"},"geometry":{"type":"Point","coordinates":[3.4713383,6.4375495]}},{"type":"Feature","properties":{"id":"way/598412469","name":"Petrocam Fuel Station","category":"amenity=fuel"},"geometry":{"type":"Point","coordinates":[3.4742888,6.4310122]}},{"type":"Feature","properties":{"id":"way/1273388840","name":"OMS House","category":"amenity=restaurant"},"geometry":{"type":"Point","coordinates":[3.4777036,6.4304183]}},{"type":"Feature","properties":{"id":"way/363752678","name":"Nike Art Gallery","category":"tourism=gallery"},"geometry":{"type":"Point","coordinates":[3.48189,6.4315209]}},{"type":"Feature","properties":{"id":"way/544212489","name":"Lekki Muslim Nursery and Primary School","category":"amenity=childcare"},"geometry":{"type":"Point","coordinates":[3.4750864,6.4390235]}},{"type":"Feature","properties":{"id":"way/598412453","name":"MRS Fuel Station","category":"amenity=fuel"},"geometry":{"type":"Point","coordinates":[3.4845593,6.4339674]}},{"type":"Feature","properties":{"id":"way/1253396670","name":"Lokito Restaurant","category":"amenity=restaurant"},"geometry":{"type":"Point","coordinates":[3.4848215,6.437519]}},{"type":"Feature","properties":{"id":"way/796421524","name":"Dilly Motors Ltd.","category":"shop=car"},"geometry":{"type":"Point","coordinates":[3.4930801,6.4351377]}},{"type":"Feature","properties":{"id":"way/599054209","name":"Oando Fuel Station","category":"amenity=fuel"},"geometry":{"type":"Point","coordinates":[3.4913133,6.4331593]}},{"type":"Feature","properties":{"id":"way/599054233","name":"Conoil Fuel Station","category":"amenity=fuel"},"geometry":{"type":"Point","coordinates":[3.4905584,6.4349092]}},{"type":"Feature","properties":{"id":"way/796421501","name":"Parktonian Hotel Ikate","category":"tourism=hotel"},"geometry":{"type":"Point","coordinates":[3.4926037,6.4351197]}},{"type":"Feature","properties":{"id":"way/796421517","name":"Sabitex Hotel Lekki","category":"tourism=hotel"},"geometry":{"type":"Point","coordinates":[3.4928498,6.4351567]}},{"type":"Feature","properties":{"id":"way/599054224","name":"World Oil Fuel Station","category":"amenity=fuel"},"geometry":{"type":"Point","coordinates":[3.4955312,6.4340895]}},{"type":"Feature","properties":{"id":"way/599054253","name":"Total","category":"amenity=fuel"},"geometry":{"type":"Point","coordinates":[3.4966688,6.4356152]}},{"type":"Feature","properties":{"id":"way/796421530","name":"The Bespoke Center","category":"amenity=events_venue"},"geometry":{"type":"Point","coordinates":[3.4933283,6.4351958]}},{"type":"Feature","properties":{"id":"way/643481478","name":"Nigerian Police Ilasan Division","category":"amenity=police"},"geometry":{"type":"Point","coordinates":[3.5030192,6.4334478]}},{"type":"Feature","properties":{"id":"way/544212474","name":"Enrico Mattei Italian International School Lagos","category":"amenity=school"},"geometry":{"type":"Point","coordinates":[3.4657372,6.4449396]}},{"type":"Feature","properties":{"id":"way/930433197","name":"H21 Apartments and Lounge","category":"tourism=apartment"},"geometry":{"type":"Point","coordinates":[3.4635892,6.4408714]}},{"type":"Feature","properties":{"id":"way/504468149","name":"Filmhouse IMAX Lekki","category":"amenity=cinema"},"geometry":{"type":"Point","coordinates":[3.4713904,6.4392376]}},{"type":"Feature","properties":{"id":"way/544212470","name":"The Rock Montessori School","category":"amenity=school"},"geometry":{"type":"Point","coordinates":[3.4718941,6.440087]}},{"type":"Feature","properties":{"id":"way/555290513","name":"Divine Loaves and Pastries","category":"shop=bakery"},"geometry":{"type":"Point","coordinates":[3.4716463,6.4430249]}},{"type":"Feature","properties":{"id":"way/570496234","name":"Trocadero Square","category":"shop=mall"},"geometry":{"type":"Point","coordinates":[3.4717284,6.4394343]}},{"type":"Feature","properties":{"id":"way/610029912","name":"Loshes Chocolate","category":"shop=yes"},"geometry":{"type":"Point","coordinates":[3.472861,6.4448379]}},{"type":"Feature","properties":{"id":"way/1268728999","name":"The Dripped Collection","category":"shop=fashion_accessories"},"geometry":{"type":"Point","coordinates":[3.4695893,6.4429399]}},{"type":"Feature","properties":{"id":"way/555290455","name":"Lekki British School","category":"amenity=school"},"geometry":{"type":"Point","coordinates":[3.4709945,6.4441181]}},{"type":"Feature","properties":{"id":"way/555290499","name":"Lekki British Junior School","category":"amenity=school"},"geometry":{"type":"Point","coordinates":[3.4714482,6.4451984]}},{"type":"Feature","properties":{"id":"way/598412430","name":"Ascon Fuel Station","category":"amenity=fuel"},"geometry":{"type":"Point","coordinates":[3.4620567,6.4464244]}},{"type":"Feature","properties":{"id":"way/555290536","name":"Crisland School Lekki","category":"amenity=school"},"geometry":{"type":"Point","coordinates":[3.4704193,6.4469808]}},{"type":"Feature","properties":{"id":"way/568364469","name":"Dover Hotel","category":"tourism=hotel"},"geometry":{"type":"Point","coordinates":[3.4714018,6.4468877]}},{"type":"Feature","properties":{"id":"way/568364472","name":"Lilygate Hotel","category":"tourism=hotel"},"geometry":{"type":"Point","coordinates":[3.4701759,6.4459028]}},{"type":"Feature","properties":{"id":"way/625815356","name":"Reeds & Scents","category":"shop=yes"},"geometry":{"type":"Point","coordinates":[3.4726424,6.4468899]}},{"type":"Feature","properties":{"id":"way/625815357","name":"HealthPlus","category":"amenity=pharmacy"},"geometry":{"type":"Point","coordinates":[3.472658,6.4467799]}},{"type":"Feature","properties":{"id":"way/625815368","name":"The House Caf\u00e9","category":"amenity=restaurant"},"geometry":{"type":"Point","coordinates":[3.4726598,6.4466096]}},{"type":"Feature","properties":{"id":"way/643481409","name":"Forte Oil Fuel Station","category":"amenity=fuel"},"geometry":{"type":"Point","coordinates":[3.4705611,6.4481431]}},{"type":"Feature","properties":{"id":"way/775899029","name":"UBA","category":"amenity=bank"},"geometry":{"type":"Point","coordinates":[3.4696978,6.4474237]}},{"type":"Feature","properties":{"id":"way/793732352","name":"Nigerian-British Chamber of Commerce","category":"office=quango"},"geometry":{"type":"Point","coordinates":[3.4707929,6.4458116]}},{"type":"Feature","properties":{"id":"way/793732387","name":"Parktonian Hotel","category":"tourism=hotel"},"geometry":{"type":"Point","coordinates":[3.4693732,6.4473166]}},{"type":"Feature","properties":{"id":"way/941038668","name":"Miskay Boutique","category":"shop=mall"},"geometry":{"type":"Point","coordinates":[3.4769261,6.4429126]}},{"type":"Feature","properties":{"id":"way/1269073017","name":"89 Stakes Lifestyle","category":"shop=clothes"},"geometry":{"type":"Point","coordinates":[3.4811621,6.4430852]}},{"type":"Feature","properties":{"id":"way/1305931916","name":"celestial church of christ","category":"amenity=place_of_worship"},"geometry":{"type":"Point","coordinates":[3.4840181,6.4422579]}},{"type":"Feature","properties":{"id":"way/598412522","name":"The Dome","category":"amenity=place_of_worship"},"geometry":{"type":"Point","coordinates":[3.4825299,6.4469854]}},{"type":"Feature","properties":{"id":"way/1217299737","name":"Children's International School","category":"amenity=school"},"geometry":{"type":"Point","coordinates":[3.4841412,6.4495095]}},{"type":"Feature","properties":{"id":"way/1124312444","name":"Hotel Madiba","category":"tourism=hotel"},"geometry":{"type":"Point","coordinates":[3.4906726,6.4414994]}},{"type":"Feature","properties":{"id":"way/316707040","name":"Spar","category":"shop=supermarket"},"geometry":{"type":"Point","coordinates":[3.4958624,6.4395551]}},{"type":"Feature","properties":{"id":"way/525043228","name":"National Orthopaedic Hospital Igbobi","category":"amenity=hospital"},"geometry":{"type":"Point","coordinates":[3.3706452,6.5314302]}},{"type":"Feature","properties":{"id":"way/783485091","name":"Market","category":"amenity=marketplace"},"geometry":{"type":"Point","coordinates":[3.3612291,6.5228648]}},{"type":"Feature","properties":{"id":"way/783485107","name":"Zenith Bank","category":"amenity=bank"},"geometry":{"type":"Point","coordinates":[3.3603704,6.5257946]}},{"type":"Feature","properties":{"id":"way/783485111","name":"Conoil","category":"amenity=fuel"},"geometry":{"type":"Point","coordinates":[3.3596766,6.5262163]}},{"type":"Feature","properties":{"id":"way/783485112","name":"Sterling Bank","category":"amenity=bank"},"geometry":{"type":"Point","coordinates":[3.3609908,6.5253249]}},{"type":"Feature","properties":{"id":"way/783485114","name":"GTBank","category":"amenity=bank"},"geometry":{"type":"Point","coordinates":[3.3616976,6.524705]}},{"type":"Feature","properties":{"id":"way/792734950","name":"Market","category":"amenity=marketplace"},"geometry":{"type":"Point","coordinates":[3.3581981,6.527336]}},{"type":"Feature","properties":{"id":"way/671850895","name":"Yabatech Sports field","category":"leisure=pitch"},"geometry":{"type":"Point","coordinates":[3.374436,6.5187266]}},{"type":"Feature","properties":{"id":"way/760459317","name":"College Central mosque","category":"amenity=place_of_worship"},"geometry":{"type":"Point","coordinates":[3.3724077,6.5192566]}},{"type":"Feature","properties":{"id":"way/760459327","name":"Quaters","category":"tourism=hostel"},"geometry":{"type":"Point","coordinates":[3.3721697,6.5194587]}},{"type":"Feature","properties":{"id":"way/330159306","name":"YabaTech Sports Field","category":"leisure=sports_centre"},"geometry":{"type":"Point","coordinates":[3.3741305,6.5186076]}},{"type":"Feature","properties":{"id":"way/760459336","name":"Girls hostel","category":"tourism=hostel"},"geometry":{"type":"Point","coordinates":[3.3748214,6.5196144]}},{"type":"Feature","properties":{"id":"way/741295045","name":"Igbobi College","category":"amenity=school"},"geometry":{"type":"Point","coordinates":[3.3711133,6.5282902]}},{"type":"Feature","properties":{"id":"way/803347476","name":"MARANATHA MEDICAL CENTER","category":"amenity=hospital"},"geometry":{"type":"Point","coordinates":[3.3803186,6.5292043]}},{"type":"Feature","properties":{"id":"way/671850883","name":"Forte Oil","category":"amenity=fuel"},"geometry":{"type":"Point","coordinates":[3.3678893,6.5324395]}},{"type":"Feature","properties":{"id":"way/1444109026","name":"FAPPS","category":"shop=copyshop"},"geometry":{"type":"Point","coordinates":[3.3723485,6.5365163]}},{"type":"Feature","properties":{"id":"way/914681326","name":"CCC OMOALADE ALAFIA PARISH SOMOLU LAGOS","category":"amenity=place_of_worship"},"geometry":{"type":"Point","coordinates":[3.3772258,6.5409089]}},{"type":"Feature","properties":{"id":"way/914682646","name":"Racholadeore Bags","category":"shop=fashion_accessories"},"geometry":{"type":"Point","coordinates":[3.3777107,6.5408258]}},{"type":"Feature","properties":{"id":"way/914682647","name":"OLUWASEUN COLLECTION","category":"shop=fashion_accessories"},"geometry":{"type":"Point","coordinates":[3.3776425,6.5406751]}},{"type":"Feature","properties":{"id":"way/1110114187","name":"The Gospel Church of Holy C&S","category":"amenity=place_of_worship"},"geometry":{"type":"Point","coordinates":[3.376733,6.5396032]}},{"type":"Feature","properties":{"id":"way/1110114188","name":"Schurch-A Enterprise","category":"shop=computer"},"geometry":{"type":"Point","coordinates":[3.3776415,6.5394473]}},{"type":"Feature","properties":{"id":"way/735021280","name":"Federal College of Education (Technical), Akoka","category":"amenity=university"},"geometry":{"type":"Point","coordinates":[3.383832,6.5214802]}},{"type":"Feature","properties":{"id":"way/650873126","name":"Chapel of Christ Our Light","category":"amenity=place_of_worship"},"geometry":{"type":"Point","coordinates":[3.3895417,6.518541]}},{"type":"Feature","properties":{"id":"way/1286088886","name":"Unilag Islamic Center","category":"amenity=place_of_worship"},"geometry":{"type":"Point","coordinates":[3.3902768,6.5189492]}},{"type":"Feature","properties":{"id":"way/707240101","name":"Unilag Shuttle Bus Station","category":"amenity=bus_station"},"geometry":{"type":"Point","coordinates":[3.3948449,6.5184219]}},{"type":"Feature","properties":{"id":"way/650883644","name":"University of Lagos Bookshop","category":"shop=books"},"geometry":{"type":"Point","coordinates":[3.3974322,6.5186502]}},{"type":"Feature","properties":{"id":"way/653186159","name":"Guest House","category":"tourism=hotel"},"geometry":{"type":"Point","coordinates":[3.3989302,6.5218256]}},{"type":"Feature","properties":{"id":"way/525043233","name":"CMS Grammar School","category":"amenity=school"},"geometry":{"type":"Point","coordinates":[3.3875044,6.5331414]}},{"type":"Feature","properties":{"id":"way/928316788","name":"Obalenaro hotel","category":"tourism=hotel"},"geometry":{"type":"Point","coordinates":[3.3847106,6.5413325]}},{"type":"Feature","properties":{"id":"way/735024479","name":"Market","category":"amenity=marketplace"},"geometry":{"type":"Point","coordinates":[3.3929875,6.5384812]}},{"type":"Feature","properties":{"id":"way/1110102861","name":"Assemblies of God Church, Bariga","category":"amenity=place_of_worship"},"geometry":{"type":"Point","coordinates":[3.3916732,6.5416377]}},{"type":"Feature","properties":{"id":"way/1322492299","name":"bbc","category":"leisure=park"},"geometry":{"type":"Point","coordinates":[3.3654972,6.548445]}},{"type":"Feature","properties":{"id":"way/604386577","name":"Indian Language School Lagos","category":"amenity=school"},"geometry":{"type":"Point","coordinates":[3.364235,6.551784]}},{"type":"Feature","properties":{"id":"way/792352397","name":"Lagos Baptist Academy","category":"amenity=school"},"geometry":{"type":"Point","coordinates":[3.370912,6.5463251]}},{"type":"Feature","properties":{"id":"way/671850874","name":"The Redeemed Evangelical Mission","category":"amenity=place_of_worship"},"geometry":{"type":"Point","coordinates":[3.3721737,6.5533095]}},{"type":"Feature","properties":{"id":"way/656066127","name":"YKT Fuel Station","category":"amenity=fuel"},"geometry":{"type":"Point","coordinates":[3.3933537,6.5491561]}},{"type":"Feature","properties":{"id":"way/1249947918","name":"His Worship Christian Network","category":"amenity=place_of_worship"},"geometry":{"type":"Point","coordinates":[3.3914886,6.5469297]}},{"type":"Feature","properties":{"id":"way/394119616","name":"Gbagada General Hospital","category":"amenity=hospital"},"geometry":{"type":"Point","coordinates":[3.3869044,6.552461]}},{"type":"Feature","properties":{"id":"way/742515535","name":"Methodist Primary School","category":"amenity=school"},"geometry":{"type":"Point","coordinates":[3.4746981,6.5536601]}},{"type":"Feature","properties":{"id":"relation/17620486","name":"Bursary/Registry unit","category":"amenity=money_transfer"},"geometry":{"type":"Point","coordinates":[3.3740941,6.5168302]}},{"type":"Feature","properties":{"id":"relation/8334889","name":"Standard Chartered Bank","category":"amenity=bank"},"geometry":{"type":"Point","coordinates":[3.469259,6.4318455]}},{"type":"Feature","properties":{"id":"relation/10531661","name":"Girls Hostel","category":"tourism=hostel"},"geometry":{"type":"Point","coordinates":[3.3747133,6.5198697]}},{"type":"Feature","properties":{"id":"node/6518697912","name":"","category":"public_transport=platform"},"geometry":{"type":"Point","coordinates":[3.3420418,6.5796001]}},{"type":"Feature","properties":{"id":"node/6518697911","name":"","category":"public_transport=platform"},"geometry":{"type":"Point","coordinates":[3.3436566,6.5756883]}},{"type":"Feature","properties":{"id":"node/2990336532","name":"Mr. Bigs","category":"amenity=restaurant"},"geometry":{"type":"Point","coordinates":[3.3325658,6.5896335]}},{"type":"Feature","properties":{"id":"node/4781798315","name":"KFC","category":"amenity=fast_food"},"geometry":{"type":"Point","coordinates":[3.3334641,6.5850736]}},{"type":"Feature","properties":{"id":"node/4781798316","name":"Chicken Republic","category":"amenity=fast_food"},"geometry":{"type":"Point","coordinates":[3.3334715,6.5849528]}},{"type":"Feature","properties":{"id":"node/4882131769","name":"Spar","category":"shop=supermarket"},"geometry":{"type":"Point","coordinates":[3.3334789,6.5847916]}},{"type":"Feature","properties":{"id":"node/4882134391","name":"Aircraft","category":"tourism=museum"},"geometry":{"type":"Point","coordinates":[3.3338054,6.5891273]}},{"type":"Feature","properties":{"id":"node/11118810605","name":"Murtala Muhammed Airport Terminal 2","category":"amenity=building"},"geometry":{"type":"Point","coordinates":[3.3329165,6.5848212]}},{"type":"Feature","properties":{"id":"node/6518697915","name":"","category":"public_transport=platform"},"geometry":{"type":"Point","coordinates":[3.3389332,6.5873149]}},{"type":"Feature","properties":{"id":"node/12299738960","name":"Lagos State Electricity Board","category":"office=government"},"geometry":{"type":"Point","coordinates":[3.3410649,6.5843469]}},{"type":"Feature","properties":{"id":"node/12260658337","name":"Ikeja","category":"public_transport=station"},"geometry":{"type":"Point","coordinates":[3.3373455,6.5919092]}},{"type":"Feature","properties":{"id":"node/12260658338","name":"Ikeja","category":"public_transport=stop_position"},"geometry":{"type":"Point","coordinates":[3.3373676,6.5919181]}},{"type":"Feature","properties":{"id":"node/12260658339","name":"Ikeja","category":"public_transport=stop_position"},"geometry":{"type":"Point","coordinates":[3.3373215,6.5918998]}},{"type":"Feature","properties":{"id":"node/9653831274","name":"Polaris Bank Limited","category":"amenity=bank"},"geometry":{"type":"Point","coordinates":[3.3426914,6.59318]}},{"type":"Feature","properties":{"id":"node/7367783186","name":"The Nigeria Police - Anti-Bomb EOD","category":"office=government"},"geometry":{"type":"Point","coordinates":[3.3518842,6.5911346]}},{"type":"Feature","properties":{"id":"node/8540613736","name":"Agege","category":"public_transport=stop_position"},"geometry":{"type":"Point","coordinates":[3.3261043,6.6194623]}},{"type":"Feature","properties":{"id":"node/8540613737","name":"Agege","category":"public_transport=stop_position"},"geometry":{"type":"Point","coordinates":[3.3262218,6.6195027]}},{"type":"Feature","properties":{"id":"node/12260658323","name":"Agege","category":"public_transport=station"},"geometry":{"type":"Point","coordinates":[3.3261746,6.619459]}},{"type":"Feature","properties":{"id":"node/6985981696","name":"Heyden","category":"amenity=fuel"},"geometry":{"type":"Point","coordinates":[3.3315049,6.6025358]}},{"type":"Feature","properties":{"id":"node/9127712617","name":"Ikeja Along","category":"public_transport=platform"},"geometry":{"type":"Point","coordinates":[3.3345357,6.5986825]}},{"type":"Feature","properties":{"id":"node/2178399723","name":"","category":"amenity=restaurant"},"geometry":{"type":"Point","coordinates":[3.3401159,6.5967261]}},{"type":"Feature","properties":{"id":"node/9127712613","name":"","category":"amenity=fuel"},"geometry":{"type":"Point","coordinates":[3.3308201,6.6072531]}},{"type":"Feature","properties":{"id":"node/6462559962","name":"Mo Bella","category":"shop=beauty"},"geometry":{"type":"Point","coordinates":[3.3444746,6.6000925]}},{"type":"Feature","properties":{"id":"node/13001848601","name":"Bokku! Mart","category":"shop=convenience"},"geometry":{"type":"Point","coordinates":[3.3444175,6.6012797]}},{"type":"Feature","properties":{"id":"node/4334833890","name":"7 Points Bar and Grill","category":"amenity=bar"},"geometry":{"type":"Point","coordinates":[3.3529799,6.6015464]}},{"type":"Feature","properties":{"id":"node/5902076590","name":"Health Plus","category":"amenity=pharmacy"},"geometry":{"type":"Point","coordinates":[3.3542673,6.5969362]}},{"type":"Feature","properties":{"id":"node/5902076599","name":"Akokemac and Associates","category":"office=estate_agent"},"geometry":{"type":"Point","coordinates":[3.3544819,6.5966208]}},{"type":"Feature","properties":{"id":"node/5902076600","name":"Foto Plus","category":"shop=photo"},"geometry":{"type":"Point","coordinates":[3.354435,6.5966781]}},{"type":"Feature","properties":{"id":"node/5906765921","name":"Busen","category":"shop=clothes"},"geometry":{"type":"Point","coordinates":[3.3538107,6.5977172]}},{"type":"Feature","properties":{"id":"node/5906765922","name":"Cash 'N' Carry","category":"shop=electronics"},"geometry":{"type":"Point","coordinates":[3.3538529,6.5976532]}},{"type":"Feature","properties":{"id":"node/5906765949","name":"Ashani Studio & Beau Monde","category":"shop=clothes"},"geometry":{"type":"Point","coordinates":[3.3539595,6.5972462]}},{"type":"Feature","properties":{"id":"node/5906765950","name":"Mega Vision","category":"shop=optician"},"geometry":{"type":"Point","coordinates":[3.3539649,6.5973155]}},{"type":"Feature","properties":{"id":"node/5906765951","name":"Silky Touch Emporium","category":"shop=clothes"},"geometry":{"type":"Point","coordinates":[3.3539716,6.5973888]}},{"type":"Feature","properties":{"id":"node/5912282956","name":"Honeytenny","category":"shop=clothes"},"geometry":{"type":"Point","coordinates":[3.3535686,6.5981182]}},{"type":"Feature","properties":{"id":"node/5912282957","name":"Dreamfield Juice & Salad Bar","category":"amenity=cafe"},"geometry":{"type":"Point","coordinates":[3.3536679,6.597941]}},{"type":"Feature","properties":{"id":"node/5912282958","name":"Fouani","category":"shop=electronics"},"geometry":{"type":"Point","coordinates":[3.3537135,6.5978664]}},{"type":"Feature","properties":{"id":"node/5912282959","name":"Just Furniture","category":"shop=furniture"},"geometry":{"type":"Point","coordinates":[3.3539924,6.5981395]}},{"type":"Feature","properties":{"id":"node/5912282960","name":"Premium Pension Limited","category":"office=financial"},"geometry":{"type":"Point","coordinates":[3.3539575,6.5982181]}},{"type":"Feature","properties":{"id":"node/6687550177","name":"Domus Fidei","category":"tourism=guest_house"},"geometry":{"type":"Point","coordinates":[3.3498348,6.5975601]}},{"type":"Feature","properties":{"id":"node/10215240522","name":"Citilane Royal Hotel","category":"tourism=hotel"},"geometry":{"type":"Point","coordinates":[3.3529185,6.6024309]}},{"type":"Feature","properties":{"id":"node/5902077813","name":"Fela Kuti Memorial","category":"historic=memorial"},"geometry":{"type":"Point","coordinates":[3.348465,6.6028442]}},{"type":"Feature","properties":{"id":"node/2197600001","name":"","category":"amenity=bank"},"geometry":{"type":"Point","coordinates":[3.3493146,6.6063636]}},{"type":"Feature","properties":{"id":"node/3453988733","name":"Libra Reliance Properties","category":"office=estate_agent"},"geometry":{"type":"Point","coordinates":[3.3511864,6.6031084]}},{"type":"Feature","properties":{"id":"node/5665166521","name":"Lee Group of Company","category":"office=company"},"geometry":{"type":"Point","coordinates":[3.3398228,6.6145465]}},{"type":"Feature","properties":{"id":"node/6992566358","name":"Zenith Bank","category":"amenity=bank"},"geometry":{"type":"Point","coordinates":[3.3460822,6.613036]}},{"type":"Feature","properties":{"id":"node/6992566379","name":"Glonik Hotels","category":"tourism=hotel"},"geometry":{"type":"Point","coordinates":[3.3445304,6.6202264]}},{"type":"Feature","properties":{"id":"node/2331986067","name":"Mobil","category":"amenity=fuel"},"geometry":{"type":"Point","coordinates":[3.3530777,6.6208582]}},{"type":"Feature","properties":{"id":"node/5242944484","name":"Samsung Engineering Academy Lagos","category":"office=educational_institution"},"geometry":{"type":"Point","coordinates":[3.3536468,6.6223267]}},{"type":"Feature","properties":{"id":"node/6992408897","name":"IP","category":"amenity=fuel"},"geometry":{"type":"Point","coordinates":[3.3550873,6.6210255]}},{"type":"Feature","properties":{"id":"node/6992566426","name":"Union Bank","category":"amenity=bank"},"geometry":{"type":"Point","coordinates":[3.3424556,6.6249309]}},{"type":"Feature","properties":{"id":"node/6992566427","name":"UBA","category":"amenity=bank"},"geometry":{"type":"Point","coordinates":[3.3429308,6.62441]}},{"type":"Feature","properties":{"id":"node/3013698730","name":"New China Restaurant","category":"amenity=restaurant"},"geometry":{"type":"Point","coordinates":[3.3599404,6.5825385]}},{"type":"Feature","properties":{"id":"node/5231558249","name":"Jacaranda Casino","category":"amenity=casino"},"geometry":{"type":"Point","coordinates":[3.3597375,6.5830852]}},{"type":"Feature","properties":{"id":"node/5231558375","name":"CUT Steakhouse","category":"amenity=restaurant"},"geometry":{"type":"Point","coordinates":[3.3589115,6.5819338]}},{"type":"Feature","properties":{"id":"node/5238498830","name":"R Bar","category":"amenity=bar"},"geometry":{"type":"Point","coordinates":[3.3588797,6.5817265]}},{"type":"Feature","properties":{"id":"node/5238498831","name":"Iyeru Okin","category":"amenity=restaurant"},"geometry":{"type":"Point","coordinates":[3.3587888,6.5819262]}},{"type":"Feature","properties":{"id":"node/5238498832","name":"Choco-Latte","category":"amenity=cafe"},"geometry":{"type":"Point","coordinates":[3.3586042,6.5819077]}},{"type":"Feature","properties":{"id":"node/6967418559","name":"Maryland Bus Stop","category":"public_transport=platform"},"geometry":{"type":"Point","coordinates":[3.36981,6.5750088]}},{"type":"Feature","properties":{"id":"node/3842779329","name":"Beta Bridges Ltd","category":"office=company"},"geometry":{"type":"Point","coordinates":[3.3604668,6.5892786]}},{"type":"Feature","properties":{"id":"node/5230078832","name":"Golden Eagle Spur","category":"amenity=restaurant"},"geometry":{"type":"Point","coordinates":[3.357566,6.5844933]}},{"type":"Feature","properties":{"id":"node/5231558257","name":"La Giara Restaurant","category":"amenity=restaurant"},"geometry":{"type":"Point","coordinates":[3.3602938,6.5836458]}},{"type":"Feature","properties":{"id":"node/5231558258","name":"Goodies Pub","category":"amenity=bar"},"geometry":{"type":"Point","coordinates":[3.3598886,6.5836827]}},{"type":"Feature","properties":{"id":"node/5325724303","name":"Sweet Sensation","category":"amenity=restaurant"},"geometry":{"type":"Point","coordinates":[3.3570602,6.5856393]}},{"type":"Feature","properties":{"id":"node/5325724304","name":"Ultrafoam Comfort Centre","category":"shop=bed"},"geometry":{"type":"Point","coordinates":[3.3571268,6.5857286]}},{"type":"Feature","properties":{"id":"node/6146218727","name":"Pumpkin Leaf","category":"amenity=restaurant"},"geometry":{"type":"Point","coordinates":[3.3606242,6.5833899]}},{"type":"Feature","properties":{"id":"node/11085414005","name":"Radisson ikeja","category":"tourism=hotel"},"geometry":{"type":"Point","coordinates":[3.3576827,6.5834674]}},{"type":"Feature","properties":{"id":"node/11373548330","name":"GracePlace Lagos","category":"amenity=place_of_worship"},"geometry":{"type":"Point","coordinates":[3.3594148,6.5850565]}},{"type":"Feature","properties":{"id":"node/1495741342","name":"Opebi","category":"amenity=cinema"},"geometry":{"type":"Point","coordinates":[3.3612576,6.590859]}},{"type":"Feature","properties":{"id":"node/4270075603","name":"Chicken Republic Opebi","category":"amenity=fast_food"},"geometry":{"type":"Point","coordinates":[3.3597559,6.5916665]}},{"type":"Feature","properties":{"id":"node/6757197772","name":"TMP Fashion","category":"shop=jewelry"},"geometry":{"type":"Point","coordinates":[3.3573215,6.5937191]}},{"type":"Feature","properties":{"id":"node/7770758113","name":"Debbiebarbie Luxury Skin Care","category":"shop=beauty"},"geometry":{"type":"Point","coordinates":[3.3607034,6.5917517]}},{"type":"Feature","properties":{"id":"node/8126987110","name":"Shaddash","category":"shop=supermarket"},"geometry":{"type":"Point","coordinates":[3.3605026,6.5923956]}},{"type":"Feature","properties":{"id":"node/12357956574","name":"Work and Play place","category":"tourism=hotel"},"geometry":{"type":"Point","coordinates":[3.3578333,6.5999393]}},{"type":"Feature","properties":{"id":"node/13046160706","name":"A-Plus Distributions Ltd","category":"office=wholesaler,distribution_company"},"geometry":{"type":"Point","coordinates":[3.3713229,6.5973042]}},{"type":"Feature","properties":{"id":"node/2325971951","name":"Oando","category":"amenity=fuel"},"geometry":{"type":"Point","coordinates":[3.3691439,6.6076353]}},{"type":"Feature","properties":{"id":"node/5711463224","name":"huafei","category":"shop=convenience"},"geometry":{"type":"Point","coordinates":[3.3724731,6.6038303]}},{"type":"Feature","properties":{"id":"node/5711484023","name":"Huafei Logistics nig.ltd","category":"shop=convenience"},"geometry":{"type":"Point","coordinates":[3.372789,6.603629]}},{"type":"Feature","properties":{"id":"node/3833636852","name":"Shoprite","category":"shop=supermarket"},"geometry":{"type":"Point","coordinates":[3.3582672,6.6138016]}},{"type":"Feature","properties":{"id":"node/3833641197","name":"Fired Yam Joint","category":"amenity=fast_food"},"geometry":{"type":"Point","coordinates":[3.3588398,6.6115094]}},{"type":"Feature","properties":{"id":"node/4334856289","name":"Live2living Furniture","category":"shop=furniture"},"geometry":{"type":"Point","coordinates":[3.3576572,6.6127747]}},{"type":"Feature","properties":{"id":"node/5649291344","name":"Ikeja City Mall","category":"public_transport=platform"},"geometry":{"type":"Point","coordinates":[3.3572665,6.6154055]}},{"type":"Feature","properties":{"id":"node/5649291345","name":"Ikeja City Mall","category":"public_transport=platform"},"geometry":{"type":"Point","coordinates":[3.3569029,6.6153805]}},{"type":"Feature","properties":{"id":"node/5649291417","name":"KFC","category":"amenity=fast_food"},"geometry":{"type":"Point","coordinates":[3.3577949,6.6142578]}},{"type":"Feature","properties":{"id":"node/5649291418","name":"Krispy Kreme","category":"amenity=cafe"},"geometry":{"type":"Point","coordinates":[3.3579236,6.614455]}},{"type":"Feature","properties":{"id":"node/5649291419","name":"Miniso","category":"shop=yes"},"geometry":{"type":"Point","coordinates":[3.3578163,6.6135837]}},{"type":"Feature","properties":{"id":"node/5649291420","name":"HealthPlus","category":"amenity=pharmacy"},"geometry":{"type":"Point","coordinates":[3.3581409,6.6138582]}},{"type":"Feature","properties":{"id":"node/5649292321","name":"Silverbird","category":"amenity=cinema"},"geometry":{"type":"Point","coordinates":[3.3582321,6.6141779]}},{"type":"Feature","properties":{"id":"node/5649292322","name":"Hans & Rene","category":"amenity=ice_cream"},"geometry":{"type":"Point","coordinates":[3.3580551,6.6139114]}},{"type":"Feature","properties":{"id":"node/5649292323","name":"Shawarma & Co","category":"amenity=fast_food"},"geometry":{"type":"Point","coordinates":[3.3578754,6.6140953]}},{"type":"Feature","properties":{"id":"node/5649292324","name":"9mobile","category":"shop=mobile_phone"},"geometry":{"type":"Point","coordinates":[3.3574569,6.6137942]}},{"type":"Feature","properties":{"id":"node/5649292325","name":"Adidas","category":"shop=shoes"},"geometry":{"type":"Point","coordinates":[3.3582857,6.6146308]}},{"type":"Feature","properties":{"id":"node/5649292326","name":"Mugg & Bean","category":"amenity=cafe"},"geometry":{"type":"Point","coordinates":[3.3578727,6.6141859]}},{"type":"Feature","properties":{"id":"node/5649292327","name":"Cold Stone Creamery","category":"amenity=ice_cream"},"geometry":{"type":"Point","coordinates":[3.3580041,6.6143164]}},{"type":"Feature","properties":{"id":"node/5649292328","name":"Samsung","category":"shop=electronics"},"geometry":{"type":"Point","coordinates":[3.3575696,6.6138981]}},{"type":"Feature","properties":{"id":"node/5649292329","name":"LG","category":"shop=electronics"},"geometry":{"type":"Point","coordinates":[3.3576125,6.6135917]}},{"type":"Feature","properties":{"id":"node/5649292330","name":"Casper & Gambini's","category":"amenity=restaurant"},"geometry":{"type":"Point","coordinates":[3.357127,6.6139328]}},{"type":"Feature","properties":{"id":"node/5649292331","name":"Airtel","category":"shop=mobile_phone"},"geometry":{"type":"Point","coordinates":[3.3583367,6.6148173]}},{"type":"Feature","properties":{"id":"node/5649292332","name":"Nike Store","category":"shop=shoes"},"geometry":{"type":"Point","coordinates":[3.358672,6.6143804]}},{"type":"Feature","properties":{"id":"node/5649292333","name":"Tommy Hilfiger","category":"shop=clothes"},"geometry":{"type":"Point","coordinates":[3.3579826,6.6137329]}},{"type":"Feature","properties":{"id":"node/5649292334","name":"Samsung Mobile","category":"shop=mobile_phone"},"geometry":{"type":"Point","coordinates":[3.3586156,6.6144603]}},{"type":"Feature","properties":{"id":"node/5649292335","name":"MTN","category":"shop=mobile_phone"},"geometry":{"type":"Point","coordinates":[3.3572906,6.61401]}},{"type":"Feature","properties":{"id":"node/4807700826","name":"Honeywell Flourmills Plc, Ikeja Plant.","category":"amenity=post_office"},"geometry":{"type":"Point","coordinates":[3.3672195,6.6113844]}},{"type":"Feature","properties":{"id":"node/4344481791","name":"Fawaz Luxury Africa","category":"shop=cosmetics"},"geometry":{"type":"Point","coordinates":[3.3569721,6.6211]}},{"type":"Feature","properties":{"id":"node/5203842828","name":"Ikeja Passport Office","category":"office=government"},"geometry":{"type":"Point","coordinates":[3.3560834,6.6193774]}},{"type":"Feature","properties":{"id":"node/6992408906","name":"UBA","category":"amenity=atm"},"geometry":{"type":"Point","coordinates":[3.3560313,6.6205245]}},{"type":"Feature","properties":{"id":"node/6992641420","name":"NSIA Insurance","category":"office=insurance"},"geometry":{"type":"Point","coordinates":[3.3605518,6.6180803]}},{"type":"Feature","properties":{"id":"node/6992641421","name":"Barracks","category":"public_transport=platform"},"geometry":{"type":"Point","coordinates":[3.3606852,6.6180254]}},{"type":"Feature","properties":{"id":"node/6871106823","name":"","category":"public_transport=platform"},"geometry":{"type":"Point","coordinates":[3.3645471,6.6179855]}},{"type":"Feature","properties":{"id":"node/6871106824","name":"","category":"public_transport=platform"},"geometry":{"type":"Point","coordinates":[3.3648517,6.6180415]}},{"type":"Feature","properties":{"id":"node/6871106873","name":"","category":"public_transport=platform"},"geometry":{"type":"Point","coordinates":[3.36537,6.6168984]}},{"type":"Feature","properties":{"id":"node/6871106874","name":"","category":"public_transport=platform"},"geometry":{"type":"Point","coordinates":[3.3657733,6.6170184]}},{"type":"Feature","properties":{"id":"node/2325130549","name":"","category":"amenity=fuel"},"geometry":{"type":"Point","coordinates":[3.3700009,6.6095103]}},{"type":"Feature","properties":{"id":"node/2331521416","name":"Total","category":"amenity=fuel"},"geometry":{"type":"Point","coordinates":[3.3687601,6.6111549]}},{"type":"Feature","properties":{"id":"node/5214642322","name":"Ice cream n Ice cubes","category":"amenity=ice_cream"},"geometry":{"type":"Point","coordinates":[3.3719,6.615845]}},{"type":"Feature","properties":{"id":"node/5665154721","name":"RMC Guest House","category":"tourism=guest_house"},"geometry":{"type":"Point","coordinates":[3.3686735,6.6208118]}},{"type":"Feature","properties":{"id":"node/2331521834","name":"","category":"amenity=fuel"},"geometry":{"type":"Point","coordinates":[3.3643296,6.6232566]}},{"type":"Feature","properties":{"id":"way/136416564","name":"Ikeja Golf Course","category":"leisure=golf_course"},"geometry":{"type":"Point","coordinates":[3.3448263,6.5823923]}},{"type":"Feature","properties":{"id":"way/603511859","name":"Deputy High Commission of Ghana in Lagos","category":"office=diplomatic"},"geometry":{"type":"Point","coordinates":[3.3497386,6.5785364]}},{"type":"Feature","properties":{"id":"way/704991085","name":"Lagos State University Teaching Hospital","category":"amenity=hospital"},"geometry":{"type":"Point","coordinates":[3.3422014,6.5895386]}},{"type":"Feature","properties":{"id":"way/704979167","name":"Ikeja Bus Terminal","category":"amenity=bus_station"},"geometry":{"type":"Point","coordinates":[3.3389089,6.5913427]}},{"type":"Feature","properties":{"id":"way/779424617","name":"Ikeja Fire Station","category":"amenity=fire_station"},"geometry":{"type":"Point","coordinates":[3.3408806,6.5922422]}},{"type":"Feature","properties":{"id":"way/537017561","name":"Avi-Cenna International School","category":"amenity=school"},"geometry":{"type":"Point","coordinates":[3.3523644,6.5879065]}},{"type":"Feature","properties":{"id":"way/1442292737","name":"Hyatt Regency Lagos Ikeja","category":"tourism=hotel"},"geometry":{"type":"Point","coordinates":[3.3533647,6.5841091]}},{"type":"Feature","properties":{"id":"way/540869127","name":"Police College Ikeja","category":"amenity=school"},"geometry":{"type":"Point","coordinates":[3.3500371,6.5891803]}},{"type":"Feature","properties":{"id":"way/625093262","name":"Tecno Mobile","category":"shop=mobile_phone"},"geometry":{"type":"Point","coordinates":[3.3545785,6.5962647]}},{"type":"Feature","properties":{"id":"way/704995747","name":"Police Training School Ikeja","category":"amenity=school"},"geometry":{"type":"Point","coordinates":[3.346115,6.5912841]}},{"type":"Feature","properties":{"id":"way/783259263","name":"Conoil","category":"amenity=fuel"},"geometry":{"type":"Point","coordinates":[3.3432511,6.592416]}},{"type":"Feature","properties":{"id":"way/625093270","name":"Vava Furniture","category":"shop=furniture"},"geometry":{"type":"Point","coordinates":[3.3550921,6.5954284]}},{"type":"Feature","properties":{"id":"way/781366089","name":"St. Joseph Nursery / Primary School","category":"amenity=school"},"geometry":{"type":"Point","coordinates":[3.3287322,6.609884]}},{"type":"Feature","properties":{"id":"way/781366076","name":"Petcost Oil & Gas","category":"amenity=fuel"},"geometry":{"type":"Point","coordinates":[3.3280885,6.606923]}},{"type":"Feature","properties":{"id":"way/781366080","name":"State Primary School, Onipetesi-Mangoro","category":"amenity=school"},"geometry":{"type":"Point","coordinates":[3.3270381,6.6068652]}},{"type":"Feature","properties":{"id":"way/781366090","name":"St. Sabinas Catholic Church","category":"amenity=place_of_worship"},"geometry":{"type":"Point","coordinates":[3.3289376,6.6110433]}},{"type":"Feature","properties":{"id":"way/781366095","name":"Oando","category":"amenity=fuel"},"geometry":{"type":"Point","coordinates":[3.327952,6.6134419]}},{"type":"Feature","properties":{"id":"way/781366096","name":"Malak's Place Events Center","category":"amenity=community_centre"},"geometry":{"type":"Point","coordinates":[3.3286028,6.6117262]}},{"type":"Feature","properties":{"id":"way/781366097","name":"Ife-Oluwa Primary School","category":"amenity=school"},"geometry":{"type":"Point","coordinates":[3.3261813,6.6137953]}},{"type":"Feature","properties":{"id":"way/740963155","name":"Ashade Market","category":"amenity=marketplace"},"geometry":{"type":"Point","coordinates":[3.3293745,6.6136098]}},{"type":"Feature","properties":{"id":"way/1157159790","name":"Agege LRMT Station","category":"public_transport=station"},"geometry":{"type":"Point","coordinates":[3.3258341,6.6214964]}},{"type":"Feature","properties":{"id":"way/541689636","name":"New Horizons Nigeria Ikeja Campus","category":"amenity=school"},"geometry":{"type":"Point","coordinates":[3.340025,6.5977362]}},{"type":"Feature","properties":{"id":"way/496851833","name":"Sims","category":"shop=electronics"},"geometry":{"type":"Point","coordinates":[3.3542565,6.5976808]}},{"type":"Feature","properties":{"id":"way/625093253","name":"Casa Bella","category":"shop=beauty"},"geometry":{"type":"Point","coordinates":[3.3543351,6.5968763]}},{"type":"Feature","properties":{"id":"way/625093254","name":"Large Michaels","category":"shop=computer"},"geometry":{"type":"Point","coordinates":[3.354354,6.5967751]}},{"type":"Feature","properties":{"id":"way/625093257","name":"Best Western Plus Lagos Ikeja Hotel","category":"tourism=hotel"},"geometry":{"type":"Point","coordinates":[3.3547842,6.5973861]}},{"type":"Feature","properties":{"id":"way/625093258","name":"Pep","category":"shop=department_store"},"geometry":{"type":"Point","coordinates":[3.3547185,6.5970801]}},{"type":"Feature","properties":{"id":"way/625093259","name":"Keystone Bank","category":"amenity=bank"},"geometry":{"type":"Point","coordinates":[3.3548474,6.5969451]}},{"type":"Feature","properties":{"id":"way/625093263","name":"Mama Cass","category":"amenity=restaurant"},"geometry":{"type":"Point","coordinates":[3.3544952,6.5964662]}},{"type":"Feature","properties":{"id":"way/625093266","name":"Zaaz","category":"tourism=hotel"},"geometry":{"type":"Point","coordinates":[3.3551621,6.596602]}},{"type":"Feature","properties":{"id":"way/625528518","name":"Catholic Church","category":"amenity=place_of_worship"},"geometry":{"type":"Point","coordinates":[3.3506952,6.5967076]}},{"type":"Feature","properties":{"id":"way/625602951","name":"Vava Furniture","category":"shop=furniture"},"geometry":{"type":"Point","coordinates":[3.3538581,6.5974489]}},{"type":"Feature","properties":{"id":"way/625602955","name":"UBA","category":"amenity=bank"},"geometry":{"type":"Point","coordinates":[3.3540652,6.5971813]}},{"type":"Feature","properties":{"id":"way/626246873","name":"Oasis Bookshop","category":"shop=books"},"geometry":{"type":"Point","coordinates":[3.3531798,6.598673]}},{"type":"Feature","properties":{"id":"way/626246874","name":"House of Keron","category":"shop=clothes"},"geometry":{"type":"Point","coordinates":[3.353205,6.5985905]}},{"type":"Feature","properties":{"id":"way/626246875","name":"Abi Glow","category":"shop=beauty"},"geometry":{"type":"Point","coordinates":[3.3531978,6.5986359]}},{"type":"Feature","properties":{"id":"way/626246877","name":"Emporium Plaza","category":"shop=mall"},"geometry":{"type":"Point","coordinates":[3.3532082,6.5984968]}},{"type":"Feature","properties":{"id":"way/626246880","name":"ASHA","category":"amenity=bank"},"geometry":{"type":"Point","coordinates":[3.3537071,6.5988227]}},{"type":"Feature","properties":{"id":"way/626246886","name":"Ecobank","category":"amenity=bank"},"geometry":{"type":"Point","coordinates":[3.3540655,6.5985601]}},{"type":"Feature","properties":{"id":"way/610011056","name":"Mobil Fuel Station","category":"amenity=fuel"},"geometry":{"type":"Point","coordinates":[3.3466414,6.6053322]}},{"type":"Feature","properties":{"id":"way/610011072","name":"Lagos Airport Hotel","category":"tourism=hotel"},"geometry":{"type":"Point","coordinates":[3.346702,6.606916]}},{"type":"Feature","properties":{"id":"way/610011084","name":"Lagos Airport Hotel Mosque","category":"amenity=place_of_worship"},"geometry":{"type":"Point","coordinates":[3.3469786,6.6077801]}},{"type":"Feature","properties":{"id":"way/622382843","name":"Haute Aparthotel","category":"tourism=hotel"},"geometry":{"type":"Point","coordinates":[3.3478755,6.6043639]}},{"type":"Feature","properties":{"id":"way/790600602","name":"Government Technical College Agidingbi","category":"amenity=school"},"geometry":{"type":"Point","coordinates":[3.3538369,6.6226609]}},{"type":"Feature","properties":{"id":"way/781533944","name":"Dairy Farm School Complex","category":"amenity=school"},"geometry":{"type":"Point","coordinates":[3.3272981,6.625895]}},{"type":"Feature","properties":{"id":"way/135655797","name":"Agege Stadium","category":"leisure=stadium"},"geometry":{"type":"Point","coordinates":[3.3300558,6.6237196]}},{"type":"Feature","properties":{"id":"way/781533931","name":"Sango Junior Secondary School","category":"amenity=school"},"geometry":{"type":"Point","coordinates":[3.3292303,6.6257624]}},{"type":"Feature","properties":{"id":"way/568367623","name":"Radisson Hotel Lagos Ikeja","category":"tourism=hotel"},"geometry":{"type":"Point","coordinates":[3.3583232,6.5826913]}},{"type":"Feature","properties":{"id":"way/568367630","name":"Sheraton Lagos Hotel","category":"tourism=hotel"},"geometry":{"type":"Point","coordinates":[3.360298,6.5835338]}},{"type":"Feature","properties":{"id":"way/568367622","name":"Radisson Blu Hotel Lagos Ikeja","category":"tourism=hotel"},"geometry":{"type":"Point","coordinates":[3.3586881,6.5818978]}},{"type":"Feature","properties":{"id":"way/790723921","name":"Oxbridge Tutorial College","category":"amenity=school"},"geometry":{"type":"Point","coordinates":[3.3576279,6.5776148]}},{"type":"Feature","properties":{"id":"way/1245818419","name":"Hua Han","category":"amenity=restaurant"},"geometry":{"type":"Point","coordinates":[3.3561843,6.5768313]}},{"type":"Feature","properties":{"id":"way/744442353","name":"Halifield Schools","category":"amenity=school"},"geometry":{"type":"Point","coordinates":[3.3725523,6.5754735]}},{"type":"Feature","properties":{"id":"way/744442354","name":"KICC Prayer dome","category":"amenity=place_of_worship"},"geometry":{"type":"Point","coordinates":[3.3732826,6.5757446]}},{"type":"Feature","properties":{"id":"way/551464847","name":"Zen Garden","category":"amenity=restaurant"},"geometry":{"type":"Point","coordinates":[3.3573164,6.5855507]}},{"type":"Feature","properties":{"id":"way/551464850","name":"First City Monument Bank","category":"amenity=bank"},"geometry":{"type":"Point","coordinates":[3.3576231,6.5840441]}},{"type":"Feature","properties":{"id":"way/551464856","name":"Standard Chartered","category":"amenity=bank"},"geometry":{"type":"Point","coordinates":[3.3566747,6.5848503]}},{"type":"Feature","properties":{"id":"way/551464857","name":"Skye Bank","category":"amenity=bank"},"geometry":{"type":"Point","coordinates":[3.3568195,6.5845597]}},{"type":"Feature","properties":{"id":"way/568367625","name":"Primal Hotel","category":"tourism=hotel"},"geometry":{"type":"Point","coordinates":[3.3578121,6.5836272]}},{"type":"Feature","properties":{"id":"way/568367654","name":"Reddington Hospital - Ikeja GRA","category":"amenity=hospital"},"geometry":{"type":"Point","coordinates":[3.3571576,6.5834582]}},{"type":"Feature","properties":{"id":"way/788309890","name":"Olosun Primary School","category":"amenity=school"},"geometry":{"type":"Point","coordinates":[3.3752434,6.5910846]}},{"type":"Feature","properties":{"id":"way/741206964","name":"Classique Events Place","category":"amenity=community_centre"},"geometry":{"type":"Point","coordinates":[3.3595507,6.6078038]}},{"type":"Feature","properties":{"id":"way/568367633","name":"De Renaissance Hotel","category":"tourism=hotel"},"geometry":{"type":"Point","coordinates":[3.3560327,6.6140127]}},{"type":"Feature","properties":{"id":"way/610896809","name":"Ministry of Science and Technology","category":"office=government"},"geometry":{"type":"Point","coordinates":[3.3600592,6.6144089]}},{"type":"Feature","properties":{"id":"way/610896830","name":"Ministry of Civil Service Comission","category":"office=government"},"geometry":{"type":"Point","coordinates":[3.3605053,6.6150333]}},{"type":"Feature","properties":{"id":"way/610896836","name":"Deputy Governors Office","category":"office=government"},"geometry":{"type":"Point","coordinates":[3.3610644,6.615171]}},{"type":"Feature","properties":{"id":"way/783255014","name":"Alausa Fire Station","category":"amenity=fire_station"},"geometry":{"type":"Point","coordinates":[3.3589003,6.6129568]}},{"type":"Feature","properties":{"id":"way/610896832","name":"Ministry of Home Affairs","category":"office=government"},"geometry":{"type":"Point","coordinates":[3.362007,6.6150132]}},{"type":"Feature","properties":{"id":"way/610896839","name":"Lagos State Secretariat","category":"office=government"},"geometry":{"type":"Point","coordinates":[3.3607361,6.6155819]}},{"type":"Feature","properties":{"id":"way/568367639","name":"Protea Hotel Ikeja Select","category":"tourism=hotel"},"geometry":{"type":"Point","coordinates":[3.3570053,6.6166622]}},{"type":"Feature","properties":{"id":"way/610896802","name":"Ministry of Education","category":"office=government"},"geometry":{"type":"Point","coordinates":[3.3602827,6.6169382]}},{"type":"Feature","properties":{"id":"way/610896804","name":"Cabinet Office","category":"office=government"},"geometry":{"type":"Point","coordinates":[3.3614611,6.617408]}},{"type":"Feature","properties":{"id":"way/610896805","name":"Ministry of Housing","category":"office=government"},"geometry":{"type":"Point","coordinates":[3.3612408,6.6162834]}},{"type":"Feature","properties":{"id":"way/610896855","name":"National Identity Management Commission","category":"office=government"},"geometry":{"type":"Point","coordinates":[3.3579465,6.6168052]}},{"type":"Feature","properties":{"id":"way/747457378","name":"Batten House","category":"amenity=community_centre"},"geometry":{"type":"Point","coordinates":[3.3587245,6.6202219]}},{"type":"Feature","properties":{"id":"way/747457381","name":"Nigeria Police Force Divisional Headquarters","category":"amenity=police"},"geometry":{"type":"Point","coordinates":[3.3610061,6.6195507]}},{"type":"Feature","properties":{"id":"way/701713755","name":"Reedeem Christian Church of God - Victory Chapel","category":"amenity=place_of_worship"},"geometry":{"type":"Point","coordinates":[3.3741613,6.6211979]}},{"type":"Feature","properties":{"id":"way/701714848","name":"Playground","category":"leisure=park"},"geometry":{"type":"Point","coordinates":[3.3714082,6.6180729]}},{"type":"Feature","properties":{"id":"way/610011158","name":"New Afrika Shrine","category":"amenity=nightclub"},"geometry":{"type":"Point","coordinates":[3.3568854,6.6228654]}},{"type":"Feature","properties":{"id":"way/747457404","name":"Corporate Affairs Commission","category":"office=government"},"geometry":{"type":"Point","coordinates":[3.3605444,6.6251944]}},{"type":"Feature","properties":{"id":"way/747457405","name":"The Redeemed Christian Church of God","category":"amenity=place_of_worship"},"geometry":{"type":"Point","coordinates":[3.3604158,6.6250568]}}]}