{"type":"FeatureCollection","attribution":"\u00a9 OpenStreetMap contributors (ODbL)","features":[{"type":"Feature","properties":{"highway":"trunk","name":"Agege Motor Road","bridge":false,"osm_id":746512955},"geometry":{"type":"LineString","coordinates":[[3.342926,6.577263],[3.343331,6.576215],[3.344649,6.573062],[3.345075,6.57191],[3.346591,6.568292],[3.347988,6.564726],[3.349176,6.561895],[3.349894,6.560082],[3.35121,6.557012],[3.351873,6.55534],[3.352028,6.555022],[3.356818,6.5433],[3.35694,6.542896],[3.356975,6.542729],[3.356996,6.542257],[3.356876,6.541782],[3.35668,6.541419],[3.355436,6.539611],[3.354847,6.538821],[3.354566,6.538382],[3.352736,6.535505],[3.3525,6.535102],[3.352326,6.534608],[3.352271,6.534242],[3.35233,6.533482],[3.353424,6.529782],[3.353972,6.528057],[3.354125,6.527705],[3.35435,6.527395],[3.354485,6.527258],[3.354694,6.527076],[3.355002,6.526898],[3.355259,6.526803],[3.357016,6.526458],[3.359048,6.5262],[3.359244,6.526147],[3.359476,6.526036],[3.359926,6.52573],[3.361806,6.524303],[3.362447,6.52377],[3.362712,6.523509],[3.36316,6.522942],[3.36402,6.521484],[3.364657,6.52032],[3.364988,6.51979],[3.365214,6.519314],[3.36529,6.519074],[3.365334,6.518687],[3.365343,6.517618],[3.36515,6.516706]]}},{"type":"Feature","properties":{"highway":"secondary","name":"Kirikiri Road","bridge":false,"osm_id":91339866},"geometry":{"type":"LineString","coordinates":[[3.320609,6.447685],[3.325904,6.447974],[3.326906,6.448074],[3.328953,6.448143],[3.332252,6.448357],[3.336385,6.448563],[3.338158,6.448683],[3.339304,6.448967],[3.340967,6.449457],[3.342436,6.449825]]}},{"type":"Feature","properties":{"highway":"primary","name":"Apapa-Oworonshoki Expressway","bridge":false,"osm_id":134140061},"geometry":{"type":"LineString","coordinates":[[3.334496,6.440264],[3.333166,6.440594],[3.326079,6.441842],[3.325365,6.44194],[3.324186,6.442234],[3.32382,6.442352],[3.323264,6.44258],[3.322383,6.443079],[3.32174,6.443547],[3.321066,6.444186],[3.32075,6.444552],[3.320313,6.445159],[3.319838,6.446041],[3.319694,6.446367],[3.31928,6.447751],[3.318837,6.449643],[3.31867,6.450126],[3.318427,6.450686],[3.317941,6.451614],[3.317029,6.453073],[3.316544,6.453904],[3.3161,6.454887],[3.315851,6.455634],[3.315694,6.456326],[3.315639,6.456703],[3.315554,6.457922],[3.315631,6.459477],[3.31566,6.459637]]}},{"type":"Feature","properties":{"highway":"primary","name":"Apapa-Oworonshoki Expressway","bridge":false,"osm_id":134153456},"geometry":{"type":"LineString","coordinates":[[3.323957,6.507435],[3.323073,6.504674],[3.322769,6.503805],[3.322486,6.502795],[3.322282,6.502198],[3.321613,6.499974],[3.321382,6.498998],[3.321243,6.498045],[3.3212,6.497034],[3.321224,6.496647],[3.321339,6.495798],[3.321541,6.494887],[3.321853,6.493878],[3.322085,6.493336],[3.32243,6.492607],[3.32548,6.48698],[3.325986,6.485994],[3.326222,6.485495],[3.326729,6.484099],[3.32695,6.483357],[3.327188,6.482071],[3.327263,6.481458],[3.327327,6.480284],[3.32732,6.479803],[3.327213,6.478373],[3.327055,6.477427],[3.326793,6.47641],[3.326446,6.475436],[3.326054,6.474499],[3.325666,6.473701],[3.325378,6.473192],[3.324318,6.471715],[3.319819,6.466743],[3.318904,6.465771],[3.31719,6.463835],[3.316375,6.462657],[3.316165,6.462241],[3.315829,6.461459],[3.315464,6.460394],[3.315412,6.460154]]}},{"type":"Feature","properties":{"highway":"motorway","name":"Apapa-Oworonshoki Expressway","bridge":false,"osm_id":134153458},"geometry":{"type":"LineString","coordinates":[[3.324034,6.5074],[3.322476,6.502469],[3.321717,6.500004],[3.321579,6.499471],[3.32142,6.498675],[3.321328,6.497938],[3.321292,6.497154],[3.321346,6.496282],[3.321417,6.495815],[3.321605,6.495018],[3.32177,6.494427],[3.322053,6.493657],[3.322521,6.492654],[3.32525,6.487609],[3.326162,6.485835],[3.326535,6.484953],[3.32691,6.483819],[3.327076,6.483112],[3.327251,6.48214],[3.327351,6.481255],[3.327378,6.480737],[3.327377,6.479704],[3.327319,6.478713],[3.327182,6.477711],[3.327047,6.47707],[3.326862,6.476401],[3.326313,6.474867],[3.326077,6.474319],[3.325784,6.473758],[3.325348,6.472984],[3.325012,6.472475],[3.323847,6.471012],[3.317842,6.464407],[3.317135,6.46358],[3.316806,6.46312],[3.316396,6.462449],[3.316168,6.462009],[3.315755,6.460936],[3.31552,6.460148]]}},{"type":"Feature","properties":{"highway":"primary","name":"Apapa-Oworonshoki Expressway","bridge":false,"osm_id":134163202},"geometry":{"type":"LineString","coordinates":[[3.315755,6.460141],[3.316024,6.461008],[3.31651,6.462175],[3.316844,6.462757],[3.317481,6.46364],[3.317934,6.464191],[3.319165,6.46551],[3.323831,6.470644],[3.324837,6.471845],[3.325272,6.472452],[3.325899,6.473465],[3.326373,6.474412],[3.326604,6.474962],[3.327063,6.47623],[3.327259,6.476926],[3.327389,6.477556],[3.327577,6.478978],[3.327632,6.479943],[3.327633,6.480676],[3.327565,6.481607],[3.327394,6.482746],[3.327235,6.48351],[3.327005,6.484264],[3.326632,6.485341],[3.325686,6.487289],[3.323091,6.492071],[3.322262,6.493716],[3.322001,6.494438],[3.32176,6.495305],[3.321567,6.496325],[3.321514,6.497223],[3.321539,6.497714],[3.321657,6.4987],[3.321843,6.4996],[3.323147,6.503836],[3.324262,6.507333]]}},{"type":"Feature","properties":{"highway":"motorway","name":"Apapa-Oworonshoki Expressway","bridge":false,"osm_id":134163206},"geometry":{"type":"LineString","coordinates":[[3.315648,6.46015],[3.315869,6.460883],[3.316319,6.462012],[3.316694,6.462694],[3.317119,6.463335],[3.317862,6.464261],[3.323944,6.470929],[3.324609,6.471738],[3.325278,6.472642],[3.325605,6.473163],[3.32616,6.474201],[3.326602,6.475235],[3.326949,6.476212],[3.327204,6.477131],[3.327291,6.47757],[3.327461,6.478742],[3.327534,6.480485],[3.327508,6.481077],[3.327398,6.48211],[3.32718,6.483277],[3.327046,6.483827],[3.32661,6.485137],[3.326158,6.486124],[3.325621,6.487184],[3.323501,6.491079],[3.322325,6.493336],[3.32198,6.494175],[3.321712,6.495052],[3.321538,6.495856],[3.321472,6.496295],[3.321424,6.496988],[3.321434,6.497653],[3.321548,6.498661],[3.321693,6.499441],[3.323024,6.503835],[3.323914,6.506671],[3.324164,6.507372]]}},{"type":"Feature","properties":{"highway":"primary","name":"Apapa-Oworonshoki Expressway","bridge":false,"osm_id":134163208},"geometry":{"type":"LineString","coordinates":[[3.315298,6.459626],[3.315207,6.45882],[3.315172,6.458138],[3.315249,6.456782],[3.315315,6.456302],[3.315422,6.455876],[3.315593,6.45546],[3.315749,6.454906],[3.315982,6.454317],[3.316338,6.453588],[3.317806,6.451189],[3.318184,6.450434],[3.318386,6.449961],[3.318619,6.449327],[3.318988,6.447666],[3.319234,6.44672],[3.319559,6.445847],[3.319729,6.44548],[3.320072,6.444915],[3.320551,6.444264],[3.320817,6.443952],[3.321109,6.443658],[3.321824,6.443034],[3.322474,6.442643],[3.322815,6.442458],[3.323477,6.442158],[3.324321,6.44182],[3.324647,6.441717],[3.333082,6.440204],[3.334154,6.439948],[3.334584,6.439799]]}},{"type":"Feature","properties":{"highway":"motorway","name":"Apapa-Oworonshoki Expressway","bridge":false,"osm_id":134163209},"geometry":{"type":"LineString","coordinates":[[3.31542,6.459626],[3.315338,6.458275],[3.315333,6.457678],[3.315393,6.456776],[3.315447,6.456372],[3.315659,6.45549],[3.315944,6.454615],[3.316136,6.454163],[3.31658,6.453313],[3.317889,6.451205],[3.318368,6.450249],[3.318645,6.449487],[3.319024,6.447793],[3.319332,6.446687],[3.319618,6.445929],[3.31981,6.445521],[3.320216,6.44486],[3.320484,6.444495],[3.321219,6.443683],[3.321731,6.44323],[3.322551,6.442669],[3.323219,6.44233],[3.324089,6.44199],[3.324966,6.441767],[3.32928,6.441037],[3.333093,6.44033],[3.33417,6.440097],[3.334663,6.439949],[3.335232,6.439692],[3.335801,6.43932],[3.33646,6.438743]]}},{"type":"Feature","properties":{"highway":"motorway","name":"Apapa-Oworonshoki Expressway","bridge":false,"osm_id":134167568},"geometry":{"type":"LineString","coordinates":[[3.337996,6.436636],[3.338471,6.436093],[3.338735,6.435848],[3.339362,6.435387],[3.339962,6.43506],[3.340636,6.434781],[3.341456,6.434541],[3.34261,6.43433],[3.343189,6.434274],[3.344358,6.434269],[3.345738,6.434408],[3.346564,6.434582],[3.348754,6.435192],[3.351552,6.436051],[3.352698,6.43633],[3.353483,6.43643],[3.353849,6.436446],[3.354324,6.436443],[3.355608,6.436298],[3.355924,6.436309],[3.356189,6.436353],[3.356688,6.4365],[3.357031,6.436646],[3.357517,6.436996],[3.35779,6.43729]]}},{"type":"Feature","properties":{"highway":"motorway","name":"Apapa-Oworonshoki Expressway","bridge":false,"osm_id":134167577},"geometry":{"type":"LineString","coordinates":[[3.336552,6.438878],[3.336084,6.439332],[3.335992,6.439362],[3.335801,6.439513],[3.33524,6.439856],[3.334672,6.440118],[3.334018,6.440299],[3.333174,6.440486],[3.324972,6.441941],[3.324068,6.442173],[3.323251,6.442484],[3.32257,6.442852],[3.321804,6.443371],[3.321281,6.443834],[3.320987,6.444128],[3.32042,6.44481],[3.319953,6.445548],[3.319762,6.445929],[3.319449,6.446736],[3.31899,6.448421],[3.318734,6.449531],[3.318387,6.450516],[3.317958,6.451353],[3.31643,6.453878],[3.316043,6.454722],[3.315847,6.455276],[3.315646,6.456019],[3.315583,6.456304],[3.315485,6.457153],[3.315436,6.457846],[3.315443,6.458413],[3.315552,6.459639]]}},{"type":"Feature","properties":{"highway":"motorway","name":"Apapa-Oworonshoki Expressway","bridge":false,"osm_id":134170090},"geometry":{"type":"LineString","coordinates":[[3.357612,6.437484],[3.356947,6.436811],[3.35663,6.436598],[3.3563,6.436476],[3.355882,6.436407],[3.355657,6.436398],[3.354365,6.436541],[3.353851,6.436553],[3.352657,6.436422],[3.351467,6.43614],[3.346907,6.434771],[3.345863,6.434534],[3.344352,6.434374],[3.343426,6.434375],[3.342205,6.434504],[3.341606,6.434621],[3.340728,6.434882],[3.339843,6.435267],[3.339225,6.435641],[3.338652,6.436099],[3.3381,6.436726]]}},{"type":"Feature","properties":{"highway":"motorway","name":"Lagos-Badagry Expressway","bridge":false,"osm_id":829092429},"geometry":{"type":"LineString","coordinates":[[3.333175,6.471017],[3.332592,6.470625],[3.33214,6.470247],[3.331316,6.469488],[3.33095,6.469212],[3.326685,6.466164],[3.320378,6.46169],[3.319614,6.46119],[3.318941,6.460808],[3.31867,6.460688],[3.317732,6.460387],[3.316919,6.460182],[3.315912,6.460046],[3.314816,6.460026],[3.312905,6.460089],[3.310807,6.460106],[3.310304,6.46007],[3.309233,6.460082],[3.307933,6.460166],[3.307154,6.460176]]}},{"type":"Feature","properties":{"highway":"primary","name":"Lagos-Badagry Expressway","bridge":false,"osm_id":893293872},"geometry":{"type":"LineString","coordinates":[[3.309364,6.459553],[3.312033,6.459581],[3.316208,6.459713],[3.317149,6.459848],[3.317891,6.460028],[3.318202,6.460116],[3.319245,6.460502],[3.320114,6.460966],[3.323348,6.463239],[3.324073,6.463677],[3.325034,6.464337],[3.326325,6.465289],[3.326878,6.465623],[3.329483,6.467552],[3.330323,6.468208],[3.332525,6.469823],[3.334362,6.47107],[3.336188,6.472173],[3.337529,6.473147],[3.338089,6.473634],[3.33892,6.474234]]}},{"type":"Feature","properties":{"highway":"motorway","name":"Lagos-Badagry Expressway","bridge":false,"osm_id":893293874},"geometry":{"type":"LineString","coordinates":[[3.311685,6.459638],[3.31514,6.459793],[3.316294,6.459786],[3.316799,6.459854],[3.317747,6.460055],[3.318719,6.460346],[3.31959,6.460751],[3.32097,6.461627],[3.323927,6.463736],[3.325398,6.464834],[3.328882,6.467339],[3.329887,6.467992],[3.33359,6.470704]]}},{"type":"Feature","properties":{"highway":"motorway_link","name":"","bridge":false,"osm_id":134167581},"geometry":{"type":"LineString","coordinates":[[3.342122,6.434405],[3.342452,6.434277],[3.342661,6.434131],[3.342719,6.434015],[3.34273,6.433747],[3.342711,6.433651],[3.342633,6.433518]]}},{"type":"Feature","properties":{"highway":"tertiary","name":"Tincan Island Port Road","bridge":false,"osm_id":134167593},"geometry":{"type":"LineString","coordinates":[[3.342552,6.433398],[3.342426,6.43332],[3.342267,6.433286],[3.3416,6.433281],[3.341036,6.433316],[3.339826,6.433514],[3.339119,6.433675],[3.33794,6.434085],[3.337487,6.434269],[3.337166,6.434436],[3.336948,6.434627]]}},{"type":"Feature","properties":{"highway":"primary","name":"Apapa-Oworonshoki Expressway","bridge":false,"osm_id":134167612},"geometry":{"type":"LineString","coordinates":[[3.334584,6.439799],[3.334823,6.439708],[3.33507,6.439548],[3.335352,6.439311],[3.336195,6.438397],[3.336357,6.438306],[3.336597,6.438294],[3.336778,6.438408],[3.336867,6.43853],[3.336889,6.438793],[3.336785,6.438978],[3.33669,6.439079],[3.335756,6.439676],[3.335127,6.440026],[3.334496,6.440264]]}},{"type":"Feature","properties":{"highway":"tertiary","name":"Tincan Island Port Road","bridge":false,"osm_id":374302909},"geometry":{"type":"LineString","coordinates":[[3.3369,6.434472],[3.33717,6.434259],[3.337694,6.434017],[3.338468,6.433729],[3.339278,6.433503],[3.339834,6.433383],[3.340624,6.433258],[3.341444,6.433195],[3.342433,6.433173],[3.342609,6.433124]]}},{"type":"Feature","properties":{"highway":"motorway_link","name":"","bridge":false,"osm_id":134167562},"geometry":{"type":"LineString","coordinates":[[3.336948,6.434627],[3.336722,6.434927],[3.336608,6.435177],[3.336559,6.435456],[3.33657,6.435884],[3.336651,6.436162],[3.336836,6.436449],[3.336965,6.436594],[3.337154,6.436742],[3.337355,6.436853],[3.337644,6.436939],[3.338035,6.436983],[3.338271,6.436973],[3.338596,6.436923],[3.33923,6.436702],[3.339763,6.436318],[3.339892,6.43608],[3.339859,6.435839],[3.339716,6.435663],[3.339472,6.435597],[3.339225,6.435641]]}},{"type":"Feature","properties":{"highway":"motorway","name":"Apapa-Oworonshoki Expressway","bridge":true,"osm_id":134167565},"geometry":{"type":"LineString","coordinates":[[3.33646,6.438743],[3.336756,6.438431],[3.337398,6.437534],[3.337996,6.436636]]}},{"type":"Feature","properties":{"highway":"motorway_link","name":"","bridge":false,"osm_id":134167571},"geometry":{"type":"LineString","coordinates":[[3.340728,6.434882],[3.34048,6.435072],[3.340255,6.435331],[3.340181,6.435516],[3.340046,6.43608],[3.339877,6.436342],[3.339697,6.436497],[3.339354,6.436731],[3.33901,6.436881],[3.338678,6.436987],[3.338302,6.437051],[3.33797,6.437062],[3.337496,6.436997],[3.33706,6.436777],[3.336867,6.436615],[3.336694,6.436409],[3.336578,6.436197],[3.336479,6.435811],[3.33647,6.435421],[3.336519,6.435146],[3.336618,6.434888],[3.3369,6.434472]]}},{"type":"Feature","properties":{"highway":"motorway","name":"Apapa-Oworonshoki Expressway","bridge":true,"osm_id":134167585},"geometry":{"type":"LineString","coordinates":[[3.3381,6.436726],[3.337914,6.436968],[3.337298,6.437942],[3.336552,6.438878]]}},{"type":"Feature","properties":{"highway":"tertiary","name":"Tincan Island Port Road","bridge":false,"osm_id":134167584},"geometry":{"type":"LineString","coordinates":[[3.343047,6.433159],[3.343251,6.433249],[3.344175,6.433415],[3.345291,6.433694],[3.34865,6.434796],[3.349415,6.435022],[3.35001,6.435172],[3.350972,6.435351],[3.351897,6.435442],[3.353323,6.435468],[3.355772,6.435285],[3.356059,6.43519]]}},{"type":"Feature","properties":{"highway":"tertiary","name":"Tincan Island Port Road","bridge":false,"osm_id":134167590},"geometry":{"type":"LineString","coordinates":[[3.356092,6.435456],[3.35578,6.435399],[3.35297,6.435592],[3.351848,6.435553],[3.350505,6.435388],[3.349374,6.435131],[3.348614,6.434906],[3.344853,6.433682],[3.343714,6.433427],[3.343258,6.433381],[3.343062,6.433433]]}},{"type":"Feature","properties":{"highway":"tertiary","name":"","bridge":false,"osm_id":134167608},"geometry":{"type":"LineString","coordinates":[[3.343038,6.433471],[3.342874,6.433578],[3.342772,6.433581],[3.342675,6.433547],[3.342552,6.433398],[3.342543,6.433254],[3.34258,6.433163],[3.342657,6.433082],[3.342744,6.433043],[3.34284,6.433035],[3.342974,6.433084],[3.343047,6.433159],[3.343084,6.433246],[3.34309,6.433342],[3.343038,6.433471]]}},{"type":"Feature","properties":{"highway":"tertiary_link","name":"","bridge":false,"osm_id":586979351},"geometry":{"type":"LineString","coordinates":[[3.344853,6.433682],[3.344893,6.433581]]}},{"type":"Feature","properties":{"highway":"motorway_link","name":"","bridge":false,"osm_id":134165693},"geometry":{"type":"LineString","coordinates":[[3.32714,6.44165],[3.326562,6.441644]]}},{"type":"Feature","properties":{"highway":"primary_link","name":"","bridge":false,"osm_id":134165699},"geometry":{"type":"LineString","coordinates":[[3.325365,6.44194],[3.325122,6.442067],[3.324983,6.442167],[3.324869,6.442294],[3.324691,6.442575],[3.324562,6.442905],[3.324489,6.442997]]}},{"type":"Feature","properties":{"highway":"motorway_link","name":"","bridge":false,"osm_id":134165700},"geometry":{"type":"LineString","coordinates":[[3.327098,6.441557],[3.3266,6.441735]]}},{"type":"Feature","properties":{"highway":"motorway_link","name":"","bridge":false,"osm_id":134167589},"geometry":{"type":"LineString","coordinates":[[3.324966,6.441767],[3.325426,6.441573]]}},{"type":"Feature","properties":{"highway":"motorway_link","name":"","bridge":false,"osm_id":134167614},"geometry":{"type":"LineString","coordinates":[[3.325118,6.441637],[3.325166,6.441685],[3.325449,6.44169]]}},{"type":"Feature","properties":{"highway":"tertiary","name":"","bridge":false,"osm_id":167138029},"geometry":{"type":"LineString","coordinates":[[3.323259,6.453761],[3.32325,6.453641],[3.323307,6.453636],[3.32467,6.453853],[3.32833,6.454308],[3.33198,6.454837],[3.333207,6.455054],[3.333857,6.45513]]}},{"type":"Feature","properties":{"highway":"secondary","name":"Alaba Oro Road","bridge":false,"osm_id":167404410},"geometry":{"type":"LineString","coordinates":[[3.326325,6.465289],[3.326596,6.465118],[3.326827,6.465062],[3.327357,6.465138],[3.328055,6.465178],[3.32973,6.465116],[3.330782,6.465017],[3.331078,6.465019],[3.332511,6.465327],[3.332993,6.465378],[3.333255,6.465389],[3.334359,6.465337]]}},{"type":"Feature","properties":{"highway":"tertiary","name":"","bridge":false,"osm_id":588130166},"geometry":{"type":"LineString","coordinates":[[3.333505,6.460001],[3.331362,6.45981],[3.330596,6.459776],[3.329765,6.459864],[3.328895,6.459994],[3.328117,6.460044],[3.325828,6.46008],[3.323771,6.460006],[3.323332,6.460066]]}},{"type":"Feature","properties":{"highway":"secondary","name":"Alaba Oro Road","bridge":false,"osm_id":588659178},"geometry":{"type":"LineString","coordinates":[[3.334336,6.465424],[3.332866,6.465444],[3.332232,6.46536],[3.331238,6.465139],[3.330833,6.465099],[3.328874,6.465235],[3.328051,6.465253],[3.327445,6.465246],[3.326854,6.465183],[3.326696,6.465233],[3.326548,6.465439]]}},{"type":"Feature","properties":{"highway":"primary","name":"Lagos-Badagry Expressway","bridge":false,"osm_id":829092433},"geometry":{"type":"LineString","coordinates":[[3.338478,6.474784],[3.336934,6.473672],[3.3356,6.472759],[3.333577,6.47145],[3.332147,6.470353],[3.331354,6.469636],[3.330569,6.469042],[3.329346,6.468335],[3.326671,6.466396],[3.325828,6.46583],[3.323739,6.46433],[3.323036,6.463739],[3.319681,6.461307],[3.318831,6.460817],[3.317923,6.460511],[3.317563,6.460419]]}},{"type":"Feature","properties":{"highway":"motorway_link","name":"","bridge":false,"osm_id":1043800921},"geometry":{"type":"LineString","coordinates":[[3.32502,6.465142],[3.323908,6.46428],[3.323714,6.464077]]}},{"type":"Feature","properties":{"highway":"motorway_link","name":"","bridge":true,"osm_id":1043800922},"geometry":{"type":"LineString","coordinates":[[3.32587,6.465078],[3.326602,6.465624],[3.326815,6.465617]]}},{"type":"Feature","properties":{"highway":"motorway_link","name":"","bridge":false,"osm_id":1043800925},"geometry":{"type":"LineString","coordinates":[[3.323927,6.463736],[3.324206,6.463852],[3.32536,6.464669]]}},{"type":"Feature","properties":{"highway":"motorway_link","name":"","bridge":false,"osm_id":1043800926},"geometry":{"type":"LineString","coordinates":[[3.32536,6.464669],[3.32587,6.465078]]}},{"type":"Feature","properties":{"highway":"motorway_link","name":"","bridge":false,"osm_id":134167575},"geometry":{"type":"LineString","coordinates":[[3.334438,6.440185],[3.33421,6.440274],[3.334035,6.440392]]}},{"type":"Feature","properties":{"highway":"motorway_link","name":"","bridge":false,"osm_id":134167597},"geometry":{"type":"LineString","coordinates":[[3.334154,6.439948],[3.334497,6.439982],[3.334663,6.439949]]}},{"type":"Feature","properties":{"highway":"motorway_link","name":"","bridge":false,"osm_id":134167601},"geometry":{"type":"LineString","coordinates":[[3.334496,6.440264],[3.334018,6.440299]]}},{"type":"Feature","properties":{"highway":"motorway_link","name":"","bridge":false,"osm_id":134167603},"geometry":{"type":"LineString","coordinates":[[3.33417,6.440097],[3.334584,6.439799]]}},{"type":"Feature","properties":{"highway":"tertiary","name":"Marine Road","bridge":false,"osm_id":1293529598},"geometry":{"type":"LineString","coordinates":[[3.350924,6.440488],[3.35076,6.440647],[3.350591,6.440878],[3.350428,6.441234],[3.350405,6.441366],[3.350401,6.443544]]}},{"type":"Feature","properties":{"highway":"tertiary","name":"Marine Road","bridge":false,"osm_id":1293529599},"geometry":{"type":"LineString","coordinates":[[3.351093,6.440386],[3.350924,6.440487]]}},{"type":"Feature","properties":{"highway":"tertiary","name":"Marine Road","bridge":false,"osm_id":87249603},"geometry":{"type":"LineString","coordinates":[[3.359098,6.440517],[3.357494,6.441157],[3.356957,6.441246],[3.35604,6.441289],[3.354312,6.441066],[3.353709,6.440939],[3.352179,6.440273],[3.351682,6.440236],[3.351376,6.440281],[3.351093,6.440386]]}},{"type":"Feature","properties":{"highway":"secondary","name":"A1-1","bridge":false,"osm_id":90288339},"geometry":{"type":"LineString","coordinates":[[3.342436,6.449825],[3.345785,6.450614],[3.346392,6.450593],[3.348627,6.450229],[3.348794,6.450242],[3.348841,6.450286],[3.349528,6.450364]]}},{"type":"Feature","properties":{"highway":"tertiary","name":"Park Lane","bridge":false,"osm_id":134170100},"geometry":{"type":"LineString","coordinates":[[3.355415,6.450428],[3.356034,6.450398],[3.357484,6.449821],[3.359019,6.449271],[3.361838,6.448093],[3.362569,6.447813]]}},{"type":"Feature","properties":{"highway":"secondary","name":"Amore Street","bridge":false,"osm_id":152744274},"geometry":{"type":"LineString","coordinates":[[3.349528,6.450364],[3.349616,6.450417],[3.349976,6.451159],[3.350146,6.451636],[3.350356,6.452716]]}},{"type":"Feature","properties":{"highway":"tertiary","name":"Marine Road","bridge":false,"osm_id":212433607},"geometry":{"type":"LineString","coordinates":[[3.352654,6.450398],[3.352687,6.448871],[3.352578,6.448351],[3.352343,6.447753],[3.351946,6.446897],[3.351066,6.445012],[3.350432,6.443742],[3.350401,6.443544]]}},{"type":"Feature","properties":{"highway":"tertiary","name":"Park Lane","bridge":true,"osm_id":1293616836},"geometry":{"type":"LineString","coordinates":[[3.355319,6.45043],[3.355415,6.450428]]}},{"type":"Feature","properties":{"highway":"tertiary","name":"Park Lane","bridge":false,"osm_id":1293616837},"geometry":{"type":"LineString","coordinates":[[3.352654,6.450398],[3.353636,6.450444],[3.355319,6.45043]]}},{"type":"Feature","properties":{"highway":"tertiary","name":"MBA Street","bridge":false,"osm_id":167068965},"geometry":{"type":"LineString","coordinates":[[3.333857,6.45513],[3.334618,6.455254],[3.33583,6.455384],[3.33671,6.455379],[3.338398,6.455507],[3.338854,6.455473],[3.339621,6.45533],[3.339924,6.455321],[3.342318,6.455757],[3.342814,6.455825],[3.343903,6.456056]]}},{"type":"Feature","properties":{"highway":"tertiary","name":"Ojo Road","bridge":false,"osm_id":167116392},"geometry":{"type":"LineString","coordinates":[[3.339612,6.459231],[3.339174,6.459271],[3.339007,6.459341],[3.337867,6.460143],[3.337496,6.460255],[3.337312,6.460278],[3.335698,6.460208],[3.333505,6.460001]]}},{"type":"Feature","properties":{"highway":"tertiary","name":"Baale Adeyemo Street","bridge":false,"osm_id":280570890},"geometry":{"type":"LineString","coordinates":[[3.342708,6.459011],[3.34258,6.45934],[3.342446,6.459432],[3.342223,6.459467]]}},{"type":"Feature","properties":{"highway":"tertiary","name":"Ojo Road","bridge":false,"osm_id":1432736575},"geometry":{"type":"LineString","coordinates":[[3.342223,6.459467],[3.340806,6.459442],[3.339612,6.459231]]}},{"type":"Feature","properties":{"highway":"secondary","name":"A1-1","bridge":false,"osm_id":144838182},"geometry":{"type":"LineString","coordinates":[[3.350719,6.453652],[3.350801,6.453702],[3.350856,6.453879],[3.350896,6.454991]]}},{"type":"Feature","properties":{"highway":"tertiary","name":"Boundary Road","bridge":false,"osm_id":215649056},"geometry":{"type":"LineString","coordinates":[[3.350896,6.454991],[3.350842,6.455003]]}},{"type":"Feature","properties":{"highway":"secondary","name":"Amore Street","bridge":true,"osm_id":280570885},"geometry":{"type":"LineString","coordinates":[[3.350356,6.452716],[3.350434,6.45303]]}},{"type":"Feature","properties":{"highway":"secondary","name":"Amore Street","bridge":false,"osm_id":280570886},"geometry":{"type":"LineString","coordinates":[[3.350434,6.45303],[3.350568,6.453446],[3.350719,6.453652]]}},{"type":"Feature","properties":{"highway":"secondary_link","name":"","bridge":false,"osm_id":586770823},"geometry":{"type":"LineString","coordinates":[[3.352775,6.454973],[3.352775,6.45508]]}},{"type":"Feature","properties":{"highway":"secondary_link","name":"","bridge":false,"osm_id":1462815266},"geometry":{"type":"LineString","coordinates":[[3.351014,6.454972],[3.350987,6.454877],[3.351026,6.454786]]}},{"type":"Feature","properties":{"highway":"secondary","name":"Malu Road","bridge":false,"osm_id":133801178},"geometry":{"type":"LineString","coordinates":[[3.350904,6.454783],[3.351884,6.454827],[3.352775,6.454973],[3.353575,6.455037],[3.354949,6.455022],[3.355968,6.455103]]}},{"type":"Feature","properties":{"highway":"secondary","name":"Malu Road","bridge":false,"osm_id":144838167},"geometry":{"type":"LineString","coordinates":[[3.355962,6.455201],[3.354948,6.45514],[3.354443,6.45517],[3.353212,6.455129],[3.35151,6.454878],[3.350896,6.454991]]}},{"type":"Feature","properties":{"highway":"tertiary","name":"","bridge":false,"osm_id":144838175},"geometry":{"type":"LineString","coordinates":[[3.350842,6.455003],[3.350683,6.455029],[3.349158,6.454894],[3.348584,6.454885],[3.344908,6.455542],[3.344653,6.455617],[3.344131,6.455897],[3.343903,6.456056]]}},{"type":"Feature","properties":{"highway":"tertiary","name":"Baale Adeyemo Street","bridge":false,"osm_id":167014123},"geometry":{"type":"LineString","coordinates":[[3.343903,6.456056],[3.343428,6.456488],[3.343229,6.456876],[3.343066,6.45737],[3.342803,6.458645]]}},{"type":"Feature","properties":{"highway":"tertiary","name":"Baale Adeyemo Street","bridge":true,"osm_id":280570889},"geometry":{"type":"LineString","coordinates":[[3.342803,6.458645],[3.342708,6.459011]]}},{"type":"Feature","properties":{"highway":"primary","name":"Apapa-Oworonshoki Expressway","bridge":false,"osm_id":134147973},"geometry":{"type":"LineString","coordinates":[[3.337265,6.543608],[3.337111,6.541736],[3.336893,6.53985],[3.336775,6.537991],[3.336532,6.536197],[3.335928,6.530354],[3.335822,6.529601],[3.335553,6.526392],[3.334931,6.520494],[3.33474,6.518859],[3.334604,6.51824],[3.334407,6.517656],[3.334072,6.516879],[3.333821,6.516397],[3.333573,6.516006],[3.333076,6.51538],[3.332773,6.515052],[3.332265,6.514578],[3.331862,6.514258],[3.331194,6.513827],[3.327553,6.512005],[3.327071,6.511722],[3.326647,6.511417],[3.325882,6.510758],[3.325268,6.510073],[3.324801,6.50937],[3.32434,6.508486],[3.324055,6.507767]]}},{"type":"Feature","properties":{"highway":"motorway","name":"Apapa-Oworonshoki Expressway","bridge":false,"osm_id":134147997},"geometry":{"type":"LineString","coordinates":[[3.337394,6.543619],[3.337302,6.542479],[3.335837,6.528445],[3.33526,6.522561],[3.334929,6.519574],[3.334844,6.518946],[3.334726,6.51837],[3.334448,6.517482],[3.334128,6.516773],[3.333835,6.516238],[3.333389,6.51558],[3.333108,6.515234],[3.332464,6.514618],[3.33135,6.513795],[3.330875,6.513531],[3.327625,6.511947],[3.327109,6.511634],[3.326715,6.511344],[3.325993,6.510731],[3.325352,6.510035],[3.324927,6.509412],[3.324503,6.508617],[3.324149,6.507734]]}},{"type":"Feature","properties":{"highway":"motorway","name":"Apapa-Oworonshoki Expressway","bridge":false,"osm_id":134153444},"geometry":{"type":"LineString","coordinates":[[3.324284,6.507725],[3.324423,6.508113],[3.325084,6.509404],[3.325639,6.510152],[3.326272,6.510792],[3.326712,6.511186],[3.327184,6.511527],[3.327731,6.511847],[3.33106,6.513487],[3.331572,6.513787],[3.332179,6.514216],[3.33287,6.514818],[3.333203,6.515178],[3.333727,6.515844],[3.333973,6.516217],[3.334219,6.51668],[3.334572,6.517442],[3.334832,6.518206],[3.334974,6.518909],[3.336292,6.531644],[3.337011,6.538272],[3.337414,6.542271],[3.33752,6.54361]]}},{"type":"Feature","properties":{"highway":"primary","name":"Apapa-Oworonshoki Expressway","bridge":false,"osm_id":134153449},"geometry":{"type":"LineString","coordinates":[[3.324354,6.507659],[3.324513,6.508109],[3.325014,6.509139],[3.325532,6.509893],[3.326097,6.510512],[3.326838,6.511171],[3.327506,6.511602],[3.328143,6.511952],[3.33112,6.513412],[3.331701,6.513759],[3.332362,6.514236],[3.333042,6.514857],[3.333604,6.515498],[3.334053,6.516152],[3.334227,6.516467],[3.334533,6.517101],[3.334724,6.517592],[3.334877,6.518064],[3.335011,6.518604],[3.335332,6.521199],[3.335802,6.525785],[3.33612,6.529396],[3.336299,6.530721],[3.336957,6.536982],[3.3371,6.538086],[3.337662,6.543599]]}},{"type":"Feature","properties":{"highway":"secondary","name":"","bridge":false,"osm_id":217003246},"geometry":{"type":"LineString","coordinates":[[3.325207,6.468081],[3.325121,6.46801],[3.3251,6.467957],[3.325116,6.467846],[3.3252,6.467769],[3.325314,6.467763],[3.325408,6.467832],[3.325426,6.467977],[3.325362,6.468062],[3.325207,6.468081]]}},{"type":"Feature","properties":{"highway":"tertiary","name":"","bridge":false,"osm_id":1043800918},"geometry":{"type":"LineString","coordinates":[[3.325256,6.467756],[3.325492,6.467633],[3.325637,6.467481],[3.326349,6.466456],[3.326382,6.466333],[3.326373,6.466193]]}},{"type":"Feature","properties":{"highway":"tertiary","name":"","bridge":false,"osm_id":1043800919},"geometry":{"type":"LineString","coordinates":[[3.326671,6.466396],[3.326511,6.466459],[3.326364,6.466614],[3.325668,6.467598],[3.325431,6.467886]]}},{"type":"Feature","properties":{"highway":"primary","name":"","bridge":true,"osm_id":1043800920},"geometry":{"type":"LineString","coordinates":[[3.326453,6.466372],[3.326431,6.466299],[3.326445,6.466168],[3.326815,6.465617],[3.326973,6.46559],[3.327038,6.465623],[3.327115,6.465744],[3.327096,6.465857],[3.326755,6.466335],[3.326694,6.466395],[3.326551,6.466433],[3.326453,6.466372]]}},{"type":"Feature","properties":{"highway":"motorway_link","name":"","bridge":true,"osm_id":1043800923},"geometry":{"type":"LineString","coordinates":[[3.326445,6.466168],[3.32554,6.465516]]}},{"type":"Feature","properties":{"highway":"motorway_link","name":"","bridge":false,"osm_id":1043800924},"geometry":{"type":"LineString","coordinates":[[3.32554,6.465516],[3.32502,6.465142]]}},{"type":"Feature","properties":{"highway":"motorway_link","name":"","bridge":true,"osm_id":1043800929},"geometry":{"type":"LineString","coordinates":[[3.327108,6.465822],[3.327123,6.466001],[3.327962,6.466577]]}},{"type":"Feature","properties":{"highway":"motorway_link","name":"","bridge":true,"osm_id":1043800930},"geometry":{"type":"LineString","coordinates":[[3.327663,6.467032],[3.326734,6.466356]]}},{"type":"Feature","properties":{"highway":"motorway_link","name":"","bridge":false,"osm_id":1043800931},"geometry":{"type":"LineString","coordinates":[[3.327962,6.466577],[3.32869,6.467085]]}},{"type":"Feature","properties":{"highway":"motorway_link","name":"","bridge":false,"osm_id":1043800932},"geometry":{"type":"LineString","coordinates":[[3.328359,6.467524],[3.327663,6.467032]]}},{"type":"Feature","properties":{"highway":"secondary","name":"Akinwande Street","bridge":false,"osm_id":167145269},"geometry":{"type":"LineString","coordinates":[[3.331762,6.472869],[3.328471,6.470724],[3.327768,6.470124],[3.325678,6.468239],[3.325536,6.468127],[3.325362,6.468062]]}},{"type":"Feature","properties":{"highway":"primary","name":"","bridge":true,"osm_id":217003242},"geometry":{"type":"LineString","coordinates":[[3.322286,6.470537],[3.322838,6.470387],[3.323453,6.470106],[3.323796,6.469898],[3.324014,6.46968],[3.324678,6.468845],[3.326453,6.466372]]}},{"type":"Feature","properties":{"highway":"secondary","name":"Akinwande Street","bridge":false,"osm_id":217003244},"geometry":{"type":"LineString","coordinates":[[3.325435,6.467924],[3.325514,6.468022],[3.327849,6.470146],[3.328486,6.470671],[3.329034,6.471051],[3.331786,6.472814]]}},{"type":"Feature","properties":{"highway":"secondary","name":"","bridge":false,"osm_id":295045437},"geometry":{"type":"LineString","coordinates":[[3.322301,6.468953],[3.322619,6.468986],[3.323531,6.468961],[3.32381,6.468907],[3.323974,6.468839],[3.324949,6.468144],[3.3251,6.467957]]}},{"type":"Feature","properties":{"highway":"secondary","name":"","bridge":false,"osm_id":295045438},"geometry":{"type":"LineString","coordinates":[[3.325207,6.468081],[3.325061,6.468156],[3.324012,6.4689],[3.323881,6.46896],[3.323534,6.469037],[3.322682,6.469048],[3.322616,6.469075],[3.322526,6.469213]]}},{"type":"Feature","properties":{"highway":"primary","name":"","bridge":true,"osm_id":829092432},"geometry":{"type":"LineString","coordinates":[[3.326551,6.466433],[3.324701,6.468978],[3.324191,6.469609],[3.323835,6.469992],[3.323637,6.470123],[3.322976,6.470424],[3.322342,6.47061]]}},{"type":"Feature","properties":{"highway":"motorway_link","name":"","bridge":false,"osm_id":1043800927},"geometry":{"type":"LineString","coordinates":[[3.32869,6.467086],[3.329538,6.46768],[3.329887,6.467992]]}},{"type":"Feature","properties":{"highway":"motorway_link","name":"","bridge":false,"osm_id":1043800928},"geometry":{"type":"LineString","coordinates":[[3.329634,6.468273],[3.329272,6.468111],[3.328358,6.467524]]}},{"type":"Feature","properties":{"highway":"motorway_link","name":"","bridge":false,"osm_id":134160399},"geometry":{"type":"LineString","coordinates":[[3.326373,6.474412],[3.326278,6.474445]]}},{"type":"Feature","properties":{"highway":"motorway_link","name":"","bridge":false,"osm_id":134160400},"geometry":{"type":"LineString","coordinates":[[3.326681,6.475849],[3.326612,6.475871]]}},{"type":"Feature","properties":{"highway":"motorway_link","name":"","bridge":false,"osm_id":564519472},"geometry":{"type":"LineString","coordinates":[[3.327389,6.477556],[3.327291,6.47757]]}},{"type":"Feature","properties":{"highway":"secondary_link","name":"","bridge":false,"osm_id":588675463},"geometry":{"type":"LineString","coordinates":[[3.333748,6.465433],[3.333749,6.465363]]}},{"type":"Feature","properties":{"highway":"secondary_link","name":"Anjorin Street","bridge":false,"osm_id":588664587},"geometry":{"type":"LineString","coordinates":[[3.33825,6.466052],[3.338222,6.466128]]}},{"type":"Feature","properties":{"highway":"secondary","name":"","bridge":false,"osm_id":92451187},"geometry":{"type":"LineString","coordinates":[[3.333555,6.478477],[3.333333,6.478132],[3.33284,6.477191],[3.332339,6.47641],[3.332116,6.476097],[3.331851,6.475833],[3.331459,6.475359],[3.331096,6.47476],[3.33087,6.474479]]}},{"type":"Feature","properties":{"highway":"secondary","name":"Mosafejo Street","bridge":false,"osm_id":167404413},"geometry":{"type":"LineString","coordinates":[[3.334359,6.465337],[3.335049,6.465299],[3.335507,6.465359],[3.337583,6.46592],[3.339156,6.466235]]}},{"type":"Feature","properties":{"highway":"secondary","name":"Cemetery Road","bridge":false,"osm_id":167404429},"geometry":{"type":"LineString","coordinates":[[3.339156,6.466235],[3.339832,6.466228],[3.340583,6.466181],[3.341528,6.466196],[3.342328,6.46626],[3.343832,6.466529],[3.344524,6.466604],[3.344877,6.466634],[3.345788,6.466641]]}},{"type":"Feature","properties":{"highway":"tertiary","name":"","bridge":false,"osm_id":167621422},"geometry":{"type":"LineString","coordinates":[[3.333555,6.478477],[3.334766,6.475978],[3.334856,6.475817],[3.335181,6.475503],[3.335515,6.47531],[3.335653,6.475274],[3.337176,6.475059],[3.33766,6.474962],[3.338011,6.474831],[3.338118,6.474754],[3.338235,6.474616]]}},{"type":"Feature","properties":{"highway":"secondary","name":"","bridge":false,"osm_id":564539669},"geometry":{"type":"LineString","coordinates":[[3.331672,6.473193],[3.331688,6.473038],[3.331762,6.472869],[3.332065,6.472303],[3.333,6.470994]]}},{"type":"Feature","properties":{"highway":"secondary","name":"Cemetery Road","bridge":false,"osm_id":588659176},"geometry":{"type":"LineString","coordinates":[[3.345734,6.466675],[3.345206,6.466691],[3.343846,6.466584],[3.342313,6.466299],[3.341498,6.466235],[3.339094,6.466294]]}},{"type":"Feature","properties":{"highway":"secondary","name":"Mosafejo Street","bridge":false,"osm_id":588659177},"geometry":{"type":"LineString","coordinates":[[3.339094,6.466294],[3.337168,6.465888],[3.335477,6.465439],[3.335057,6.46538],[3.334336,6.465424]]}},{"type":"Feature","properties":{"highway":"primary","name":"Lagos-Badagry Expressway","bridge":false,"osm_id":829092421},"geometry":{"type":"LineString","coordinates":[[3.347613,6.479194],[3.34732,6.479196],[3.346701,6.479105],[3.344788,6.47858],[3.343365,6.477967],[3.341819,6.477069],[3.338793,6.474994]]}},{"type":"Feature","properties":{"highway":"motorway","name":"Lagos-Badagry Expressway","bridge":false,"osm_id":829092422},"geometry":{"type":"LineString","coordinates":[[3.344624,6.478382],[3.343628,6.477989],[3.343041,6.477706],[3.341882,6.477007],[3.340756,6.476283],[3.339854,6.475518],[3.338982,6.474832]]}},{"type":"Feature","properties":{"highway":"motorway","name":"Lagos-Badagry Expressway","bridge":false,"osm_id":829092428},"geometry":{"type":"LineString","coordinates":[[3.338233,6.474305],[3.337002,6.473522],[3.336491,6.473143],[3.334333,6.471798],[3.333175,6.471017]]}},{"type":"Feature","properties":{"highway":"secondary","name":"","bridge":false,"osm_id":829092431},"geometry":{"type":"LineString","coordinates":[[3.333051,6.471032],[3.332167,6.472281],[3.331945,6.47264],[3.331672,6.473193]]}},{"type":"Feature","properties":{"highway":"primary","name":"Lagos-Badagry Expressway","bridge":false,"osm_id":893293877},"geometry":{"type":"LineString","coordinates":[[3.341354,6.476077],[3.342279,6.476727],[3.343255,6.477312],[3.344454,6.477885],[3.345276,6.478193],[3.34621,6.478489],[3.346836,6.478624],[3.347307,6.47881]]}},{"type":"Feature","properties":{"highway":"motorway","name":"Lagos-Badagry Expressway","bridge":false,"osm_id":893293878},"geometry":{"type":"LineString","coordinates":[[3.339206,6.474582],[3.341509,6.476294],[3.342534,6.476978],[3.343646,6.477612],[3.344526,6.478014],[3.345341,6.47833],[3.346205,6.478566]]}},{"type":"Feature","properties":{"highway":"motorway","name":"Lagos-Badagry Expressway","bridge":false,"osm_id":1098549363},"geometry":{"type":"LineString","coordinates":[[3.33359,6.470704],[3.334136,6.471084],[3.335752,6.472007],[3.33651,6.472527],[3.33806,6.473774],[3.338919,6.474393]]}},{"type":"Feature","properties":{"highway":"secondary","name":"Akinwande Street","bridge":false,"osm_id":870609298},"geometry":{"type":"LineString","coordinates":[[3.331786,6.472814],[3.331849,6.472849]]}},{"type":"Feature","properties":{"highway":"secondary","name":"Akinwande Street","bridge":false,"osm_id":870609299},"geometry":{"type":"LineString","coordinates":[[3.331815,6.47293],[3.331761,6.472869]]}},{"type":"Feature","properties":{"highway":"secondary","name":"","bridge":false,"osm_id":1553791747},"geometry":{"type":"LineString","coordinates":[[3.33087,6.474479],[3.331257,6.474025],[3.331535,6.473533],[3.331672,6.473193]]}},{"type":"Feature","properties":{"highway":"motorway","name":"Lagos-Badagry Expressway","bridge":true,"osm_id":279848224},"geometry":{"type":"LineString","coordinates":[[3.338982,6.474832],[3.338707,6.474637]]}},{"type":"Feature","properties":{"highway":"motorway","name":"Lagos-Badagry Expressway","bridge":false,"osm_id":279848226},"geometry":{"type":"LineString","coordinates":[[3.338707,6.474637],[3.338233,6.474305]]}},{"type":"Feature","properties":{"highway":"primary","name":"Lagos-Badagry Expressway","bridge":true,"osm_id":829092434},"geometry":{"type":"LineString","coordinates":[[3.338793,6.474994],[3.338478,6.474784]]}},{"type":"Feature","properties":{"highway":"motorway","name":"Lagos-Badagry Expressway","bridge":true,"osm_id":893293876},"geometry":{"type":"LineString","coordinates":[[3.338919,6.474393],[3.339206,6.474582]]}},{"type":"Feature","properties":{"highway":"primary","name":"Lagos-Badagry Expressway","bridge":false,"osm_id":893293903},"geometry":{"type":"LineString","coordinates":[[3.33943,6.474594],[3.341354,6.476077]]}},{"type":"Feature","properties":{"highway":"primary","name":"Lagos-Badagry Expressway","bridge":true,"osm_id":893293904},"geometry":{"type":"LineString","coordinates":[[3.33892,6.474234],[3.33943,6.474594]]}},{"type":"Feature","properties":{"highway":"secondary_link","name":"","bridge":false,"osm_id":588664586},"geometry":{"type":"LineString","coordinates":[[3.343424,6.46651],[3.343441,6.466464]]}},{"type":"Feature","properties":{"highway":"secondary","name":"College Road","bridge":false,"osm_id":167404404},"geometry":{"type":"LineString","coordinates":[[3.350286,6.466638],[3.350435,6.466596],[3.350652,6.466582],[3.35106,6.466597],[3.351497,6.46666],[3.353967,6.466515]]}},{"type":"Feature","properties":{"highway":"secondary","name":"Gaskiya College Road","bridge":false,"osm_id":280570897},"geometry":{"type":"LineString","coordinates":[[3.353967,6.466515],[3.355245,6.466516]]}},{"type":"Feature","properties":{"highway":"secondary","name":"","bridge":false,"osm_id":870610237},"geometry":{"type":"LineString","coordinates":[[3.350145,6.466776],[3.350111,6.466709],[3.350124,6.46664],[3.350218,6.466598],[3.350286,6.466638],[3.350304,6.466705],[3.350278,6.466761],[3.350216,6.466791]]}},{"type":"Feature","properties":{"highway":"secondary","name":"Gaskiya College Road","bridge":false,"osm_id":1218697075},"geometry":{"type":"LineString","coordinates":[[3.355231,6.466636],[3.354571,6.466592],[3.353982,6.466589]]}},{"type":"Feature","properties":{"highway":"secondary","name":"College Road","bridge":false,"osm_id":1218697077},"geometry":{"type":"LineString","coordinates":[[3.353982,6.466589],[3.351926,6.466718],[3.351494,6.466723],[3.350754,6.46666],[3.350446,6.466658],[3.350304,6.466705]]}},{"type":"Feature","properties":{"highway":"secondary","name":"","bridge":false,"osm_id":1427271667},"geometry":{"type":"LineString","coordinates":[[3.350216,6.466791],[3.350145,6.466776]]}},{"type":"Feature","properties":{"highway":"secondary","name":"Iganmu Road","bridge":false,"osm_id":90288358},"geometry":{"type":"LineString","coordinates":[[3.350278,6.466761],[3.350529,6.466922],[3.350786,6.466999],[3.351078,6.467165],[3.351146,6.467284],[3.351132,6.46749],[3.350972,6.468092],[3.350976,6.468615],[3.350828,6.470536],[3.350716,6.471381],[3.350522,6.472235],[3.350502,6.472702]]}},{"type":"Feature","properties":{"highway":"secondary","name":"Iganmu Road","bridge":false,"osm_id":90288376},"geometry":{"type":"LineString","coordinates":[[3.350473,6.47315],[3.350446,6.473451],[3.350335,6.473812],[3.350264,6.473969],[3.349977,6.474331],[3.349618,6.474605],[3.348013,6.475402],[3.347529,6.475728],[3.346394,6.477276],[3.346008,6.47767],[3.345634,6.477987],[3.345473,6.478173]]}},{"type":"Feature","properties":{"highway":"trunk","name":"Lagos-Badagry Expressway","bridge":false,"osm_id":279848227},"geometry":{"type":"LineString","coordinates":[[3.347307,6.47881],[3.349161,6.479094],[3.349758,6.479138],[3.356087,6.478863],[3.357054,6.478785],[3.357979,6.47867],[3.358964,6.478467],[3.359845,6.47824],[3.361471,6.477656],[3.362643,6.477117]]}},{"type":"Feature","properties":{"highway":"secondary","name":"Gaskiya College Road","bridge":true,"osm_id":280570895},"geometry":{"type":"LineString","coordinates":[[3.355245,6.466516],[3.355688,6.466527]]}},{"type":"Feature","properties":{"highway":"trunk","name":"Lagos-Badagry Expressway","bridge":false,"osm_id":535066067},"geometry":{"type":"LineString","coordinates":[[3.362686,6.477223],[3.360876,6.478017],[3.359585,6.478452],[3.357905,6.478834],[3.35694,6.478963],[3.349689,6.479321],[3.348295,6.47927],[3.347613,6.479194]]}},{"type":"Feature","properties":{"highway":"secondary","name":"Cemetery Road","bridge":false,"osm_id":588675465},"geometry":{"type":"LineString","coordinates":[[3.345788,6.466641],[3.348087,6.466489],[3.350111,6.466709]]}},{"type":"Feature","properties":{"highway":"secondary","name":"Cemetery Road","bridge":false,"osm_id":588675470},"geometry":{"type":"LineString","coordinates":[[3.35012,6.466762],[3.349683,6.466689],[3.348088,6.466529],[3.345734,6.466675]]}},{"type":"Feature","properties":{"highway":"tertiary","name":"Eric Moore Road","bridge":false,"osm_id":673524763},"geometry":{"type":"LineString","coordinates":[[3.362067,6.477775],[3.361884,6.477987],[3.36133,6.478754],[3.360469,6.479816],[3.359402,6.481202],[3.357113,6.484239],[3.356591,6.48488],[3.355669,6.486101],[3.354098,6.488245],[3.35293,6.48972]]}},{"type":"Feature","properties":{"highway":"secondary","name":"Gaskiya College Road","bridge":true,"osm_id":1218697072},"geometry":{"type":"LineString","coordinates":[[3.355692,6.466634],[3.355231,6.466636]]}},{"type":"Feature","properties":{"highway":"secondary","name":"Iganmu Road","bridge":false,"osm_id":1218697079},"geometry":{"type":"LineString","coordinates":[[3.345411,6.478068],[3.345966,6.477622],[3.34635,6.477236],[3.347475,6.475692],[3.347983,6.475347],[3.349585,6.474551],[3.349931,6.474288],[3.350209,6.473938],[3.350277,6.473788],[3.350383,6.473441],[3.350388,6.473141]]}},{"type":"Feature","properties":{"highway":"secondary","name":"Iganmu Road","bridge":false,"osm_id":1218697080},"geometry":{"type":"LineString","coordinates":[[3.35041,6.472654],[3.350453,6.472229],[3.350646,6.471458],[3.35077,6.470629],[3.350866,6.469598],[3.350884,6.469031],[3.350938,6.468666],[3.350935,6.468084],[3.351081,6.467499],[3.351089,6.467331],[3.351048,6.46723],[3.350969,6.467158],[3.350539,6.467004],[3.350216,6.466791]]}},{"type":"Feature","properties":{"highway":"secondary","name":"Iganmu Road","bridge":false,"osm_id":608185268},"geometry":{"type":"LineString","coordinates":[[3.345276,6.478193],[3.345411,6.478068]]}},{"type":"Feature","properties":{"highway":"secondary","name":"Iganmu Road","bridge":false,"osm_id":608185269},"geometry":{"type":"LineString","coordinates":[[3.345473,6.478173],[3.345429,6.478242]]}},{"type":"Feature","properties":{"highway":"secondary","name":"Iganmu Road","bridge":true,"osm_id":90288373},"geometry":{"type":"LineString","coordinates":[[3.350502,6.472702],[3.350473,6.47315]]}},{"type":"Feature","properties":{"highway":"secondary","name":"Iganmu Road","bridge":true,"osm_id":1218697078},"geometry":{"type":"LineString","coordinates":[[3.350388,6.473141],[3.35041,6.472654]]}},{"type":"Feature","properties":{"highway":"secondary","name":"Bale Street","bridge":true,"osm_id":92451074},"geometry":{"type":"LineString","coordinates":[[3.333872,6.478914],[3.333616,6.478541]]}},{"type":"Feature","properties":{"highway":"tertiary","name":"Idowu Odenuga Crescent","bridge":true,"osm_id":206634566},"geometry":{"type":"LineString","coordinates":[[3.332916,6.479535],[3.332916,6.479662]]}},{"type":"Feature","properties":{"highway":"tertiary","name":"Idowu Odenuga Crescent","bridge":false,"osm_id":280570898},"geometry":{"type":"LineString","coordinates":[[3.332916,6.479662],[3.332941,6.48014]]}},{"type":"Feature","properties":{"highway":"tertiary","name":"","bridge":false,"osm_id":280570929},"geometry":{"type":"LineString","coordinates":[[3.332916,6.479732],[3.332564,6.479753],[3.33193,6.47991],[3.331609,6.480118],[3.331565,6.480203],[3.331588,6.48026]]}},{"type":"Feature","properties":{"highway":"tertiary","name":"","bridge":false,"osm_id":566486270},"geometry":{"type":"LineString","coordinates":[[3.333344,6.482269],[3.333699,6.482027],[3.333726,6.481934]]}},{"type":"Feature","properties":{"highway":"tertiary","name":"","bridge":false,"osm_id":566486271},"geometry":{"type":"LineString","coordinates":[[3.332958,6.479424],[3.332916,6.479535]]}},{"type":"Feature","properties":{"highway":"tertiary","name":"Idowu Odenuga Crescent","bridge":false,"osm_id":864169456},"geometry":{"type":"LineString","coordinates":[[3.333688,6.481886],[3.333726,6.481935]]}},{"type":"Feature","properties":{"highway":"tertiary","name":"Idowu Odenuga Crescent","bridge":false,"osm_id":1364695242},"geometry":{"type":"LineString","coordinates":[[3.332941,6.48014],[3.332975,6.48058],[3.333072,6.480901],[3.33342,6.481518],[3.333688,6.481886]]}},{"type":"Feature","properties":{"highway":"tertiary","name":"","bridge":false,"osm_id":1434560852},"geometry":{"type":"LineString","coordinates":[[3.332958,6.479424],[3.333369,6.478878],[3.333555,6.478477]]}},{"type":"Feature","properties":{"highway":"secondary","name":"Bale Street","bridge":false,"osm_id":1468819607},"geometry":{"type":"LineString","coordinates":[[3.333616,6.478541],[3.333555,6.478477]]}},{"type":"Feature","properties":{"highway":"tertiary","name":"Adetola Road","bridge":false,"osm_id":113521763},"geometry":{"type":"LineString","coordinates":[[3.331588,6.48026],[3.332012,6.480784],[3.332533,6.481544],[3.332932,6.481943],[3.333344,6.482269],[3.333551,6.482492],[3.333734,6.482768],[3.336006,6.487827],[3.338526,6.493363],[3.338674,6.49364],[3.339061,6.49456],[3.339838,6.496216]]}},{"type":"Feature","properties":{"highway":"tertiary","name":"Brown Road","bridge":false,"osm_id":113521764},"geometry":{"type":"LineString","coordinates":[[3.33854,6.486585],[3.338601,6.487484],[3.338563,6.487564],[3.338416,6.487722],[3.338412,6.487869],[3.338458,6.488006],[3.338633,6.488283],[3.339267,6.489657],[3.340831,6.492869],[3.341188,6.493267],[3.341476,6.493446],[3.341694,6.493674],[3.341836,6.493896]]}},{"type":"Feature","properties":{"highway":"secondary","name":"Bale Street","bridge":false,"osm_id":829092440},"geometry":{"type":"LineString","coordinates":[[3.344561,6.478677],[3.344155,6.478928],[3.343466,6.479426],[3.343038,6.479678],[3.34277,6.479828],[3.342408,6.479948],[3.342289,6.479961],[3.340544,6.479872],[3.340163,6.479791],[3.339602,6.47953],[3.3395,6.479512],[3.339206,6.479543],[3.338291,6.479828],[3.337973,6.47984],[3.33739,6.4797],[3.336911,6.479524],[3.33661,6.479366],[3.336478,6.479332],[3.335908,6.479371],[3.335692,6.479465],[3.33524,6.479519],[3.334828,6.479466],[3.33446,6.47934],[3.334171,6.479163],[3.333872,6.478914]]}},{"type":"Feature","properties":{"highway":"tertiary","name":"Onikoyi Street","bridge":false,"osm_id":113525854},"geometry":{"type":"LineString","coordinates":[[3.339267,6.489657],[3.337321,6.490715]]}},{"type":"Feature","properties":{"highway":"secondary_link","name":"","bridge":false,"osm_id":535066072},"geometry":{"type":"LineString","coordinates":[[3.348565,6.482202],[3.348619,6.482197]]}},{"type":"Feature","properties":{"highway":"motorway","name":"Lagos-Badagry Expressway","bridge":false,"osm_id":829092418},"geometry":{"type":"LineString","coordinates":[[3.34662,6.479003],[3.344832,6.478461]]}},{"type":"Feature","properties":{"highway":"motorway","name":"Lagos-Badagry Expressway","bridge":false,"osm_id":829092423},"geometry":{"type":"LineString","coordinates":[[3.344832,6.478461],[3.344624,6.478382]]}},{"type":"Feature","properties":{"highway":"secondary","name":"Bale Street","bridge":false,"osm_id":829092439},"geometry":{"type":"LineString","coordinates":[[3.344561,6.478677],[3.344492,6.478459]]}},{"type":"Feature","properties":{"highway":"motorway","name":"Lagos-Badagry Expressway","bridge":false,"osm_id":893293879},"geometry":{"type":"LineString","coordinates":[[3.347613,6.479194],[3.346975,6.47909],[3.34662,6.479003]]}},{"type":"Feature","properties":{"highway":"motorway","name":"F100","bridge":false,"osm_id":1098549364},"geometry":{"type":"LineString","coordinates":[[3.346205,6.478566],[3.346935,6.478748],[3.347307,6.47881]]}},{"type":"Feature","properties":{"highway":"secondary","name":"Bale Street","bridge":false,"osm_id":1220169163},"geometry":{"type":"LineString","coordinates":[[3.344788,6.47858],[3.344561,6.478677]]}},{"type":"Feature","properties":{"highway":"secondary","name":"Babs Animashaun Street","bridge":false,"osm_id":10219989},"geometry":{"type":"LineString","coordinates":[[3.348594,6.488666],[3.348556,6.486549],[3.348584,6.484236],[3.348574,6.481653],[3.348638,6.481324],[3.349209,6.480281],[3.349319,6.479917],[3.349372,6.479673],[3.349357,6.479541],[3.349256,6.479378],[3.349176,6.479308]]}},{"type":"Feature","properties":{"highway":"tertiary","name":"Eric Moore Road","bridge":false,"osm_id":133797417},"geometry":{"type":"LineString","coordinates":[[3.352792,6.489656],[3.354027,6.488097],[3.357407,6.483598],[3.360504,6.479572]]}},{"type":"Feature","properties":{"highway":"secondary","name":"Babs Animashaun Street","bridge":false,"osm_id":280398137},"geometry":{"type":"LineString","coordinates":[[3.348639,6.49167],[3.348602,6.488752]]}},{"type":"Feature","properties":{"highway":"secondary","name":"Bode Thomas Street","bridge":false,"osm_id":280398140},"geometry":{"type":"LineString","coordinates":[[3.36105,6.488274],[3.359767,6.488821],[3.359113,6.489012],[3.355807,6.489903],[3.355073,6.490077],[3.354604,6.490121],[3.353978,6.490083],[3.353693,6.49003],[3.353396,6.489929],[3.352457,6.489509],[3.351397,6.488987],[3.350963,6.488795],[3.350817,6.488757],[3.350502,6.488712],[3.34994,6.488686],[3.348594,6.488666]]}},{"type":"Feature","properties":{"highway":"secondary","name":"Babs Animashaun Street","bridge":false,"osm_id":535066070},"geometry":{"type":"LineString","coordinates":[[3.349689,6.479321],[3.349567,6.479383],[3.349519,6.47945],[3.349319,6.480195],[3.348694,6.481312],[3.348622,6.481618],[3.348645,6.484894],[3.348625,6.488664]]}},{"type":"Feature","properties":{"highway":"secondary","name":"Babs Animashaun Street","bridge":false,"osm_id":535066076},"geometry":{"type":"LineString","coordinates":[[3.348602,6.488752],[3.348594,6.488666]]}},{"type":"Feature","properties":{"highway":"secondary","name":"Babs Animashaun Street","bridge":false,"osm_id":535066077},"geometry":{"type":"LineString","coordinates":[[3.348625,6.488664],[3.348602,6.488752]]}},{"type":"Feature","properties":{"highway":"primary","name":"Ijesha Road","bridge":false,"osm_id":106100739},"geometry":{"type":"LineString","coordinates":[[3.327682,6.499694],[3.327847,6.499732],[3.328616,6.500268],[3.329032,6.500595],[3.329514,6.501029],[3.329967,6.501508],[3.331165,6.502932],[3.332177,6.503888],[3.3335,6.505223],[3.333638,6.505388],[3.333828,6.505696],[3.33433,6.506761],[3.334725,6.507334],[3.335125,6.507738],[3.335698,6.508214],[3.336215,6.508708],[3.336379,6.508951],[3.336606,6.509182],[3.337257,6.509685],[3.337382,6.509811],[3.337477,6.509993],[3.337565,6.510306],[3.337736,6.511122]]}},{"type":"Feature","properties":{"highway":"tertiary","name":"Kusimo Street","bridge":false,"osm_id":113521765},"geometry":{"type":"LineString","coordinates":[[3.33645,6.496568],[3.333844,6.496846],[3.332241,6.496848],[3.331022,6.496896],[3.330368,6.496884],[3.329859,6.496904],[3.329611,6.496945],[3.329464,6.497064],[3.329339,6.4973],[3.32807,6.499095],[3.327682,6.499694]]}},{"type":"Feature","properties":{"highway":"primary","name":"","bridge":false,"osm_id":215641710},"geometry":{"type":"LineString","coordinates":[[3.329342,6.500968],[3.327834,6.502944],[3.327427,6.503397],[3.327168,6.503756],[3.326635,6.504353],[3.325992,6.50489]]}},{"type":"Feature","properties":{"highway":"primary","name":"","bridge":false,"osm_id":215641737},"geometry":{"type":"LineString","coordinates":[[3.325709,6.504856],[3.325584,6.504676],[3.324987,6.504044],[3.32496,6.503958],[3.326755,6.501431],[3.327162,6.500932],[3.327906,6.499886]]}},{"type":"Feature","properties":{"highway":"primary","name":"Ijesha Road","bridge":false,"osm_id":535992621},"geometry":{"type":"LineString","coordinates":[[3.337647,6.511099],[3.337503,6.510322],[3.337434,6.510067],[3.337333,6.509857],[3.336551,6.509231],[3.335847,6.508449],[3.334933,6.507661],[3.334634,6.507337],[3.334313,6.506876],[3.33407,6.506422],[3.333751,6.505707],[3.333502,6.505331],[3.33313,6.504933],[3.330888,6.502739],[3.329781,6.501399],[3.329578,6.501192],[3.32884,6.500535],[3.327779,6.499804],[3.327682,6.499694]]}},{"type":"Feature","properties":{"highway":"secondary","name":"Ijesha Road","bridge":false,"osm_id":559358549},"geometry":{"type":"LineString","coordinates":[[3.325651,6.493085],[3.325903,6.496342],[3.325953,6.496604],[3.326539,6.498591],[3.326663,6.498927],[3.326751,6.499018],[3.327682,6.499694]]}},{"type":"Feature","properties":{"highway":"secondary","name":"","bridge":false,"osm_id":559358551},"geometry":{"type":"LineString","coordinates":[[3.322573,6.49306],[3.324259,6.493188],[3.32504,6.493165],[3.325651,6.493085]]}},{"type":"Feature","properties":{"highway":"secondary","name":"","bridge":false,"osm_id":215641721},"geometry":{"type":"LineString","coordinates":[[3.325695,6.505047],[3.325108,6.505358],[3.323862,6.506101]]}},{"type":"Feature","properties":{"highway":"primary","name":"","bridge":false,"osm_id":215641726},"geometry":{"type":"LineString","coordinates":[[3.325827,6.505135],[3.325713,6.505074],[3.325676,6.504952],[3.325709,6.504856],[3.32586,6.504803],[3.325923,6.504822],[3.325992,6.50489],[3.326007,6.505027],[3.325922,6.505116],[3.325827,6.505135]]}},{"type":"Feature","properties":{"highway":"primary","name":"","bridge":true,"osm_id":215641750},"geometry":{"type":"LineString","coordinates":[[3.322906,6.50728],[3.322925,6.507379],[3.322984,6.507451],[3.323134,6.507488],[3.323854,6.507277],[3.324191,6.507138],[3.324558,6.50694],[3.3249,6.506696],[3.325187,6.506435],[3.325587,6.505967],[3.325818,6.505582]]}},{"type":"Feature","properties":{"highway":"primary","name":"","bridge":false,"osm_id":1353976928},"geometry":{"type":"LineString","coordinates":[[3.325818,6.505582],[3.325878,6.505359],[3.325837,6.505226],[3.325764,6.505116]]}},{"type":"Feature","properties":{"highway":"primary","name":"","bridge":false,"osm_id":1353976929},"geometry":{"type":"LineString","coordinates":[[3.326007,6.505027],[3.325987,6.505334],[3.325895,6.505607]]}},{"type":"Feature","properties":{"highway":"primary","name":"","bridge":true,"osm_id":215641751},"geometry":{"type":"LineString","coordinates":[[3.325895,6.505607],[3.325614,6.506082],[3.325334,6.506414],[3.325009,6.506718],[3.324616,6.507002],[3.324266,6.507189],[3.323872,6.507357],[3.323228,6.507551],[3.322671,6.50764]]}},{"type":"Feature","properties":{"highway":"tertiary","name":"Kusimo Street","bridge":true,"osm_id":1288254092},"geometry":{"type":"LineString","coordinates":[[3.336597,6.496507],[3.33645,6.496569]]}},{"type":"Feature","properties":{"highway":"tertiary","name":"Brown Road","bridge":false,"osm_id":1411928245},"geometry":{"type":"LineString","coordinates":[[3.341836,6.493896],[3.341921,6.494036],[3.342048,6.494443],[3.342097,6.496105]]}},{"type":"Feature","properties":{"highway":"tertiary","name":"Adebola Ojomu Street","bridge":false,"osm_id":205833466},"geometry":{"type":"LineString","coordinates":[[3.345308,6.49384],[3.343194,6.493821],[3.342608,6.493778],[3.342296,6.493787],[3.341836,6.493896]]}},{"type":"Feature","properties":{"highway":"tertiary","name":"Kusimo Street","bridge":false,"osm_id":1288254093},"geometry":{"type":"LineString","coordinates":[[3.345269,6.49574],[3.343348,6.495748],[3.343322,6.495777],[3.342097,6.496105],[3.341515,6.496203],[3.338226,6.496223],[3.337162,6.496265],[3.336981,6.496293],[3.336597,6.496507]]}},{"type":"Feature","properties":{"highway":"secondary","name":"Babs Animashaun Street","bridge":false,"osm_id":10219988},"geometry":{"type":"LineString","coordinates":[[3.348641,6.492162],[3.34864,6.493015],[3.348606,6.493306]]}},{"type":"Feature","properties":{"highway":"tertiary","name":"Adebola Ojomu Street","bridge":false,"osm_id":114912320},"geometry":{"type":"LineString","coordinates":[[3.347638,6.491568],[3.346202,6.493626],[3.346101,6.49372],[3.345896,6.493789],[3.345308,6.49384]]}},{"type":"Feature","properties":{"highway":"tertiary","name":"Olatunde Onimole Street","bridge":false,"osm_id":206277503},"geometry":{"type":"LineString","coordinates":[[3.347638,6.491568],[3.347999,6.491857],[3.348159,6.492042],[3.348159,6.492911],[3.348273,6.493101],[3.348519,6.49332]]}},{"type":"Feature","properties":{"highway":"secondary","name":"Babs Animashaun Street","bridge":true,"osm_id":280398136},"geometry":{"type":"LineString","coordinates":[[3.348641,6.492162],[3.348639,6.49167]]}},{"type":"Feature","properties":{"highway":"secondary","name":"Adelabu- Babs Juncton","bridge":false,"osm_id":403465359},"geometry":{"type":"LineString","coordinates":[[3.348519,6.49332],[3.348592,6.493299],[3.348614,6.493359],[3.348545,6.49339],[3.348519,6.49332]]}},{"type":"Feature","properties":{"highway":"secondary","name":"Ogunlana Drive","bridge":false,"osm_id":12339482},"geometry":{"type":"LineString","coordinates":[[3.351122,6.502775],[3.352317,6.50604],[3.352634,6.507554],[3.352708,6.508101],[3.352781,6.509306],[3.352777,6.512249]]}},{"type":"Feature","properties":{"highway":"tertiary","name":"Alhaji Masha Road","bridge":false,"osm_id":215667090},"geometry":{"type":"LineString","coordinates":[[3.356746,6.499401],[3.355199,6.499956]]}},{"type":"Feature","properties":{"highway":"secondary","name":"Adelabu Street","bridge":false,"osm_id":215667100},"geometry":{"type":"LineString","coordinates":[[3.350381,6.500952],[3.350213,6.500525],[3.350092,6.500024],[3.350003,6.499075],[3.349944,6.498726],[3.349818,6.498298],[3.349442,6.497272],[3.349209,6.496501],[3.349151,6.496208],[3.349076,6.495183],[3.349091,6.494899],[3.349156,6.494707],[3.349245,6.494555],[3.349822,6.493801],[3.349877,6.493623]]}},{"type":"Feature","properties":{"highway":"tertiary","name":"Alhaji Masha Road","bridge":false,"osm_id":215667102},"geometry":{"type":"LineString","coordinates":[[3.349195,6.502831],[3.348869,6.503026],[3.348617,6.50304]]}},{"type":"Feature","properties":{"highway":"tertiary","name":"Alhaji Masha Road","bridge":false,"osm_id":215667129},"geometry":{"type":"LineString","coordinates":[[3.348596,6.502958],[3.348685,6.502978],[3.34913,6.502761]]}},{"type":"Feature","properties":{"highway":"tertiary","name":"Alhaji Masha Road","bridge":false,"osm_id":215667138},"geometry":{"type":"LineString","coordinates":[[3.355166,6.499878],[3.356747,6.499321]]}},{"type":"Feature","properties":{"highway":"tertiary","name":"Akerele Road","bridge":false,"osm_id":280398135},"geometry":{"type":"LineString","coordinates":[[3.358753,6.503284],[3.356684,6.504068],[3.356536,6.50417],[3.356348,6.504356],[3.355958,6.504832],[3.355764,6.504959],[3.354333,6.505498]]}},{"type":"Feature","properties":{"highway":"secondary","name":"Ogunlana Drive","bridge":false,"osm_id":583323034},"geometry":{"type":"LineString","coordinates":[[3.352714,6.512254],[3.352708,6.509306],[3.352638,6.508102],[3.352556,6.50757],[3.352236,6.506047],[3.352063,6.505519],[3.351051,6.502797]]}},{"type":"Feature","properties":{"highway":"tertiary","name":"","bridge":false,"osm_id":583328790},"geometry":{"type":"LineString","coordinates":[[3.354309,6.505454],[3.355527,6.505],[3.355838,6.504851],[3.355983,6.504725],[3.356282,6.504322],[3.356541,6.504068],[3.356969,6.503874],[3.358711,6.503231]]}},{"type":"Feature","properties":{"highway":"secondary","name":"Adelabu Street","bridge":false,"osm_id":584900123},"geometry":{"type":"LineString","coordinates":[[3.349959,6.493631],[3.349941,6.493743],[3.349879,6.493858],[3.349367,6.494504],[3.34919,6.494811],[3.349149,6.494977],[3.349148,6.495178],[3.349185,6.495461],[3.349215,6.496201],[3.34934,6.496747],[3.350012,6.498707],[3.350081,6.499067],[3.350196,6.500195],[3.350439,6.50093]]}},{"type":"Feature","properties":{"highway":"secondary","name":"Adelabu Street","bridge":false,"osm_id":608826236},"geometry":{"type":"LineString","coordinates":[[3.349959,6.493631],[3.348896,6.493492],[3.348593,6.493386]]}},{"type":"Feature","properties":{"highway":"tertiary","name":"Akpoguma Street","bridge":false,"osm_id":584889847},"geometry":{"type":"LineString","coordinates":[[3.347714,6.502729],[3.347928,6.50288],[3.34814,6.502922],[3.348506,6.502902],[3.348596,6.502958]]}},{"type":"Feature","properties":{"highway":"tertiary","name":"Akpoguma Street","bridge":false,"osm_id":584889850},"geometry":{"type":"LineString","coordinates":[[3.348617,6.50304],[3.348452,6.502963],[3.34791,6.50296],[3.347714,6.502729]]}},{"type":"Feature","properties":{"highway":"tertiary","name":"Akpoguma Street","bridge":false,"osm_id":1553798760},"geometry":{"type":"LineString","coordinates":[[3.345974,6.501196],[3.346183,6.501291],[3.346565,6.501554],[3.346974,6.501925],[3.347714,6.502729]]}},{"type":"Feature","properties":{"highway":"tertiary","name":"Alhaji Masha Road","bridge":true,"osm_id":215667085},"geometry":{"type":"LineString","coordinates":[[3.355199,6.499956],[3.354907,6.500052]]}},{"type":"Feature","properties":{"highway":"tertiary","name":"Alhaji Masha Road","bridge":true,"osm_id":215667089},"geometry":{"type":"LineString","coordinates":[[3.349785,6.502415],[3.351706,6.501315]]}},{"type":"Feature","properties":{"highway":"secondary","name":"Adelabu Street","bridge":false,"osm_id":215667092},"geometry":{"type":"LineString","coordinates":[[3.350439,6.50093],[3.350636,6.501485],[3.350787,6.501697]]}},{"type":"Feature","properties":{"highway":"tertiary","name":"Alhaji Masha Road","bridge":false,"osm_id":215667095},"geometry":{"type":"LineString","coordinates":[[3.351706,6.501315],[3.35213,6.50106],[3.352267,6.500945]]}},{"type":"Feature","properties":{"highway":"secondary","name":"","bridge":false,"osm_id":215667096},"geometry":{"type":"LineString","coordinates":[[3.350714,6.502051],[3.350619,6.501997],[3.350584,6.501939],[3.350585,6.501806],[3.350682,6.501709],[3.350787,6.501697],[3.350913,6.501788],[3.350935,6.501891],[3.350854,6.502026],[3.350714,6.502051]]}},{"type":"Feature","properties":{"highway":"tertiary","name":"Alhaji Masha Road","bridge":false,"osm_id":215667098},"geometry":{"type":"LineString","coordinates":[[3.354907,6.500052],[3.352961,6.500698],[3.35231,6.50104]]}},{"type":"Feature","properties":{"highway":"tertiary","name":"Alhaji Masha Road","bridge":true,"osm_id":215667103},"geometry":{"type":"LineString","coordinates":[[3.351731,6.501357],[3.349808,6.502455]]}},{"type":"Feature","properties":{"highway":"tertiary","name":"Alhaji Masha Road","bridge":false,"osm_id":215667108},"geometry":{"type":"LineString","coordinates":[[3.349808,6.502456],[3.349195,6.502831]]}},{"type":"Feature","properties":{"highway":"tertiary","name":"Alhaji Masha Road","bridge":false,"osm_id":215667112},"geometry":{"type":"LineString","coordinates":[[3.352267,6.500945],[3.352878,6.500637],[3.354882,6.499972]]}},{"type":"Feature","properties":{"highway":"secondary","name":"Ogunlana Drive","bridge":false,"osm_id":215667113},"geometry":{"type":"LineString","coordinates":[[3.351051,6.502797],[3.35088,6.502317],[3.350818,6.502182],[3.350714,6.502051]]}},{"type":"Feature","properties":{"highway":"secondary_link","name":"","bridge":false,"osm_id":215667116},"geometry":{"type":"LineString","coordinates":[[3.350838,6.501715],[3.352267,6.500945]]}},{"type":"Feature","properties":{"highway":"secondary","name":"Adelabu Street","bridge":false,"osm_id":215667120},"geometry":{"type":"LineString","coordinates":[[3.350601,6.501776],[3.350573,6.5015],[3.350381,6.500952]]}},{"type":"Feature","properties":{"highway":"secondary_link","name":"","bridge":false,"osm_id":215667124},"geometry":{"type":"LineString","coordinates":[[3.34913,6.502761],[3.349376,6.502573],[3.350339,6.502005],[3.350585,6.501806]]}},{"type":"Feature","properties":{"highway":"secondary_link","name":"","bridge":false,"osm_id":215667126},"geometry":{"type":"LineString","coordinates":[[3.350674,6.502037],[3.350416,6.502154],[3.349596,6.502642],[3.349195,6.502831]]}},{"type":"Feature","properties":{"highway":"secondary","name":"Ogunlana Drive","bridge":false,"osm_id":215667128},"geometry":{"type":"LineString","coordinates":[[3.350905,6.501974],[3.350929,6.502226],[3.351122,6.502775]]}},{"type":"Feature","properties":{"highway":"tertiary","name":"Alhaji Masha Road","bridge":false,"osm_id":215667132},"geometry":{"type":"LineString","coordinates":[[3.35231,6.50104],[3.351731,6.501357]]}},{"type":"Feature","properties":{"highway":"secondary_link","name":"","bridge":false,"osm_id":215667134},"geometry":{"type":"LineString","coordinates":[[3.35231,6.50104],[3.352063,6.501212],[3.35116,6.501739],[3.350922,6.501942]]}},{"type":"Feature","properties":{"highway":"tertiary","name":"Alhaji Masha Road","bridge":true,"osm_id":215667135},"geometry":{"type":"LineString","coordinates":[[3.354882,6.499972],[3.355166,6.499879]]}},{"type":"Feature","properties":{"highway":"tertiary","name":"Alhaji Masha Road","bridge":false,"osm_id":215667136},"geometry":{"type":"LineString","coordinates":[[3.34913,6.502761],[3.349785,6.502415]]}},{"type":"Feature","properties":{"highway":"secondary_link","name":"","bridge":false,"osm_id":559358546},"geometry":{"type":"LineString","coordinates":[[3.334476,6.507133],[3.334538,6.507091]]}},{"type":"Feature","properties":{"highway":"primary","name":"","bridge":false,"osm_id":559379273},"geometry":{"type":"LineString","coordinates":[[3.33525,6.510906],[3.335178,6.510819],[3.335147,6.510598]]}},{"type":"Feature","properties":{"highway":"primary_link","name":"","bridge":false,"osm_id":559382424},"geometry":{"type":"LineString","coordinates":[[3.335188,6.510496],[3.335224,6.510342],[3.33519,6.510172]]}},{"type":"Feature","properties":{"highway":"primary_link","name":"","bridge":false,"osm_id":559358545},"geometry":{"type":"LineString","coordinates":[[3.337503,6.510321],[3.337565,6.510306]]}},{"type":"Feature","properties":{"highway":"primary","name":"Itire Road","bridge":false,"osm_id":535992608},"geometry":{"type":"LineString","coordinates":[[3.335627,6.511165],[3.33525,6.510906]]}},{"type":"Feature","properties":{"highway":"primary","name":"Kabiyesi Street","bridge":false,"osm_id":535992610},"geometry":{"type":"LineString","coordinates":[[3.335965,6.510474],[3.335928,6.510644],[3.335626,6.511165]]}},{"type":"Feature","properties":{"highway":"primary","name":"Adeniyi Street","bridge":false,"osm_id":535992611},"geometry":{"type":"LineString","coordinates":[[3.334234,6.512533],[3.334344,6.512183],[3.3347,6.511364],[3.3351,6.510709],[3.335282,6.510324],[3.335344,6.510273],[3.335443,6.510253]]}},{"type":"Feature","properties":{"highway":"primary","name":"","bridge":false,"osm_id":535992613},"geometry":{"type":"LineString","coordinates":[[3.337736,6.511122],[3.336247,6.51073],[3.336029,6.510715],[3.335825,6.510805]]}},{"type":"Feature","properties":{"highway":"primary","name":"Lawanson Road","bridge":false,"osm_id":535992623},"geometry":{"type":"LineString","coordinates":[[3.335443,6.510253],[3.335871,6.510378],[3.336042,6.510586],[3.33611,6.510631],[3.33773,6.511055]]}},{"type":"Feature","properties":{"highway":"primary","name":"Adeniyi Street","bridge":false,"osm_id":559336298},"geometry":{"type":"LineString","coordinates":[[3.33525,6.510906],[3.335145,6.510858],[3.335083,6.510871],[3.334923,6.511076],[3.334626,6.511603],[3.334414,6.512105],[3.334282,6.512546]]}},{"type":"Feature","properties":{"highway":"primary","name":"Lawanson Road","bridge":false,"osm_id":559358547},"geometry":{"type":"LineString","coordinates":[[3.33773,6.511055],[3.338044,6.511134],[3.338421,6.51117],[3.339683,6.511183],[3.340168,6.511237],[3.340778,6.511325],[3.341876,6.511607],[3.342094,6.511636],[3.343077,6.511694],[3.344978,6.511708],[3.34564,6.511765],[3.346385,6.511892],[3.347025,6.512048],[3.347618,6.512228],[3.348041,6.5124],[3.348804,6.512619],[3.351045,6.512648],[3.351529,6.512519],[3.352089,6.512294],[3.352777,6.512249]]}},{"type":"Feature","properties":{"highway":"primary","name":"Lawanson Road","bridge":false,"osm_id":559358548},"geometry":{"type":"LineString","coordinates":[[3.352724,6.512327],[3.352275,6.51233],[3.352107,6.512366],[3.351927,6.512409],[3.351405,6.512632],[3.351057,6.512717],[3.350291,6.512737],[3.348873,6.512698],[3.348462,6.512594],[3.346878,6.512086],[3.346078,6.5119],[3.345367,6.51177],[3.343731,6.511716],[3.342371,6.511715],[3.341856,6.511654],[3.340754,6.511387],[3.339956,6.511275],[3.338375,6.51123],[3.337736,6.511122]]}},{"type":"Feature","properties":{"highway":"secondary","name":"Mushin Road","bridge":false,"osm_id":583244653},"geometry":{"type":"LineString","coordinates":[[3.339215,6.511465],[3.33946,6.511839],[3.339806,6.512206],[3.341007,6.512943],[3.341518,6.513345],[3.341901,6.513706],[3.342354,6.514289],[3.342488,6.514504],[3.342705,6.514965],[3.342914,6.515268],[3.343273,6.515647],[3.344046,6.516322],[3.344151,6.516444],[3.344255,6.516939]]}},{"type":"Feature","properties":{"highway":"primary","name":"Adeniyi Street","bridge":false,"osm_id":280385616},"geometry":{"type":"LineString","coordinates":[[3.3342,6.512916],[3.334178,6.513662],[3.334469,6.516414],[3.334414,6.516636],[3.334357,6.516731]]}},{"type":"Feature","properties":{"highway":"primary","name":"Adeniyi Street","bridge":false,"osm_id":535992601},"geometry":{"type":"LineString","coordinates":[[3.333962,6.516011],[3.334123,6.516084],[3.334223,6.516076],[3.334301,6.516027],[3.334347,6.515923],[3.334119,6.513674],[3.334117,6.513287],[3.33416,6.512892]]}},{"type":"Feature","properties":{"highway":"primary","name":"Adeniyi Street","bridge":true,"osm_id":535992605},"geometry":{"type":"LineString","coordinates":[[3.334282,6.512546],[3.3342,6.512916]]}},{"type":"Feature","properties":{"highway":"primary","name":"Adeniyi Street","bridge":true,"osm_id":559336295},"geometry":{"type":"LineString","coordinates":[[3.33416,6.512892],[3.334234,6.512533]]}},{"type":"Feature","properties":{"highway":"secondary","name":"Mushin Road","bridge":false,"osm_id":559379274},"geometry":{"type":"LineString","coordinates":[[3.339231,6.511244],[3.339215,6.511465]]}},{"type":"Feature","properties":{"highway":"secondary","name":"","bridge":false,"osm_id":559379275},"geometry":{"type":"LineString","coordinates":[[3.339215,6.511465],[3.3388,6.511242]]}},{"type":"Feature","properties":{"highway":"tertiary","name":"Akerele Road","bridge":true,"osm_id":280398132},"geometry":{"type":"LineString","coordinates":[[3.354333,6.505498],[3.354231,6.505535]]}},{"type":"Feature","properties":{"highway":"tertiary","name":"Akerele Road","bridge":false,"osm_id":280398134},"geometry":{"type":"LineString","coordinates":[[3.354231,6.505535],[3.353377,6.505865],[3.352341,6.506124]]}},{"type":"Feature","properties":{"highway":"tertiary","name":"","bridge":false,"osm_id":583328787},"geometry":{"type":"LineString","coordinates":[[3.35224,6.506061],[3.352317,6.50604]]}},{"type":"Feature","properties":{"highway":"tertiary","name":"","bridge":false,"osm_id":583328788},"geometry":{"type":"LineString","coordinates":[[3.352341,6.506124],[3.352264,6.506144]]}},{"type":"Feature","properties":{"highway":"tertiary","name":"","bridge":true,"osm_id":583328791},"geometry":{"type":"LineString","coordinates":[[3.354202,6.50549],[3.354309,6.505453]]}},{"type":"Feature","properties":{"highway":"tertiary","name":"","bridge":false,"osm_id":583328792},"geometry":{"type":"LineString","coordinates":[[3.352317,6.50604],[3.352941,6.505896],[3.354202,6.50549]]}},{"type":"Feature","properties":{"highway":"secondary","name":"Ishaga Road","bridge":false,"osm_id":10223018},"geometry":{"type":"LineString","coordinates":[[3.354862,6.5159],[3.352339,6.518224],[3.350921,6.518791],[3.350233,6.519097],[3.349895,6.51921],[3.349249,6.519303],[3.349036,6.519306],[3.348852,6.519289],[3.34838,6.519114],[3.347502,6.519172],[3.347074,6.519306],[3.346861,6.519409],[3.346417,6.519725],[3.346144,6.519964]]}},{"type":"Feature","properties":{"highway":"primary","name":"Itire Road","bridge":false,"osm_id":12339479},"geometry":{"type":"LineString","coordinates":[[3.352777,6.512249],[3.35305,6.512266],[3.353235,6.51231],[3.354015,6.512626],[3.354122,6.512645],[3.355838,6.51254],[3.356818,6.512248],[3.358024,6.511996],[3.35925,6.511612],[3.359569,6.511436]]}},{"type":"Feature","properties":{"highway":"secondary","name":"Mushin Road","bridge":false,"osm_id":92439858},"geometry":{"type":"LineString","coordinates":[[3.344275,6.517118],[3.344422,6.51784],[3.344725,6.518334],[3.346068,6.520003],[3.346818,6.520877],[3.34716,6.52138],[3.347701,6.522474],[3.347911,6.522767],[3.349455,6.524611],[3.349529,6.524767],[3.349597,6.525046],[3.34969,6.525866],[3.349832,6.526352],[3.350198,6.527124],[3.350357,6.527391],[3.35085,6.528088]]}},{"type":"Feature","properties":{"highway":"secondary","name":"Ishaga Road","bridge":false,"osm_id":583249626},"geometry":{"type":"LineString","coordinates":[[3.346122,6.51992],[3.346825,6.519402],[3.347059,6.519284],[3.347399,6.519176],[3.347637,6.519127],[3.348242,6.519089],[3.348497,6.519107],[3.348877,6.519264],[3.349007,6.51928],[3.349247,6.519274],[3.349853,6.519194],[3.350192,6.519086],[3.350683,6.518847],[3.352201,6.518202],[3.352766,6.517772],[3.354819,6.515865]]}},{"type":"Feature","properties":{"highway":"primary","name":"Itire Road","bridge":false,"osm_id":583259219},"geometry":{"type":"LineString","coordinates":[[3.359574,6.511516],[3.359351,6.51164],[3.358915,6.511781],[3.358025,6.512045],[3.357062,6.512257],[3.35605,6.512584],[3.355865,6.512622],[3.354143,6.512723],[3.353159,6.512356],[3.353003,6.512322],[3.352724,6.512327]]}},{"type":"Feature","properties":{"highway":"secondary","name":"Ishaga Road","bridge":false,"osm_id":583292498},"geometry":{"type":"LineString","coordinates":[[3.359,6.511756],[3.359059,6.512028],[3.35905,6.512283],[3.358975,6.51243],[3.358299,6.513012],[3.357892,6.513564],[3.357674,6.513778],[3.357384,6.513939],[3.356415,6.514302],[3.356176,6.514514],[3.355546,6.51524],[3.355107,6.515693]]}},{"type":"Feature","properties":{"highway":"secondary","name":"Ishaga Road","bridge":false,"osm_id":583292500},"geometry":{"type":"LineString","coordinates":[[3.355057,6.515655],[3.356243,6.514394],[3.356396,6.514272],[3.356689,6.514137],[3.357363,6.513894],[3.357586,6.513775],[3.357703,6.513676],[3.358285,6.512981],[3.358926,6.512394],[3.358987,6.512267],[3.358995,6.512114],[3.358915,6.511781]]}},{"type":"Feature","properties":{"highway":"secondary","name":"Mushin Road","bridge":true,"osm_id":583244652},"geometry":{"type":"LineString","coordinates":[[3.344255,6.516939],[3.344275,6.517118]]}},{"type":"Feature","properties":{"highway":"secondary","name":"Ishaga Road","bridge":true,"osm_id":583292497},"geometry":{"type":"LineString","coordinates":[[3.355107,6.515693],[3.354862,6.5159]]}},{"type":"Feature","properties":{"highway":"secondary","name":"Ishaga Road","bridge":true,"osm_id":583292499},"geometry":{"type":"LineString","coordinates":[[3.354819,6.515865],[3.355057,6.515655]]}},{"type":"Feature","properties":{"highway":"secondary","name":"","bridge":false,"osm_id":583328797},"geometry":{"type":"LineString","coordinates":[[3.352777,6.512249],[3.35278,6.512326]]}},{"type":"Feature","properties":{"highway":"secondary","name":"","bridge":false,"osm_id":583328798},"geometry":{"type":"LineString","coordinates":[[3.352713,6.512327],[3.352714,6.512254]]}},{"type":"Feature","properties":{"highway":"secondary_link","name":"","bridge":false,"osm_id":1487981367},"geometry":{"type":"LineString","coordinates":[[3.350716,6.512728],[3.350715,6.512657]]}},{"type":"Feature","properties":{"highway":"trunk","name":"Agege Motor Road","bridge":false,"osm_id":133805221},"geometry":{"type":"LineString","coordinates":[[3.365508,6.517649],[3.365457,6.518711],[3.365388,6.519108],[3.365136,6.519701],[3.364725,6.520356],[3.363223,6.522988],[3.362736,6.523582],[3.362402,6.523907],[3.359965,6.525795],[3.359382,6.52618],[3.358837,6.526323],[3.356828,6.526561],[3.355282,6.526852],[3.354778,6.527102],[3.354517,6.527313],[3.354295,6.527555],[3.354058,6.527998],[3.353405,6.530096],[3.352439,6.533404],[3.352357,6.533766],[3.352339,6.534136],[3.352366,6.534469],[3.352629,6.535195],[3.35287,6.535608],[3.354926,6.538804],[3.356377,6.540812],[3.356869,6.541562],[3.357018,6.541959],[3.357087,6.542395],[3.357085,6.542639],[3.356994,6.543019],[3.356518,6.54428],[3.355197,6.547557],[3.350986,6.557736],[3.350245,6.559767],[3.349761,6.560903],[3.349555,6.561492],[3.348286,6.564478],[3.347379,6.566764],[3.347153,6.567272],[3.34657,6.568834],[3.345873,6.570466],[3.342194,6.579542],[3.341748,6.58056],[3.341045,6.582405],[3.340569,6.58352],[3.339068,6.587279],[3.338524,6.588565],[3.337972,6.590047],[3.33688,6.592698]]}},{"type":"Feature","properties":{"highway":"secondary","name":"International Airport Road","bridge":false,"osm_id":134144393},"geometry":{"type":"LineString","coordinates":[[3.334942,6.549562],[3.334376,6.549924],[3.330298,6.551811],[3.32862,6.552537],[3.327321,6.553138],[3.325283,6.554136],[3.324386,6.554778],[3.32372,6.555361],[3.323197,6.555926],[3.322942,6.556302],[3.322494,6.557073],[3.322101,6.557906],[3.321804,6.558879],[3.321667,6.559821],[3.32163,6.560243],[3.321628,6.562223],[3.321593,6.562721],[3.321568,6.570228],[3.321555,6.570462],[3.321411,6.57106]]}},{"type":"Feature","properties":{"highway":"secondary","name":"International Airport Road","bridge":false,"osm_id":693542464},"geometry":{"type":"LineString","coordinates":[[3.321104,6.570965],[3.321037,6.570638],[3.321015,6.570299],[3.321004,6.566837],[3.321129,6.560419],[3.321188,6.559705],[3.321351,6.55882],[3.321621,6.557921],[3.321897,6.557243],[3.322155,6.556754],[3.322585,6.556096],[3.322892,6.555697],[3.323819,6.554722],[3.324519,6.554209],[3.325106,6.553833],[3.325641,6.553561],[3.332846,6.550246]]}},{"type":"Feature","properties":{"highway":"tertiary","name":"Agboola Fagbemi","bridge":false,"osm_id":535357583},"geometry":{"type":"LineString","coordinates":[[3.329098,6.52005],[3.328641,6.520186],[3.328008,6.520326]]}},{"type":"Feature","properties":{"highway":"primary","name":"Mushin Road","bridge":false,"osm_id":5199272},"geometry":{"type":"LineString","coordinates":[[3.332909,6.531028],[3.332216,6.530796],[3.330216,6.530433],[3.32835,6.52986],[3.328084,6.529737],[3.327632,6.529449],[3.326408,6.528401],[3.325964,6.528091],[3.325716,6.528031],[3.325588,6.528038],[3.324353,6.528409]]}},{"type":"Feature","properties":{"highway":"tertiary","name":"Abimbola Way","bridge":false,"osm_id":92439815},"geometry":{"type":"LineString","coordinates":[[3.330758,6.530453],[3.33069,6.530061],[3.330476,6.528213],[3.330182,6.525139],[3.329858,6.522377],[3.329649,6.52168],[3.329647,6.521171],[3.329621,6.521074],[3.329414,6.520553],[3.329098,6.52005]]}},{"type":"Feature","properties":{"highway":"tertiary","name":"Godwin Omonua Street","bridge":false,"osm_id":113637335},"geometry":{"type":"LineString","coordinates":[[3.322176,6.520296],[3.322374,6.520232],[3.323268,6.520239],[3.327401,6.520428],[3.327597,6.520421],[3.328008,6.520326]]}},{"type":"Feature","properties":{"highway":"primary","name":"Mushin Road","bridge":false,"osm_id":1461323944},"geometry":{"type":"LineString","coordinates":[[3.324337,6.528339],[3.325582,6.527971],[3.325987,6.528018],[3.326198,6.528128],[3.326318,6.528223],[3.327682,6.529397],[3.328226,6.529728],[3.328707,6.529907],[3.330315,6.530372],[3.331964,6.530661],[3.332941,6.530958]]}},{"type":"Feature","properties":{"highway":"tertiary","name":"Kolawole Shonibare Street","bridge":false,"osm_id":535250544},"geometry":{"type":"LineString","coordinates":[[3.327581,6.541883],[3.326572,6.54544]]}},{"type":"Feature","properties":{"highway":"tertiary","name":"Ati Okoye Street","bridge":false,"osm_id":370658024},"geometry":{"type":"LineString","coordinates":[[3.323786,6.541131],[3.326553,6.541647],[3.327581,6.541883]]}},{"type":"Feature","properties":{"highway":"primary","name":"Isolo Road","bridge":false,"osm_id":134147992},"geometry":{"type":"LineString","coordinates":[[3.353897,6.52828],[3.353608,6.528054],[3.353106,6.52781],[3.352773,6.527765],[3.352523,6.527776],[3.35122,6.528094],[3.350294,6.528198],[3.349346,6.528489],[3.348905,6.52859],[3.348184,6.528666],[3.347315,6.528657],[3.346833,6.528703],[3.346636,6.528751],[3.346255,6.528933],[3.345945,6.529151],[3.344925,6.53004],[3.344533,6.530272],[3.343818,6.530606],[3.34294,6.530966],[3.342055,6.5313],[3.341812,6.531365],[3.34147,6.531391],[3.341038,6.53134]]}},{"type":"Feature","properties":{"highway":"primary","name":"Isolo Road","bridge":false,"osm_id":134147993},"geometry":{"type":"LineString","coordinates":[[3.341076,6.531249],[3.341498,6.531316],[3.34189,6.531259],[3.344123,6.530385],[3.344514,6.530191],[3.344877,6.529972],[3.34579,6.529152],[3.34605,6.528956],[3.346582,6.528698],[3.347124,6.528606],[3.348377,6.528598],[3.348885,6.528538],[3.349312,6.528446],[3.350199,6.528174],[3.35121,6.528046],[3.352303,6.527758],[3.352643,6.527717],[3.353135,6.527772],[3.353368,6.527873],[3.353926,6.528192]]}},{"type":"Feature","properties":{"highway":"tertiary","name":"Akanro Street","bridge":false,"osm_id":134149932},"geometry":{"type":"LineString","coordinates":[[3.335332,6.521199],[3.336179,6.521185],[3.336642,6.520995],[3.336818,6.520961],[3.340166,6.520941],[3.342073,6.520963],[3.344235,6.520905]]}},{"type":"Feature","properties":{"highway":"secondary","name":"Osolo Way","bridge":false,"osm_id":560546951},"geometry":{"type":"LineString","coordinates":[[3.333536,6.543663],[3.333689,6.543084],[3.333719,6.542619],[3.333653,6.542139],[3.333449,6.541322],[3.33328,6.540844],[3.332692,6.539605],[3.331168,6.53564],[3.33037,6.533821],[3.329909,6.532611],[3.329752,6.532281],[3.329552,6.531188],[3.329517,6.530226]]}},{"type":"Feature","properties":{"highway":"tertiary","name":"Cowbell Way","bridge":false,"osm_id":134147975},"geometry":{"type":"LineString","coordinates":[[3.335553,6.526392],[3.332856,6.526665],[3.332672,6.526718],[3.332043,6.526756],[3.330361,6.526968]]}},{"type":"Feature","properties":{"highway":"secondary","name":"Ishaga Road","bridge":false,"osm_id":583249622},"geometry":{"type":"LineString","coordinates":[[3.346068,6.520003],[3.346122,6.51992]]}},{"type":"Feature","properties":{"highway":"secondary","name":"Ishaga Close","bridge":false,"osm_id":583249624},"geometry":{"type":"LineString","coordinates":[[3.346144,6.519964],[3.346068,6.520003]]}},{"type":"Feature","properties":{"highway":"tertiary","name":"","bridge":false,"osm_id":1553798767},"geometry":{"type":"LineString","coordinates":[[3.34562,6.520917],[3.345623,6.520134],[3.346068,6.520003]]}},{"type":"Feature","properties":{"highway":"tertiary","name":"Akanro Street","bridge":false,"osm_id":1553798768},"geometry":{"type":"LineString","coordinates":[[3.344235,6.520905],[3.34562,6.520917]]}},{"type":"Feature","properties":{"highway":"tertiary","name":"","bridge":false,"osm_id":152991953},"geometry":{"type":"LineString","coordinates":[[3.346868,6.528695],[3.347001,6.529184],[3.347408,6.530327],[3.347597,6.530514],[3.34784,6.530676],[3.348101,6.530805],[3.349843,6.531618],[3.350656,6.531914],[3.350741,6.53198]]}},{"type":"Feature","properties":{"highway":"tertiary","name":"","bridge":false,"osm_id":585104314},"geometry":{"type":"LineString","coordinates":[[3.356451,6.531408],[3.354731,6.531014],[3.353254,6.530626]]}},{"type":"Feature","properties":{"highway":"secondary","name":"Ladipo Street","bridge":false,"osm_id":585149736},"geometry":{"type":"LineString","coordinates":[[3.348701,6.533886],[3.349047,6.533346],[3.349316,6.533015],[3.349945,6.532531],[3.350741,6.53198],[3.352083,6.531159],[3.352666,6.53083],[3.353193,6.530615]]}},{"type":"Feature","properties":{"highway":"primary_link","name":"","bridge":false,"osm_id":1213473202},"geometry":{"type":"LineString","coordinates":[[3.347637,6.528604],[3.347629,6.528665]]}},{"type":"Feature","properties":{"highway":"primary_link","name":"","bridge":false,"osm_id":1229004185},"geometry":{"type":"LineString","coordinates":[[3.345795,6.529278],[3.34573,6.529206]]}},{"type":"Feature","properties":{"highway":"primary","name":"","bridge":false,"osm_id":1296088339},"geometry":{"type":"LineString","coordinates":[[3.353956,6.528324],[3.353897,6.52828]]}},{"type":"Feature","properties":{"highway":"primary","name":"","bridge":false,"osm_id":1296088340},"geometry":{"type":"LineString","coordinates":[[3.354029,6.528325],[3.353956,6.528324]]}},{"type":"Feature","properties":{"highway":"primary","name":"","bridge":false,"osm_id":1296088341},"geometry":{"type":"LineString","coordinates":[[3.353969,6.528246],[3.354029,6.528325]]}},{"type":"Feature","properties":{"highway":"primary","name":"","bridge":false,"osm_id":1296088342},"geometry":{"type":"LineString","coordinates":[[3.353926,6.528192],[3.353969,6.528246]]}},{"type":"Feature","properties":{"highway":"secondary","name":"","bridge":false,"osm_id":1472012851},"geometry":{"type":"LineString","coordinates":[[3.353193,6.530615],[3.353254,6.530627]]}},{"type":"Feature","properties":{"highway":"primary","name":"Isolo Road","bridge":false,"osm_id":11102771},"geometry":{"type":"LineString","coordinates":[[3.333975,6.53128],[3.334339,6.531359]]}},{"type":"Feature","properties":{"highway":"primary","name":"","bridge":false,"osm_id":134147974},"geometry":{"type":"LineString","coordinates":[[3.333975,6.53128],[3.333682,6.531301],[3.33346,6.531281],[3.333182,6.531119],[3.332909,6.531028]]}},{"type":"Feature","properties":{"highway":"primary","name":"","bridge":false,"osm_id":134147980},"geometry":{"type":"LineString","coordinates":[[3.332941,6.530958],[3.333566,6.531052],[3.333975,6.53128]]}},{"type":"Feature","properties":{"highway":"primary","name":"","bridge":false,"osm_id":559326566},"geometry":{"type":"LineString","coordinates":[[3.333307,6.5312],[3.333305,6.531097],[3.333386,6.531025]]}},{"type":"Feature","properties":{"highway":"primary","name":"","bridge":false,"osm_id":559326567},"geometry":{"type":"LineString","coordinates":[[3.333665,6.531096],[3.333682,6.531201],[3.333609,6.531301]]}},{"type":"Feature","properties":{"highway":"primary","name":"Isolo Road","bridge":false,"osm_id":134147967},"geometry":{"type":"LineString","coordinates":[[3.338207,6.531654],[3.339782,6.531458],[3.340837,6.531203]]}},{"type":"Feature","properties":{"highway":"primary","name":"","bridge":false,"osm_id":134147968},"geometry":{"type":"LineString","coordinates":[[3.340866,6.53134],[3.340533,6.531424],[3.338486,6.531675],[3.338207,6.531654]]}},{"type":"Feature","properties":{"highway":"primary","name":"","bridge":false,"osm_id":134147969},"geometry":{"type":"LineString","coordinates":[[3.336378,6.531442],[3.33646,6.531532],[3.336618,6.531559],[3.338385,6.531533],[3.338715,6.531589]]}},{"type":"Feature","properties":{"highway":"primary","name":"","bridge":false,"osm_id":134147987},"geometry":{"type":"LineString","coordinates":[[3.340933,6.531374],[3.340866,6.53134],[3.340828,6.531239],[3.340876,6.531154],[3.34097,6.531129],[3.341055,6.531183],[3.341076,6.531249],[3.341038,6.53134],[3.340933,6.531374]]}},{"type":"Feature","properties":{"highway":"primary","name":"","bridge":false,"osm_id":134147990},"geometry":{"type":"LineString","coordinates":[[3.338486,6.531675],[3.337907,6.531732],[3.336613,6.531748],[3.336484,6.53178],[3.33641,6.531842]]}},{"type":"Feature","properties":{"highway":"primary","name":"Isolo Road","bridge":false,"osm_id":1354009672},"geometry":{"type":"LineString","coordinates":[[3.336917,6.53166],[3.337828,6.531652]]}},{"type":"Feature","properties":{"highway":"primary","name":"Isolo Road","bridge":false,"osm_id":1354009673},"geometry":{"type":"LineString","coordinates":[[3.337829,6.531652],[3.338207,6.531655]]}},{"type":"Feature","properties":{"highway":"tertiary","name":"Ojekunle Street","bridge":false,"osm_id":8161019},"geometry":{"type":"LineString","coordinates":[[3.338486,6.531675],[3.338556,6.532304],[3.338619,6.532494],[3.339158,6.533684],[3.339614,6.53489],[3.33991,6.535566],[3.34006,6.535873],[3.340188,6.536064],[3.340389,6.536283],[3.341614,6.537346],[3.34379,6.539067],[3.344697,6.539748]]}},{"type":"Feature","properties":{"highway":"motorway","name":"Apapa-Oworonshoki Expressway","bridge":true,"osm_id":134147962},"geometry":{"type":"LineString","coordinates":[[3.33752,6.54361],[3.337551,6.543935]]}},{"type":"Feature","properties":{"highway":"primary","name":"Isolo Road","bridge":true,"osm_id":134147964},"geometry":{"type":"LineString","coordinates":[[3.334339,6.531359],[3.334785,6.531462],[3.335954,6.53162],[3.336917,6.53166]]}},{"type":"Feature","properties":{"highway":"primary_link","name":"","bridge":false,"osm_id":134147965},"geometry":{"type":"LineString","coordinates":[[3.336074,6.531843],[3.33601,6.531744],[3.335957,6.531712],[3.334413,6.531481],[3.333682,6.531301]]}},{"type":"Feature","properties":{"highway":"motorway","name":"Apapa-Oworonshoki Expressway","bridge":true,"osm_id":134147970},"geometry":{"type":"LineString","coordinates":[[3.337411,6.543936],[3.337394,6.543619]]}},{"type":"Feature","properties":{"highway":"primary_link","name":"","bridge":false,"osm_id":134147976},"geometry":{"type":"LineString","coordinates":[[3.333721,6.531121],[3.334847,6.531391],[3.335669,6.531506],[3.335934,6.531505],[3.336004,6.531445],[3.336026,6.531358]]}},{"type":"Feature","properties":{"highway":"primary","name":"Apapa-Oworonshoki Expressway","bridge":true,"osm_id":134147977},"geometry":{"type":"LineString","coordinates":[[3.337289,6.543934],[3.337265,6.543608]]}},{"type":"Feature","properties":{"highway":"primary","name":"Apapa-Oworonshoki Expressway","bridge":true,"osm_id":134147979},"geometry":{"type":"LineString","coordinates":[[3.337662,6.543599],[3.337713,6.543921]]}},{"type":"Feature","properties":{"highway":"secondary","name":"Ladipo Street","bridge":false,"osm_id":370658033},"geometry":{"type":"LineString","coordinates":[[3.337868,6.545254],[3.340648,6.54528],[3.341213,6.545244],[3.341408,6.545204],[3.341597,6.545113],[3.341862,6.54484],[3.342056,6.54445],[3.342276,6.543842],[3.342744,6.543067],[3.34312,6.542318],[3.343238,6.542187]]}},{"type":"Feature","properties":{"highway":"tertiary","name":"Ojekunle Street","bridge":false,"osm_id":559329572},"geometry":{"type":"LineString","coordinates":[[3.344661,6.539798],[3.342075,6.537819],[3.34034,6.536335],[3.340148,6.536109],[3.340013,6.535909],[3.339865,6.535612],[3.33946,6.53465],[3.33924,6.534016],[3.33863,6.532675],[3.338518,6.53238],[3.338379,6.531692]]}},{"type":"Feature","properties":{"highway":"secondary","name":"Osolo Way","bridge":true,"osm_id":589001485},"geometry":{"type":"LineString","coordinates":[[3.33343,6.544028],[3.333537,6.543663]]}},{"type":"Feature","properties":{"highway":"tertiary","name":"Alhaji Akinwunmi Street","bridge":false,"osm_id":1441484993},"geometry":{"type":"LineString","coordinates":[[3.342126,6.543667],[3.342276,6.543842]]}},{"type":"Feature","properties":{"highway":"secondary","name":"Ladipo Street","bridge":false,"osm_id":1492041926},"geometry":{"type":"LineString","coordinates":[[3.343238,6.542187],[3.343196,6.542347],[3.342338,6.543908],[3.342115,6.544488],[3.341923,6.544897],[3.341718,6.545125],[3.341428,6.54528],[3.341216,6.545333],[3.340633,6.545369],[3.337872,6.545351]]}},{"type":"Feature","properties":{"highway":"tertiary","name":"Bello Street","bridge":false,"osm_id":370658032},"geometry":{"type":"LineString","coordinates":[[3.337091,6.538012],[3.338821,6.537867],[3.338951,6.537878],[3.33924,6.538046]]}},{"type":"Feature","properties":{"highway":"tertiary","name":"Alhaji Akinwunmi Street","bridge":false,"osm_id":610011112},"geometry":{"type":"LineString","coordinates":[[3.33924,6.538046],[3.340706,6.540857],[3.341117,6.54158],[3.341448,6.542274],[3.341854,6.543002],[3.342129,6.543583],[3.342126,6.543667]]}},{"type":"Feature","properties":{"highway":"tertiary_link","name":"","bridge":false,"osm_id":1218918397},"geometry":{"type":"LineString","coordinates":[[3.339538,6.538767],[3.339603,6.538734]]}},{"type":"Feature","properties":{"highway":"tertiary","name":"Alhaji Akinwunmi Street","bridge":false,"osm_id":1218918398},"geometry":{"type":"LineString","coordinates":[[3.342126,6.543667],[3.34205,6.543628],[3.34102,6.541596],[3.339201,6.538144]]}},{"type":"Feature","properties":{"highway":"tertiary","name":"Bello Street","bridge":false,"osm_id":1218918399},"geometry":{"type":"LineString","coordinates":[[3.339201,6.538144],[3.338942,6.537969],[3.338821,6.537952],[3.3371,6.538086]]}},{"type":"Feature","properties":{"highway":"tertiary","name":"Palm Avenue","bridge":false,"osm_id":588860867},"geometry":{"type":"LineString","coordinates":[[3.348243,6.535371],[3.348076,6.535325]]}},{"type":"Feature","properties":{"highway":"secondary","name":"Ladipo Street","bridge":false,"osm_id":588860869},"geometry":{"type":"LineString","coordinates":[[3.34799,6.53521],[3.348119,6.535047]]}},{"type":"Feature","properties":{"highway":"tertiary","name":"","bridge":false,"osm_id":588860874},"geometry":{"type":"LineString","coordinates":[[3.348104,6.535268],[3.348243,6.535371]]}},{"type":"Feature","properties":{"highway":"tertiary","name":"","bridge":false,"osm_id":588860875},"geometry":{"type":"LineString","coordinates":[[3.34783,6.535153],[3.34799,6.53521]]}},{"type":"Feature","properties":{"highway":"tertiary","name":"Palm Avenue","bridge":false,"osm_id":588860876},"geometry":{"type":"LineString","coordinates":[[3.347961,6.535275],[3.34783,6.535153]]}},{"type":"Feature","properties":{"highway":"tertiary","name":"Palm Avenue","bridge":false,"osm_id":588860878},"geometry":{"type":"LineString","coordinates":[[3.34783,6.535153],[3.34614,6.534327],[3.345801,6.534128],[3.344844,6.533402],[3.344409,6.532902],[3.343993,6.532234],[3.343199,6.530759]]}},{"type":"Feature","properties":{"highway":"secondary","name":"Ladipo Street","bridge":false,"osm_id":1265575273},"geometry":{"type":"LineString","coordinates":[[3.348119,6.535047],[3.348701,6.533886]]}},{"type":"Feature","properties":{"highway":"secondary","name":"","bridge":false,"osm_id":1442937764},"geometry":{"type":"LineString","coordinates":[[3.347963,6.535251],[3.34799,6.53521],[3.348054,6.535201],[3.34809,6.535227],[3.3481,6.53529],[3.348057,6.535335],[3.348014,6.535337],[3.347966,6.535296],[3.347963,6.535251]]}},{"type":"Feature","properties":{"highway":"secondary","name":"Ladipo Street","bridge":false,"osm_id":1442937765},"geometry":{"type":"LineString","coordinates":[[3.348119,6.535047],[3.348104,6.535268]]}},{"type":"Feature","properties":{"highway":"tertiary","name":"","bridge":false,"osm_id":441859317},"geometry":{"type":"LineString","coordinates":[[3.350741,6.53198],[3.351058,6.532122],[3.35216,6.532228],[3.352756,6.532355]]}},{"type":"Feature","properties":{"highway":"tertiary","name":"Fatai Atere Way","bridge":false,"osm_id":5168867},"geometry":{"type":"LineString","coordinates":[[3.355197,6.547557],[3.355089,6.547514],[3.354258,6.54687],[3.350929,6.544137],[3.347575,6.541523]]}},{"type":"Feature","properties":{"highway":"tertiary","name":"Sokunbi Street","bridge":false,"osm_id":11102602},"geometry":{"type":"LineString","coordinates":[[3.358382,6.532513],[3.357754,6.533348],[3.357223,6.534732],[3.356075,6.537531],[3.355742,6.538198],[3.355422,6.538464],[3.354926,6.538804]]}},{"type":"Feature","properties":{"highway":"tertiary","name":"Palm Avenue","bridge":false,"osm_id":11102731},"geometry":{"type":"LineString","coordinates":[[3.356451,6.531408],[3.356074,6.532756],[3.356027,6.533112],[3.355926,6.533529],[3.355716,6.534171],[3.355539,6.534898],[3.355445,6.535102],[3.355202,6.535311],[3.354125,6.535981],[3.352618,6.536845],[3.352238,6.537022],[3.351931,6.537096],[3.351661,6.53707],[3.348243,6.535371]]}},{"type":"Feature","properties":{"highway":"tertiary","name":"Akinyemi Crescent","bridge":false,"osm_id":370658036},"geometry":{"type":"LineString","coordinates":[[3.346772,6.537111],[3.349484,6.538918],[3.352125,6.540614],[3.352544,6.540952],[3.352694,6.541282],[3.35271,6.541622],[3.352659,6.541817],[3.351785,6.543021],[3.350929,6.544137]]}},{"type":"Feature","properties":{"highway":"tertiary","name":"","bridge":false,"osm_id":441859319},"geometry":{"type":"LineString","coordinates":[[3.352756,6.532355],[3.353533,6.532565],[3.353941,6.532708],[3.358218,6.534435],[3.358584,6.53454],[3.358883,6.5347],[3.359114,6.53488],[3.360098,6.53544]]}},{"type":"Feature","properties":{"highway":"secondary","name":"Ladipo Street","bridge":false,"osm_id":588860873},"geometry":{"type":"LineString","coordinates":[[3.348076,6.535325],[3.347965,6.535435],[3.346812,6.537134],[3.344489,6.540124],[3.344391,6.540188]]}},{"type":"Feature","properties":{"highway":"secondary","name":"Ladipo Street","bridge":false,"osm_id":1492041925},"geometry":{"type":"LineString","coordinates":[[3.344391,6.540188],[3.344432,6.540087],[3.346837,6.537025],[3.347925,6.535406],[3.347961,6.535275]]}},{"type":"Feature","properties":{"highway":"tertiary","name":"","bridge":false,"osm_id":589124497},"geometry":{"type":"LineString","coordinates":[[3.344697,6.539748],[3.344747,6.539786]]}},{"type":"Feature","properties":{"highway":"tertiary","name":"","bridge":false,"osm_id":589124498},"geometry":{"type":"LineString","coordinates":[[3.344708,6.539838],[3.344661,6.539798]]}},{"type":"Feature","properties":{"highway":"tertiary","name":"Fatai Atere Way","bridge":false,"osm_id":1421774050},"geometry":{"type":"LineString","coordinates":[[3.347408,6.541405],[3.344951,6.53944]]}},{"type":"Feature","properties":{"highway":"tertiary","name":"Fatai Atere Way","bridge":true,"osm_id":1421774051},"geometry":{"type":"LineString","coordinates":[[3.347575,6.541523],[3.347408,6.541405]]}},{"type":"Feature","properties":{"highway":"secondary","name":"Ladipo Street","bridge":false,"osm_id":1492041924},"geometry":{"type":"LineString","coordinates":[[3.343238,6.542187],[3.343351,6.541934],[3.344024,6.540756],[3.344391,6.540188]]}},{"type":"Feature","properties":{"highway":"tertiary","name":"","bridge":false,"osm_id":370301930},"geometry":{"type":"LineString","coordinates":[[3.328996,6.546466],[3.328412,6.548563],[3.328355,6.548639]]}},{"type":"Feature","properties":{"highway":"tertiary","name":"Asa Afariogun Street","bridge":false,"osm_id":535250546},"geometry":{"type":"LineString","coordinates":[[3.326474,6.545776],[3.325798,6.545737],[3.324756,6.545616],[3.324635,6.545591],[3.324671,6.54545]]}},{"type":"Feature","properties":{"highway":"tertiary","name":"","bridge":false,"osm_id":535357572},"geometry":{"type":"LineString","coordinates":[[3.328355,6.548639],[3.328335,6.548547],[3.328368,6.548379],[3.328791,6.546743],[3.328894,6.546437]]}},{"type":"Feature","properties":{"highway":"tertiary","name":"","bridge":false,"osm_id":535357573},"geometry":{"type":"LineString","coordinates":[[3.328359,6.548722],[3.328355,6.548639]]}},{"type":"Feature","properties":{"highway":"tertiary","name":"Asa Afariogun Street","bridge":false,"osm_id":589854937},"geometry":{"type":"LineString","coordinates":[[3.328894,6.546437],[3.326734,6.545818],[3.326474,6.545776]]}},{"type":"Feature","properties":{"highway":"tertiary","name":"","bridge":false,"osm_id":1355578400},"geometry":{"type":"LineString","coordinates":[[3.326572,6.54544],[3.326603,6.545636],[3.326734,6.545818]]}},{"type":"Feature","properties":{"highway":"motorway","name":"International Airport Road","bridge":false,"osm_id":134144421},"geometry":{"type":"LineString","coordinates":[[3.335571,6.54925],[3.33428,6.549866],[3.329544,6.552008],[3.325446,6.553924],[3.324668,6.554392],[3.324198,6.554744],[3.323674,6.555219],[3.322927,6.556111],[3.322621,6.556605],[3.322413,6.556977],[3.322107,6.557631],[3.321807,6.558496],[3.321657,6.55923],[3.321577,6.55989],[3.321474,6.563335]]}},{"type":"Feature","properties":{"highway":"secondary","name":"Mafoluku Road","bridge":false,"osm_id":254986434},"geometry":{"type":"LineString","coordinates":[[3.330637,6.554942],[3.330154,6.555132],[3.329794,6.555304],[3.329289,6.555612],[3.328852,6.55578],[3.328706,6.555794],[3.328426,6.555712],[3.328324,6.555589],[3.328253,6.555427]]}},{"type":"Feature","properties":{"highway":"tertiary","name":"Asa Afariogun Street","bridge":false,"osm_id":370301925},"geometry":{"type":"LineString","coordinates":[[3.332454,6.547421],[3.330734,6.546921],[3.328894,6.546437]]}},{"type":"Feature","properties":{"highway":"tertiary","name":"Joy Avenue","bridge":false,"osm_id":370657971},"geometry":{"type":"LineString","coordinates":[[3.33282,6.549537],[3.331458,6.549111],[3.330625,6.548802],[3.328484,6.547936]]}},{"type":"Feature","properties":{"highway":"tertiary","name":"Lateef Salami Street","bridge":false,"osm_id":535357570},"geometry":{"type":"LineString","coordinates":[[3.328359,6.548722],[3.3285,6.549366],[3.328595,6.549987],[3.328588,6.551588],[3.328666,6.551911]]}},{"type":"Feature","properties":{"highway":"motorway","name":"International Airport Road","bridge":false,"osm_id":560546952},"geometry":{"type":"LineString","coordinates":[[3.321161,6.563278],[3.321245,6.560498],[3.321338,6.559601],[3.321526,6.558688],[3.321738,6.557983],[3.322046,6.557241],[3.322228,6.556877],[3.322445,6.556504],[3.323017,6.555678],[3.323497,6.55517],[3.324272,6.554508],[3.325109,6.553928],[3.335531,6.549129]]}},{"type":"Feature","properties":{"highway":"secondary","name":"Oludegun Avenue","bridge":false,"osm_id":92451071},"geometry":{"type":"LineString","coordinates":[[3.32862,6.552537],[3.328686,6.552677],[3.328689,6.552751],[3.328547,6.553461],[3.328514,6.553972],[3.328561,6.555289]]}},{"type":"Feature","properties":{"highway":"tertiary","name":"Lateef Salami Street","bridge":false,"osm_id":693542461},"geometry":{"type":"LineString","coordinates":[[3.32774,6.5526],[3.328042,6.552384],[3.328588,6.55212],[3.328628,6.552074],[3.328666,6.551911]]}},{"type":"Feature","properties":{"highway":"tertiary","name":"Lateef Salami Street","bridge":false,"osm_id":693542462},"geometry":{"type":"LineString","coordinates":[[3.328666,6.551911],[3.328808,6.552016],[3.328919,6.552046]]}},{"type":"Feature","properties":{"highway":"primary_link","name":"","bridge":false,"osm_id":134144370},"geometry":{"type":"LineString","coordinates":[[3.335656,6.549541],[3.335452,6.549818],[3.33527,6.549964],[3.334985,6.550049]]}},{"type":"Feature","properties":{"highway":"primary","name":"Apapa-Oworonshoki Expressway","bridge":true,"osm_id":134144374},"geometry":{"type":"LineString","coordinates":[[3.334799,6.549719],[3.334636,6.54958],[3.334578,6.549465],[3.334563,6.549341]]}},{"type":"Feature","properties":{"highway":"motorway_link","name":"","bridge":false,"osm_id":134144391},"geometry":{"type":"LineString","coordinates":[[3.333577,6.550039],[3.335589,6.548816]]}},{"type":"Feature","properties":{"highway":"motorway_link","name":"","bridge":false,"osm_id":134144392},"geometry":{"type":"LineString","coordinates":[[3.335531,6.549129],[3.335654,6.54907]]}},{"type":"Feature","properties":{"highway":"primary","name":"Apapa-Oworonshoki Expressway","bridge":false,"osm_id":134144397},"geometry":{"type":"LineString","coordinates":[[3.334563,6.549341],[3.334577,6.549182],[3.334618,6.549101],[3.334795,6.548914]]}},{"type":"Feature","properties":{"highway":"primary_link","name":"","bridge":false,"osm_id":134144403},"geometry":{"type":"LineString","coordinates":[[3.335531,6.549129],[3.335642,6.549053]]}},{"type":"Feature","properties":{"highway":"primary","name":"Apapa-Oworonshoki Expressway","bridge":false,"osm_id":134144407},"geometry":{"type":"LineString","coordinates":[[3.33532,6.549692],[3.335116,6.54977],[3.33501,6.549777],[3.334799,6.549719]]}},{"type":"Feature","properties":{"highway":"motorway_link","name":"","bridge":false,"osm_id":134144411},"geometry":{"type":"LineString","coordinates":[[3.335707,6.549165],[3.335571,6.54925]]}},{"type":"Feature","properties":{"highway":"primary","name":"Apapa-Oworonshoki Expressway","bridge":false,"osm_id":134144412},"geometry":{"type":"LineString","coordinates":[[3.334795,6.548914],[3.335446,6.548517]]}},{"type":"Feature","properties":{"highway":"primary","name":"Apapa-Oworonshoki Expressway","bridge":true,"osm_id":134144413},"geometry":{"type":"LineString","coordinates":[[3.335446,6.548517],[3.335574,6.548438]]}},{"type":"Feature","properties":{"highway":"motorway_link","name":"","bridge":false,"osm_id":134144427},"geometry":{"type":"LineString","coordinates":[[3.335719,6.549192],[3.335571,6.54925]]}},{"type":"Feature","properties":{"highway":"secondary_link","name":"","bridge":false,"osm_id":693542457},"geometry":{"type":"LineString","coordinates":[[3.332846,6.550246],[3.333008,6.550117],[3.333474,6.549848]]}},{"type":"Feature","properties":{"highway":"motorway_link","name":"","bridge":false,"osm_id":1222309679},"geometry":{"type":"LineString","coordinates":[[3.332846,6.550245],[3.334279,6.549592]]}},{"type":"Feature","properties":{"highway":"primary_link","name":"","bridge":false,"osm_id":1222309680},"geometry":{"type":"LineString","coordinates":[[3.334985,6.550049],[3.334613,6.549999],[3.334376,6.549924]]}},{"type":"Feature","properties":{"highway":"motorway_link","name":"","bridge":false,"osm_id":1511796885},"geometry":{"type":"LineString","coordinates":[[3.332846,6.550245],[3.333198,6.550201]]}},{"type":"Feature","properties":{"highway":"motorway_link","name":"F269","bridge":false,"osm_id":17066335},"geometry":{"type":"LineString","coordinates":[[3.337551,6.543935],[3.337613,6.544137]]}},{"type":"Feature","properties":{"highway":"motorway_link","name":"","bridge":false,"osm_id":134144375},"geometry":{"type":"LineString","coordinates":[[3.337076,6.548291],[3.33677,6.548576],[3.336518,6.54876],[3.335894,6.549079]]}},{"type":"Feature","properties":{"highway":"motorway_link","name":"","bridge":true,"osm_id":134144378},"geometry":{"type":"LineString","coordinates":[[3.337721,6.546934],[3.337634,6.547299],[3.33747,6.54769]]}},{"type":"Feature","properties":{"highway":"primary","name":"Apapa-Oworonshoki Expressway","bridge":true,"osm_id":134144381},"geometry":{"type":"LineString","coordinates":[[3.335991,6.549403],[3.335902,6.549444]]}},{"type":"Feature","properties":{"highway":"primary_link","name":"","bridge":false,"osm_id":134144398},"geometry":{"type":"LineString","coordinates":[[3.335826,6.548922],[3.336292,6.548556],[3.336489,6.548363],[3.336776,6.54795],[3.336969,6.54763],[3.337108,6.54731],[3.337207,6.546866]]}},{"type":"Feature","properties":{"highway":"motorway_link","name":"","bridge":false,"osm_id":134144404},"geometry":{"type":"LineString","coordinates":[[3.339055,6.550065],[3.338543,6.549646],[3.33806,6.549314],[3.33768,6.549147],[3.337331,6.549049],[3.336923,6.548998],[3.336304,6.549037],[3.335917,6.549135]]}},{"type":"Feature","properties":{"highway":"motorway_link","name":"","bridge":false,"osm_id":134144415},"geometry":{"type":"LineString","coordinates":[[3.33747,6.54769],[3.337272,6.548043],[3.337076,6.548291]]}},{"type":"Feature","properties":{"highway":"motorway_link","name":"","bridge":false,"osm_id":134144423},"geometry":{"type":"LineString","coordinates":[[3.335853,6.548972],[3.336188,6.548776],[3.33653,6.548499],[3.336858,6.548081],[3.337076,6.547708],[3.33728,6.547176],[3.337347,6.546495],[3.337405,6.546236]]}},{"type":"Feature","properties":{"highway":"motorway_link","name":"","bridge":false,"osm_id":134144426},"geometry":{"type":"LineString","coordinates":[[3.337756,6.546015],[3.337721,6.546934]]}},{"type":"Feature","properties":{"highway":"motorway_link","name":"","bridge":false,"osm_id":134147978},"geometry":{"type":"LineString","coordinates":[[3.337613,6.544137],[3.337666,6.544528],[3.337756,6.546015]]}},{"type":"Feature","properties":{"highway":"tertiary","name":"Afariogun Street","bridge":false,"osm_id":5153764},"geometry":{"type":"LineString","coordinates":[[3.340383,6.556613],[3.340152,6.555354],[3.340072,6.555057],[3.34003,6.55355],[3.339991,6.553297],[3.339679,6.552767],[3.339172,6.552],[3.33827,6.55073],[3.33811,6.550251],[3.338032,6.549583],[3.338092,6.549441]]}},{"type":"Feature","properties":{"highway":"motorway","name":"Apapa-Oworonshoki Expressway","bridge":false,"osm_id":17505891},"geometry":{"type":"LineString","coordinates":[[3.351115,6.555544],[3.345621,6.553278],[3.344323,6.552694],[3.34112,6.551348],[3.340234,6.5509],[3.339676,6.550548],[3.339055,6.550065],[3.338523,6.549448],[3.338217,6.549002],[3.337854,6.548327],[3.337631,6.547652],[3.337478,6.546952],[3.337405,6.546236],[3.337411,6.543936]]}},{"type":"Feature","properties":{"highway":"secondary","name":"Mafoluku Road","bridge":false,"osm_id":92451086},"geometry":{"type":"LineString","coordinates":[[3.337713,6.556689],[3.33613,6.556679],[3.335607,6.55664],[3.333885,6.55595],[3.332755,6.555616],[3.332327,6.555438],[3.332014,6.555253],[3.33173,6.555006],[3.331562,6.554948],[3.331188,6.554909],[3.330637,6.554942]]}},{"type":"Feature","properties":{"highway":"primary","name":"Apapa-Oworonshoki Expressway","bridge":false,"osm_id":134140045},"geometry":{"type":"LineString","coordinates":[[3.337713,6.543921],[3.337868,6.545254],[3.338062,6.547461],[3.338094,6.547711],[3.3382,6.548071],[3.338355,6.548395],[3.338499,6.548604],[3.338975,6.549143],[3.339501,6.549868],[3.339769,6.550166],[3.340255,6.55058],[3.34082,6.550899],[3.341561,6.551222],[3.342008,6.551467],[3.344491,6.55255],[3.348962,6.554405],[3.34982,6.554622],[3.350082,6.554642],[3.350243,6.554602],[3.350721,6.554374],[3.350906,6.554363],[3.351037,6.554386],[3.35179,6.554738],[3.352003,6.554766],[3.352128,6.554739]]}},{"type":"Feature","properties":{"highway":"primary","name":"Apapa-Oworonshoki Expressway","bridge":false,"osm_id":134140052},"geometry":{"type":"LineString","coordinates":[[3.35046,6.556129],[3.350115,6.555924],[3.350016,6.555814],[3.34989,6.555503],[3.34972,6.555235],[3.348923,6.554818],[3.34826,6.554511],[3.341803,6.551748],[3.341383,6.551598],[3.340292,6.551098],[3.339815,6.550836],[3.339418,6.550548],[3.338291,6.549566],[3.337823,6.549306],[3.337329,6.549139],[3.33707,6.549109],[3.336788,6.54912],[3.336529,6.549177],[3.335991,6.549403]]}},{"type":"Feature","properties":{"highway":"motorway_link","name":"","bridge":true,"osm_id":134144377},"geometry":{"type":"LineString","coordinates":[[3.335589,6.548816],[3.33576,6.548717],[3.336098,6.548581],[3.336518,6.548483],[3.336984,6.548459],[3.337397,6.548504],[3.337803,6.548611],[3.338236,6.548819],[3.338623,6.549086],[3.338911,6.549378]]}},{"type":"Feature","properties":{"highway":"primary","name":"Apapa-Oworonshoki Expressway","bridge":false,"osm_id":134144382},"geometry":{"type":"LineString","coordinates":[[3.335902,6.549444],[3.33532,6.549692]]}},{"type":"Feature","properties":{"highway":"motorway_link","name":"","bridge":true,"osm_id":134144383},"geometry":{"type":"LineString","coordinates":[[3.335895,6.549079],[3.335707,6.549165]]}},{"type":"Feature","properties":{"highway":"motorway_link","name":"","bridge":true,"osm_id":134144387},"geometry":{"type":"LineString","coordinates":[[3.335917,6.549135],[3.335719,6.549192]]}},{"type":"Feature","properties":{"highway":"primary","name":"Apapa-Oworonshoki Expressway","bridge":false,"osm_id":134144418},"geometry":{"type":"LineString","coordinates":[[3.335574,6.548438],[3.336352,6.547959],[3.336658,6.547737],[3.336942,6.547407],[3.337207,6.546866],[3.337272,6.546194],[3.337289,6.543934]]}},{"type":"Feature","properties":{"highway":"motorway_link","name":"","bridge":false,"osm_id":134144425},"geometry":{"type":"LineString","coordinates":[[3.338911,6.549378],[3.339568,6.550122],[3.339866,6.550411],[3.340166,6.550656],[3.340692,6.550998]]}},{"type":"Feature","properties":{"highway":"motorway","name":"Apapa-Oworonshoki Expressway","bridge":false,"osm_id":134147999},"geometry":{"type":"LineString","coordinates":[[3.337551,6.543935],[3.337541,6.546278],[3.337574,6.546782],[3.337677,6.547418],[3.337803,6.547868],[3.337935,6.548215],[3.338139,6.548628],[3.338448,6.549154],[3.338756,6.549552],[3.339035,6.549859],[3.339683,6.55039],[3.340148,6.550698],[3.340692,6.550998],[3.343364,6.552168],[3.349768,6.554884],[3.351162,6.5554]]}},{"type":"Feature","properties":{"highway":"tertiary","name":"","bridge":false,"osm_id":370658034},"geometry":{"type":"LineString","coordinates":[[3.341561,6.551222],[3.341928,6.550462],[3.342137,6.549796],[3.34215,6.549659],[3.341982,6.547239],[3.343213,6.547226],[3.344318,6.547123],[3.346304,6.547025]]}},{"type":"Feature","properties":{"highway":"tertiary","name":"","bridge":false,"osm_id":370658035},"geometry":{"type":"LineString","coordinates":[[3.34215,6.549659],[3.346452,6.549441]]}},{"type":"Feature","properties":{"highway":"tertiary","name":"Seinde Callisto Street","bridge":false,"osm_id":496652589},"geometry":{"type":"LineString","coordinates":[[3.345294,6.555788],[3.344916,6.555761],[3.344717,6.555685],[3.344444,6.55548],[3.341543,6.55253],[3.341528,6.552325],[3.341803,6.551748]]}},{"type":"Feature","properties":{"highway":"secondary","name":"Osolo Way","bridge":false,"osm_id":589001486},"geometry":{"type":"LineString","coordinates":[[3.331806,6.550571],[3.331744,6.550186],[3.331798,6.549905],[3.332454,6.547421],[3.33343,6.544028]]}},{"type":"Feature","properties":{"highway":"secondary_link","name":"","bridge":true,"osm_id":693542458},"geometry":{"type":"LineString","coordinates":[[3.333474,6.549848],[3.334024,6.549568],[3.334166,6.549531],[3.334271,6.549534],[3.334397,6.549592],[3.334477,6.54968],[3.334523,6.549819],[3.334507,6.549997],[3.334422,6.550079],[3.3343,6.550147],[3.333594,6.550396]]}},{"type":"Feature","properties":{"highway":"motorway_link","name":"","bridge":true,"osm_id":693546085},"geometry":{"type":"LineString","coordinates":[[3.335654,6.54907],[3.335853,6.548972]]}},{"type":"Feature","properties":{"highway":"primary_link","name":"","bridge":true,"osm_id":693546086},"geometry":{"type":"LineString","coordinates":[[3.335642,6.549053],[3.335826,6.548922]]}},{"type":"Feature","properties":{"highway":"tertiary","name":"","bridge":false,"osm_id":1441924059},"geometry":{"type":"LineString","coordinates":[[3.342275,6.543842],[3.342338,6.543908]]}},{"type":"Feature","properties":{"highway":"tertiary","name":"","bridge":false,"osm_id":92451115},"geometry":{"type":"LineString","coordinates":[[3.330637,6.554942],[3.330896,6.55615],[3.330932,6.55622]]}},{"type":"Feature","properties":{"highway":"secondary_link","name":"","bridge":false,"osm_id":693542455},"geometry":{"type":"LineString","coordinates":[[3.333594,6.550396],[3.332801,6.55066]]}},{"type":"Feature","properties":{"highway":"secondary","name":"Osolo Way","bridge":false,"osm_id":693542459},"geometry":{"type":"LineString","coordinates":[[3.331762,6.550747],[3.331806,6.550571]]}},{"type":"Feature","properties":{"highway":"secondary","name":"Osolo Way","bridge":false,"osm_id":693542460},"geometry":{"type":"LineString","coordinates":[[3.331806,6.550571],[3.331968,6.550649]]}},{"type":"Feature","properties":{"highway":"motorway_link","name":"","bridge":false,"osm_id":1511796886},"geometry":{"type":"LineString","coordinates":[[3.330485,6.551725],[3.330203,6.551717]]}},{"type":"Feature","properties":{"highway":"tertiary","name":"","bridge":false,"osm_id":744493559},"geometry":{"type":"LineString","coordinates":[[3.348571,6.545957],[3.347963,6.546601],[3.347796,6.546822],[3.347674,6.54691],[3.346304,6.547025]]}},{"type":"Feature","properties":{"highway":"tertiary","name":"","bridge":false,"osm_id":1421774048},"geometry":{"type":"LineString","coordinates":[[3.346304,6.547025],[3.346452,6.549441]]}},{"type":"Feature","properties":{"highway":"tertiary","name":"","bridge":false,"osm_id":370658037},"geometry":{"type":"LineString","coordinates":[[3.354702,6.548449],[3.349511,6.545174],[3.349344,6.545101],[3.349228,6.545132],[3.348571,6.545957]]}},{"type":"Feature","properties":{"highway":"tertiary","name":"","bridge":false,"osm_id":441859099},"geometry":{"type":"LineString","coordinates":[[3.348809,6.554767],[3.348984,6.55571],[3.349037,6.556493]]}},{"type":"Feature","properties":{"highway":"tertiary","name":"Kunle Akinosi Street","bridge":false,"osm_id":134140049},"geometry":{"type":"LineString","coordinates":[[3.347486,6.554054],[3.346697,6.55577]]}},{"type":"Feature","properties":{"highway":"secondary","name":"","bridge":false,"osm_id":1105198603},"geometry":{"type":"LineString","coordinates":[[3.345294,6.555788],[3.345464,6.553499],[3.34551,6.553333]]}},{"type":"Feature","properties":{"highway":"motorway_link","name":"","bridge":false,"osm_id":1309437300},"geometry":{"type":"LineString","coordinates":[[3.343364,6.552168],[3.343413,6.552083]]}},{"type":"Feature","properties":{"highway":"motorway_link","name":"","bridge":false,"osm_id":936728635},"geometry":{"type":"LineString","coordinates":[[3.351873,6.55534],[3.351876,6.554994],[3.351725,6.554776],[3.351131,6.554508],[3.35089,6.554497],[3.350792,6.554546]]}},{"type":"Feature","properties":{"highway":"motorway_link","name":"","bridge":false,"osm_id":936728659},"geometry":{"type":"LineString","coordinates":[[3.350792,6.554546],[3.350714,6.554612],[3.350637,6.554779],[3.350662,6.554999]]}},{"type":"Feature","properties":{"highway":"motorway_link","name":"","bridge":true,"osm_id":936728660},"geometry":{"type":"LineString","coordinates":[[3.350662,6.554999],[3.350709,6.555089]]}},{"type":"Feature","properties":{"highway":"trunk_link","name":"","bridge":false,"osm_id":961493615},"geometry":{"type":"LineString","coordinates":[[3.35261,6.55358],[3.352692,6.553629]]}},{"type":"Feature","properties":{"highway":"motorway","name":"Third Mainland Bridge","bridge":true,"osm_id":93855614},"geometry":{"type":"LineString","coordinates":[[3.394176,6.463236],[3.393924,6.463478],[3.392986,6.464609],[3.392704,6.465023],[3.392293,6.46573],[3.391943,6.466437],[3.391444,6.467611],[3.390996,6.469002],[3.390749,6.470033],[3.39054,6.471223],[3.390448,6.471988],[3.390394,6.472976],[3.390374,6.473681],[3.390418,6.474675],[3.390563,6.475926],[3.390749,6.477007],[3.390998,6.478012],[3.391298,6.478994],[3.391718,6.480073],[3.392088,6.480886],[3.392803,6.482145],[3.393609,6.483648],[3.398278,6.491652],[3.398984,6.493069],[3.399586,6.494467],[3.404237,6.507193],[3.404432,6.507821],[3.40486,6.509465],[3.405144,6.510771],[3.405287,6.511706],[3.405422,6.512889],[3.405542,6.514265],[3.405576,6.515789],[3.405543,6.517382],[3.40549,6.518067],[3.405279,6.519861],[3.405122,6.520756],[3.40477,6.522399],[3.404353,6.523836],[3.400903,6.534638],[3.400714,6.535325],[3.400552,6.536002],[3.400274,6.537573],[3.400108,6.538716],[3.399982,6.539852],[3.399708,6.541354],[3.399162,6.543309],[3.398863,6.544102]]}},{"type":"Feature","properties":{"highway":"motorway","name":"Third Mainland Bridge","bridge":true,"osm_id":134222253},"geometry":{"type":"LineString","coordinates":[[3.398712,6.544057],[3.399131,6.542917],[3.399474,6.541521],[3.399775,6.53996],[3.399997,6.538118],[3.400201,6.536956],[3.400689,6.534876],[3.404341,6.523325],[3.404718,6.521841],[3.405054,6.520211],[3.40519,6.519353],[3.405303,6.51836],[3.405382,6.517415],[3.405413,6.516512],[3.405408,6.514768],[3.405265,6.512907],[3.405133,6.511777],[3.404986,6.510821],[3.404802,6.509923],[3.404336,6.508118],[3.403688,6.506158],[3.399263,6.494099],[3.398563,6.492603],[3.397942,6.491416],[3.396963,6.489774],[3.394342,6.485221],[3.393115,6.4832],[3.392151,6.481417],[3.391661,6.480384],[3.391356,6.479646],[3.39083,6.478064],[3.390611,6.477165],[3.390381,6.47585],[3.390293,6.47518],[3.390233,6.474314],[3.390209,6.473439],[3.390244,6.472483],[3.390397,6.471039],[3.390566,6.47009],[3.390768,6.469185],[3.390952,6.468508],[3.391219,6.467718],[3.391593,6.466779],[3.392276,6.465394],[3.393072,6.464184],[3.39364,6.463494],[3.393991,6.463131]]}},{"type":"Feature","properties":{"highway":"tertiary","name":"","bridge":false,"osm_id":1420873102},"geometry":{"type":"LineString","coordinates":[[3.408885,6.400636],[3.405494,6.398863]]}},{"type":"Feature","properties":{"highway":"tertiary","name":"","bridge":false,"osm_id":626035364},"geometry":{"type":"LineString","coordinates":[[3.404105,6.40403],[3.404026,6.404181],[3.403994,6.404318]]}},{"type":"Feature","properties":{"highway":"tertiary","name":"","bridge":false,"osm_id":626035365},"geometry":{"type":"LineString","coordinates":[[3.403898,6.404311],[3.403855,6.403989]]}},{"type":"Feature","properties":{"highway":"tertiary","name":"","bridge":false,"osm_id":626035366},"geometry":{"type":"LineString","coordinates":[[3.403891,6.404021],[3.40381,6.403885],[3.403833,6.40377],[3.403872,6.403722],[3.403983,6.403672],[3.404131,6.40372],[3.404189,6.403814],[3.404162,6.403973],[3.404105,6.40403],[3.404029,6.404054],[3.403891,6.404021]]}},{"type":"Feature","properties":{"highway":"tertiary","name":"","bridge":true,"osm_id":626035370},"geometry":{"type":"LineString","coordinates":[[3.404059,6.405947],[3.403942,6.40557],[3.403862,6.404993],[3.403898,6.404311]]}},{"type":"Feature","properties":{"highway":"tertiary","name":"","bridge":true,"osm_id":626035371},"geometry":{"type":"LineString","coordinates":[[3.403994,6.404318],[3.403934,6.404981],[3.404018,6.405543],[3.404129,6.405906]]}},{"type":"Feature","properties":{"highway":"tertiary","name":"","bridge":false,"osm_id":626035352},"geometry":{"type":"LineString","coordinates":[[3.408343,6.409422],[3.408459,6.409227],[3.408501,6.409038],[3.40848,6.408909],[3.40809,6.408058],[3.407863,6.407775],[3.407655,6.407711],[3.406841,6.407815],[3.406264,6.407771],[3.40573,6.407622],[3.405252,6.407375],[3.404874,6.407102],[3.404449,6.406638]]}},{"type":"Feature","properties":{"highway":"tertiary","name":"","bridge":false,"osm_id":626035361},"geometry":{"type":"LineString","coordinates":[[3.404206,6.406405],[3.404059,6.405947]]}},{"type":"Feature","properties":{"highway":"tertiary","name":"","bridge":false,"osm_id":626035362},"geometry":{"type":"LineString","coordinates":[[3.404129,6.405906],[3.404217,6.406138],[3.404338,6.406345]]}},{"type":"Feature","properties":{"highway":"secondary","name":"","bridge":false,"osm_id":626035376},"geometry":{"type":"LineString","coordinates":[[3.408706,6.409372],[3.407309,6.410072],[3.405951,6.410695],[3.404899,6.411216],[3.40471,6.411434]]}},{"type":"Feature","properties":{"highway":"secondary","name":"","bridge":false,"osm_id":626035378},"geometry":{"type":"LineString","coordinates":[[3.4046,6.411146],[3.404863,6.411089],[3.407178,6.40996],[3.408639,6.409282]]}},{"type":"Feature","properties":{"highway":"tertiary","name":"","bridge":false,"osm_id":626035382},"geometry":{"type":"LineString","coordinates":[[3.403983,6.403672],[3.404193,6.403279],[3.404455,6.402871],[3.405357,6.402126],[3.405577,6.402037],[3.406478,6.401814],[3.406858,6.401805],[3.40749,6.401898],[3.40787,6.402019],[3.408048,6.402044]]}},{"type":"Feature","properties":{"highway":"tertiary","name":"","bridge":false,"osm_id":626035383},"geometry":{"type":"LineString","coordinates":[[3.407972,6.402225],[3.407846,6.402102],[3.407493,6.401997],[3.406923,6.401903],[3.406628,6.401897],[3.406114,6.40197],[3.40551,6.402156],[3.404774,6.402732],[3.404484,6.403044],[3.404188,6.403554],[3.404131,6.40372]]}},{"type":"Feature","properties":{"highway":"tertiary","name":"","bridge":false,"osm_id":639928393},"geometry":{"type":"LineString","coordinates":[[3.404688,6.411527],[3.40472,6.411715],[3.404846,6.412105],[3.405042,6.412616],[3.405712,6.414066],[3.405716,6.414107],[3.405666,6.414127],[3.405096,6.412954],[3.404524,6.411584]]}},{"type":"Feature","properties":{"highway":"tertiary","name":"","bridge":false,"osm_id":626035363},"geometry":{"type":"LineString","coordinates":[[3.40426,6.406667],[3.404186,6.406599],[3.40417,6.406464],[3.404278,6.406354],[3.404394,6.406356],[3.404444,6.406385],[3.4045,6.406482],[3.404484,6.406593],[3.404408,6.406666],[3.40426,6.406667]]}},{"type":"Feature","properties":{"highway":"secondary","name":"","bridge":false,"osm_id":743474205},"geometry":{"type":"LineString","coordinates":[[3.404688,6.411527],[3.404524,6.411584],[3.404403,6.41152],[3.404316,6.411335],[3.404297,6.411238],[3.404325,6.411134],[3.40447,6.411076],[3.4046,6.411146],[3.40471,6.411434],[3.404688,6.411527]]}},{"type":"Feature","properties":{"highway":"secondary","name":"","bridge":false,"osm_id":1434317722},"geometry":{"type":"LineString","coordinates":[[3.433057,6.410096],[3.434771,6.410436],[3.437064,6.410818],[3.439465,6.411181],[3.441981,6.411499],[3.443963,6.41172],[3.450003,6.412232]]}},{"type":"Feature","properties":{"highway":"secondary","name":"","bridge":false,"osm_id":1434317723},"geometry":{"type":"LineString","coordinates":[[3.450003,6.412232],[3.449982,6.412326],[3.44613,6.412043],[3.443776,6.411824],[3.442419,6.411666],[3.439966,6.411339],[3.436528,6.410827],[3.434722,6.410525],[3.433022,6.410199]]}},{"type":"Feature","properties":{"highway":"tertiary","name":"","bridge":false,"osm_id":626035369},"geometry":{"type":"LineString","coordinates":[[3.409432,6.406075],[3.409399,6.405927],[3.409484,6.405801],[3.409631,6.405774],[3.409751,6.405854],[3.409783,6.405991],[3.409702,6.406121],[3.409542,6.40615],[3.409432,6.406075]]}},{"type":"Feature","properties":{"highway":"secondary","name":"","bridge":false,"osm_id":626035390},"geometry":{"type":"LineString","coordinates":[[3.412997,6.402859],[3.412992,6.402971],[3.412922,6.403111],[3.412762,6.403119],[3.412553,6.403027],[3.412499,6.40297],[3.41247,6.402817],[3.412545,6.402705]]}},{"type":"Feature","properties":{"highway":"tertiary","name":"","bridge":false,"osm_id":1036621374},"geometry":{"type":"LineString","coordinates":[[3.408885,6.400636],[3.411934,6.40227]]}},{"type":"Feature","properties":{"highway":"tertiary","name":"","bridge":false,"osm_id":1036621377},"geometry":{"type":"LineString","coordinates":[[3.408336,6.402227],[3.408897,6.402678],[3.409227,6.403072],[3.409552,6.403591],[3.409757,6.404244],[3.409824,6.404712],[3.409809,6.405123],[3.409721,6.405819]]}},{"type":"Feature","properties":{"highway":"tertiary","name":"","bridge":false,"osm_id":1036621378},"geometry":{"type":"LineString","coordinates":[[3.409531,6.405779],[3.409667,6.405511],[3.409735,6.405121],[3.409731,6.404732],[3.409678,6.404328],[3.409572,6.403904],[3.409418,6.40354],[3.40917,6.403154],[3.408802,6.402719],[3.408361,6.402386],[3.408238,6.402359]]}},{"type":"Feature","properties":{"highway":"tertiary","name":"","bridge":false,"osm_id":1036621379},"geometry":{"type":"LineString","coordinates":[[3.408237,6.40203],[3.40832,6.402112],[3.408327,6.40226],[3.408238,6.402359],[3.408089,6.402366],[3.407982,6.402262],[3.407992,6.402105],[3.408082,6.402025],[3.408237,6.40203]]}},{"type":"Feature","properties":{"highway":"tertiary","name":"","bridge":false,"osm_id":1420873101},"geometry":{"type":"LineString","coordinates":[[3.41247,6.402817],[3.410352,6.401578],[3.409701,6.401272],[3.408813,6.4008]]}},{"type":"Feature","properties":{"highway":"secondary","name":"","bridge":false,"osm_id":1507037927},"geometry":{"type":"LineString","coordinates":[[3.412545,6.402705],[3.412644,6.402658],[3.412742,6.402668],[3.412913,6.40276],[3.412997,6.402859]]}},{"type":"Feature","properties":{"highway":"tertiary","name":"","bridge":false,"osm_id":1507037928},"geometry":{"type":"LineString","coordinates":[[3.411933,6.40227],[3.412545,6.402705]]}},{"type":"Feature","properties":{"highway":"secondary","name":"","bridge":false,"osm_id":513426517},"geometry":{"type":"LineString","coordinates":[[3.418928,6.405919],[3.418664,6.405702],[3.417305,6.40502]]}},{"type":"Feature","properties":{"highway":"secondary","name":"Avenue 1","bridge":false,"osm_id":1036461052},"geometry":{"type":"LineString","coordinates":[[3.417441,6.405086],[3.41733,6.405193]]}},{"type":"Feature","properties":{"highway":"secondary","name":"Avenue 1","bridge":false,"osm_id":1036461053},"geometry":{"type":"LineString","coordinates":[[3.417177,6.405137],[3.417182,6.404958]]}},{"type":"Feature","properties":{"highway":"primary","name":"","bridge":false,"osm_id":1507037926},"geometry":{"type":"LineString","coordinates":[[3.419011,6.405777],[3.419086,6.405746],[3.419286,6.405788],[3.419453,6.405905]]}},{"type":"Feature","properties":{"highway":"secondary_link","name":"","bridge":false,"osm_id":1525725618},"geometry":{"type":"LineString","coordinates":[[3.417177,6.405137],[3.417215,6.405093],[3.417285,6.405089],[3.417331,6.405135],[3.41733,6.405193]]}},{"type":"Feature","properties":{"highway":"tertiary","name":"","bridge":false,"osm_id":399250123},"geometry":{"type":"LineString","coordinates":[[3.415644,6.408541],[3.415326,6.40835],[3.412922,6.407375],[3.41172,6.406922],[3.411382,6.406885]]}},{"type":"Feature","properties":{"highway":"tertiary","name":"","bridge":false,"osm_id":399250124},"geometry":{"type":"LineString","coordinates":[[3.411542,6.406552],[3.411648,6.406679],[3.411781,6.406775],[3.415407,6.408233],[3.415784,6.40828]]}},{"type":"Feature","properties":{"highway":"tertiary","name":"","bridge":false,"osm_id":399250131},"geometry":{"type":"LineString","coordinates":[[3.425431,6.412215],[3.425163,6.412029],[3.424162,6.411756],[3.422689,6.411243],[3.420333,6.410334],[3.420013,6.410265]]}},{"type":"Feature","properties":{"highway":"primary","name":"Eko Boulevard","bridge":false,"osm_id":399254492},"geometry":{"type":"LineString","coordinates":[[3.417097,6.411484],[3.416474,6.413023]]}},{"type":"Feature","properties":{"highway":"secondary","name":"Avenue 2","bridge":false,"osm_id":399254494},"geometry":{"type":"LineString","coordinates":[[3.419874,6.410325],[3.419723,6.410589],[3.419061,6.412248],[3.418368,6.413817]]}},{"type":"Feature","properties":{"highway":"tertiary","name":"","bridge":false,"osm_id":399254495},"geometry":{"type":"LineString","coordinates":[[3.420114,6.410025],[3.420314,6.410149],[3.422734,6.41111],[3.424206,6.411623],[3.425189,6.41189],[3.425314,6.411902],[3.425476,6.411875]]}},{"type":"Feature","properties":{"highway":"secondary","name":"Avenue 1","bridge":false,"osm_id":399254498},"geometry":{"type":"LineString","coordinates":[[3.415871,6.408249],[3.416048,6.408025],[3.417177,6.405137]]}},{"type":"Feature","properties":{"highway":"secondary","name":"Avenue 2","bridge":false,"osm_id":399254499},"geometry":{"type":"LineString","coordinates":[[3.419764,6.409788],[3.419969,6.409629],[3.420489,6.408352],[3.421107,6.406712]]}},{"type":"Feature","properties":{"highway":"secondary","name":"Avenue 1","bridge":true,"osm_id":399403548},"geometry":{"type":"LineString","coordinates":[[3.414129,6.412829],[3.414388,6.412219]]}},{"type":"Feature","properties":{"highway":"secondary","name":"Avenue 1","bridge":false,"osm_id":399403549},"geometry":{"type":"LineString","coordinates":[[3.414388,6.412219],[3.414774,6.411111],[3.415642,6.408975],[3.415721,6.408712]]}},{"type":"Feature","properties":{"highway":"secondary","name":"Avenue 1","bridge":true,"osm_id":399403551},"geometry":{"type":"LineString","coordinates":[[3.414489,6.412258],[3.414244,6.41286]]}},{"type":"Feature","properties":{"highway":"primary","name":"Eko Boulevard","bridge":false,"osm_id":399403556},"geometry":{"type":"LineString","coordinates":[[3.417844,6.409073],[3.418036,6.408707],[3.418902,6.406585],[3.418962,6.406412],[3.418986,6.406228],[3.418969,6.406059]]}},{"type":"Feature","properties":{"highway":"secondary","name":"Avenue 2","bridge":false,"osm_id":399403562},"geometry":{"type":"LineString","coordinates":[[3.418236,6.413765],[3.418924,6.412202]]}},{"type":"Feature","properties":{"highway":"secondary","name":"Avenue 1","bridge":false,"osm_id":409545394},"geometry":{"type":"LineString","coordinates":[[3.41733,6.405193],[3.416664,6.4068],[3.416179,6.408073],[3.416124,6.408332]]}},{"type":"Feature","properties":{"highway":"secondary","name":"Avenue 2","bridge":false,"osm_id":409545395},"geometry":{"type":"LineString","coordinates":[[3.421237,6.406764],[3.420082,6.409677],[3.420064,6.409893]]}},{"type":"Feature","properties":{"highway":"primary","name":"","bridge":false,"osm_id":409545396},"geometry":{"type":"LineString","coordinates":[[3.419453,6.405905],[3.419461,6.406025],[3.4194,6.406153],[3.419342,6.406191],[3.419153,6.406167],[3.418969,6.406059],[3.41893,6.40599],[3.418928,6.405919],[3.419011,6.405777]]}},{"type":"Feature","properties":{"highway":"secondary","name":"","bridge":false,"osm_id":513426512},"geometry":{"type":"LineString","coordinates":[[3.419453,6.405905],[3.421119,6.406527]]}},{"type":"Feature","properties":{"highway":"secondary","name":"","bridge":false,"osm_id":513426514},"geometry":{"type":"LineString","coordinates":[[3.421113,6.406602],[3.420019,6.406207],[3.419721,6.406139],[3.419424,6.406113]]}},{"type":"Feature","properties":{"highway":"tertiary","name":"","bridge":false,"osm_id":626035353},"geometry":{"type":"LineString","coordinates":[[3.409468,6.406113],[3.409061,6.406747],[3.408546,6.407234],[3.40843,6.407429],[3.408417,6.407567],[3.408448,6.407705],[3.408964,6.408671],[3.409281,6.408778],[3.409644,6.408691]]}},{"type":"Feature","properties":{"highway":"secondary","name":"","bridge":false,"osm_id":626035358},"geometry":{"type":"LineString","coordinates":[[3.410484,6.412952],[3.410181,6.412355]]}},{"type":"Feature","properties":{"highway":"secondary","name":"","bridge":false,"osm_id":626035384},"geometry":{"type":"LineString","coordinates":[[3.417305,6.40502],[3.415959,6.40442],[3.414438,6.403621],[3.413712,6.403291],[3.413272,6.403151],[3.412922,6.403111]]}},{"type":"Feature","properties":{"highway":"secondary","name":"","bridge":false,"osm_id":626035385},"geometry":{"type":"LineString","coordinates":[[3.412762,6.403119],[3.412617,6.403327],[3.411837,6.405333],[3.411534,6.406151],[3.411495,6.406461]]}},{"type":"Feature","properties":{"highway":"secondary","name":"","bridge":false,"osm_id":626035386},"geometry":{"type":"LineString","coordinates":[[3.411264,6.406356],[3.41141,6.406106],[3.412517,6.403274],[3.412553,6.403027]]}},{"type":"Feature","properties":{"highway":"tertiary","name":"","bridge":false,"osm_id":626035387},"geometry":{"type":"LineString","coordinates":[[3.409784,6.405939],[3.410179,6.406138],[3.410886,6.406391],[3.411094,6.406424]]}},{"type":"Feature","properties":{"highway":"tertiary","name":"","bridge":false,"osm_id":626035388},"geometry":{"type":"LineString","coordinates":[[3.411005,6.4067],[3.4107,6.406517],[3.409702,6.406121]]}},{"type":"Feature","properties":{"highway":"secondary","name":"","bridge":false,"osm_id":743474204},"geometry":{"type":"LineString","coordinates":[[3.409924,6.410685],[3.41099,6.412768]]}},{"type":"Feature","properties":{"highway":"secondary","name":"","bridge":false,"osm_id":1420873104},"geometry":{"type":"LineString","coordinates":[[3.412997,6.402859],[3.413423,6.403032],[3.417335,6.404932],[3.419011,6.405777]]}},{"type":"Feature","properties":{"highway":"primary","name":"Eko Boulevard","bridge":false,"osm_id":1421941811},"geometry":{"type":"LineString","coordinates":[[3.416358,6.412987],[3.417667,6.409642],[3.417704,6.409386]]}},{"type":"Feature","properties":{"highway":"primary_link","name":"","bridge":false,"osm_id":1421941813},"geometry":{"type":"LineString","coordinates":[[3.418902,6.406585],[3.41891,6.406309],[3.418872,6.406074],[3.418729,6.405779],[3.418664,6.405702]]}},{"type":"Feature","properties":{"highway":"secondary","name":"","bridge":false,"osm_id":513426487},"geometry":{"type":"LineString","coordinates":[[3.411334,6.4069],[3.411182,6.407085],[3.410638,6.407933],[3.410254,6.408333],[3.40971,6.408796],[3.409176,6.409134]]}},{"type":"Feature","properties":{"highway":"secondary","name":"","bridge":true,"osm_id":626035377},"geometry":{"type":"LineString","coordinates":[[3.409177,6.409134],[3.408706,6.409372]]}},{"type":"Feature","properties":{"highway":"secondary","name":"","bridge":true,"osm_id":626035379},"geometry":{"type":"LineString","coordinates":[[3.408639,6.409281],[3.409123,6.409024]]}},{"type":"Feature","properties":{"highway":"secondary","name":"","bridge":false,"osm_id":626035380},"geometry":{"type":"LineString","coordinates":[[3.409123,6.409024],[3.409644,6.408691],[3.410133,6.408267],[3.410524,6.407821],[3.410761,6.407461],[3.410986,6.407085],[3.411072,6.406815]]}},{"type":"Feature","properties":{"highway":"tertiary","name":"","bridge":false,"osm_id":626035389},"geometry":{"type":"LineString","coordinates":[[3.411553,6.406618],[3.41149,6.406806],[3.411334,6.4069],[3.411262,6.406905],[3.411126,6.406861],[3.411005,6.4067],[3.411001,6.406614],[3.411047,6.406478],[3.411145,6.406389],[3.411264,6.406356],[3.411431,6.406402],[3.411514,6.40649],[3.411553,6.406618]]}},{"type":"Feature","properties":{"highway":"secondary","name":"","bridge":false,"osm_id":743474212},"geometry":{"type":"LineString","coordinates":[[3.409505,6.408946],[3.409375,6.409116],[3.409318,6.409263],[3.409328,6.409438],[3.409404,6.409656],[3.409924,6.410685]]}},{"type":"Feature","properties":{"highway":"secondary","name":"","bridge":false,"osm_id":743474213},"geometry":{"type":"LineString","coordinates":[[3.410181,6.412355],[3.409818,6.411397],[3.409492,6.410707],[3.409459,6.410654],[3.409351,6.410605],[3.409268,6.410527],[3.409075,6.41004],[3.408937,6.40977],[3.408817,6.409642],[3.408684,6.409576],[3.408398,6.40953]]}},{"type":"Feature","properties":{"highway":"secondary_link","name":"","bridge":false,"osm_id":1369669837},"geometry":{"type":"LineString","coordinates":[[3.410854,6.412492],[3.411176,6.412595],[3.41133,6.412574]]}},{"type":"Feature","properties":{"highway":"secondary","name":"","bridge":false,"osm_id":399250120},"geometry":{"type":"LineString","coordinates":[[3.416197,6.408497],[3.41619,6.408585],[3.4161,6.408743],[3.415962,6.408793],[3.415874,6.408792],[3.415721,6.408712],[3.415644,6.408541],[3.41565,6.408463],[3.415722,6.408328],[3.415871,6.408249],[3.416051,6.408277],[3.416124,6.408332],[3.416197,6.408497]]}},{"type":"Feature","properties":{"highway":"primary","name":"Eko Boulevard","bridge":false,"osm_id":399250121},"geometry":{"type":"LineString","coordinates":[[3.419258,6.406196],[3.419087,6.406465],[3.418146,6.408906],[3.418069,6.409167]]}},{"type":"Feature","properties":{"highway":"secondary","name":"Avenue 1","bridge":false,"osm_id":399250122},"geometry":{"type":"LineString","coordinates":[[3.415962,6.408793],[3.415785,6.409008],[3.415116,6.410692],[3.414895,6.411162],[3.414489,6.412258]]}},{"type":"Feature","properties":{"highway":"secondary","name":"Avenue 2","bridge":false,"osm_id":399250130},"geometry":{"type":"LineString","coordinates":[[3.418924,6.412202],[3.419606,6.41056],[3.419635,6.410238]]}},{"type":"Feature","properties":{"highway":"tertiary","name":"","bridge":false,"osm_id":399250132},"geometry":{"type":"LineString","coordinates":[[3.418098,6.409242],[3.419377,6.409829],[3.419696,6.409817]]}},{"type":"Feature","properties":{"highway":"tertiary","name":"","bridge":false,"osm_id":399254493},"geometry":{"type":"LineString","coordinates":[[3.419567,6.410104],[3.419339,6.409944],[3.418007,6.409456]]}},{"type":"Feature","properties":{"highway":"secondary","name":"","bridge":false,"osm_id":399254496},"geometry":{"type":"LineString","coordinates":[[3.419635,6.410238],[3.419567,6.410104],[3.419564,6.410021],[3.419631,6.40987],[3.419696,6.409817],[3.419848,6.409778],[3.419931,6.409793],[3.420064,6.409893],[3.420114,6.410025],[3.420108,6.410115],[3.420013,6.410265],[3.419874,6.410325],[3.419786,6.410322],[3.419635,6.410238]]}},{"type":"Feature","properties":{"highway":"primary","name":"","bridge":false,"osm_id":1421941805},"geometry":{"type":"LineString","coordinates":[[3.417959,6.40948],[3.417788,6.409467],[3.417684,6.40934],[3.417678,6.409251],[3.417708,6.409168],[3.417806,6.409085],[3.417971,6.409085],[3.418087,6.409203],[3.418097,6.409323],[3.418065,6.409399],[3.417959,6.40948]]}},{"type":"Feature","properties":{"highway":"tertiary","name":"","bridge":false,"osm_id":1421941808},"geometry":{"type":"LineString","coordinates":[[3.416175,6.408408],[3.416348,6.408584],[3.41777,6.409104]]}},{"type":"Feature","properties":{"highway":"tertiary","name":"","bridge":false,"osm_id":1421941809},"geometry":{"type":"LineString","coordinates":[[3.417684,6.40934],[3.41752,6.409225],[3.416398,6.408786],[3.4161,6.408743]]}},{"type":"Feature","properties":{"highway":"primary","name":"Eko Boulevard","bridge":false,"osm_id":1421941810},"geometry":{"type":"LineString","coordinates":[[3.417959,6.40948],[3.417894,6.409578],[3.417097,6.411484]]}},{"type":"Feature","properties":{"highway":"primary_link","name":"","bridge":false,"osm_id":1421941812},"geometry":{"type":"LineString","coordinates":[[3.419865,6.406172],[3.419603,6.406204],[3.419334,6.406304],[3.419044,6.406573]]}},{"type":"Feature","properties":{"highway":"secondary","name":"","bridge":false,"osm_id":626035330},"geometry":{"type":"LineString","coordinates":[[3.42443,6.416143],[3.425549,6.412725],[3.425569,6.412413]]}},{"type":"Feature","properties":{"highway":"secondary","name":"","bridge":false,"osm_id":626035340},"geometry":{"type":"LineString","coordinates":[[3.425823,6.412501],[3.425707,6.412618],[3.42566,6.412718],[3.424528,6.416168]]}},{"type":"Feature","properties":{"highway":"tertiary","name":"","bridge":false,"osm_id":1323719117},"geometry":{"type":"LineString","coordinates":[[3.426232,6.412097],[3.426428,6.412231],[3.42731,6.412411],[3.432244,6.413588],[3.434006,6.413956]]}},{"type":"Feature","properties":{"highway":"tertiary","name":"","bridge":false,"osm_id":1376653586},"geometry":{"type":"LineString","coordinates":[[3.433978,6.414071],[3.429934,6.413204],[3.426945,6.412426],[3.426343,6.412372],[3.426062,6.412424]]}},{"type":"Feature","properties":{"highway":"secondary","name":"","bridge":false,"osm_id":1420873098},"geometry":{"type":"LineString","coordinates":[[3.433022,6.410199],[3.427463,6.408868],[3.427192,6.408845]]}},{"type":"Feature","properties":{"highway":"secondary","name":"","bridge":false,"osm_id":1420873099},"geometry":{"type":"LineString","coordinates":[[3.427218,6.408691],[3.427376,6.40871],[3.428664,6.409059],[3.433057,6.410096]]}},{"type":"Feature","properties":{"highway":"secondary","name":"","bridge":false,"osm_id":626035335},"geometry":{"type":"LineString","coordinates":[[3.427049,6.408556],[3.427164,6.408612],[3.427218,6.408691],[3.427192,6.408845],[3.427097,6.408914],[3.42699,6.408949],[3.426726,6.408868],[3.426654,6.408729],[3.426716,6.408557],[3.426831,6.408506],[3.426937,6.40851],[3.427049,6.408556]]}},{"type":"Feature","properties":{"highway":"secondary","name":"Avenue 2","bridge":false,"osm_id":626035336},"geometry":{"type":"LineString","coordinates":[[3.421237,6.406764],[3.42132,6.406691]]}},{"type":"Feature","properties":{"highway":"secondary","name":"","bridge":false,"osm_id":626035337},"geometry":{"type":"LineString","coordinates":[[3.421119,6.406527],[3.424476,6.407823],[3.426517,6.408519],[3.426716,6.408557]]}},{"type":"Feature","properties":{"highway":"secondary","name":"","bridge":false,"osm_id":766913855},"geometry":{"type":"LineString","coordinates":[[3.425412,6.412099],[3.425428,6.411982],[3.425541,6.411796],[3.42572,6.411699],[3.425821,6.411686],[3.425954,6.411707],[3.426073,6.41177],[3.426159,6.411861],[3.426214,6.411973],[3.426232,6.412097],[3.426211,6.412222],[3.426153,6.412334],[3.426062,6.412424],[3.425949,6.412481],[3.425823,6.412501],[3.425646,6.412461],[3.42551,6.412357],[3.425431,6.412215],[3.425412,6.412099]]}},{"type":"Feature","properties":{"highway":"secondary","name":"","bridge":false,"osm_id":766913856},"geometry":{"type":"LineString","coordinates":[[3.42699,6.408949],[3.426885,6.409083],[3.426041,6.411518],[3.426034,6.41161],[3.426073,6.41177]]}},{"type":"Feature","properties":{"highway":"secondary","name":"","bridge":false,"osm_id":766913857},"geometry":{"type":"LineString","coordinates":[[3.426246,6.410547],[3.426748,6.409039],[3.426726,6.408868]]}},{"type":"Feature","properties":{"highway":"secondary","name":"","bridge":false,"osm_id":1420873096},"geometry":{"type":"LineString","coordinates":[[3.425821,6.411686],[3.425962,6.411406],[3.426215,6.410641]]}},{"type":"Feature","properties":{"highway":"tertiary","name":"","bridge":false,"osm_id":1420873097},"geometry":{"type":"LineString","coordinates":[[3.426215,6.410641],[3.426246,6.410547]]}},{"type":"Feature","properties":{"highway":"secondary","name":"","bridge":false,"osm_id":1420873100},"geometry":{"type":"LineString","coordinates":[[3.426654,6.408729],[3.426486,6.408598],[3.425589,6.408261],[3.424452,6.407883],[3.421113,6.406602]]}},{"type":"Feature","properties":{"highway":"secondary","name":"Avenue 2","bridge":false,"osm_id":1442146850},"geometry":{"type":"LineString","coordinates":[[3.421107,6.406712],[3.421113,6.406602]]}},{"type":"Feature","properties":{"highway":"secondary_link","name":"","bridge":false,"osm_id":1525725617},"geometry":{"type":"LineString","coordinates":[[3.421107,6.406712],[3.421192,6.406689],[3.421236,6.406727],[3.421237,6.406764]]}},{"type":"Feature","properties":{"highway":"motorway","name":"Eko Bridge","bridge":true,"osm_id":10561240},"geometry":{"type":"LineString","coordinates":[[3.382649,6.459996],[3.38242,6.460901],[3.382244,6.461289],[3.378826,6.466673],[3.378465,6.467385],[3.377404,6.47078],[3.377057,6.47175],[3.376473,6.47357],[3.376088,6.474345],[3.375462,6.475367],[3.374869,6.476041],[3.374582,6.476304],[3.371754,6.478512],[3.371384,6.478829],[3.370707,6.479311],[3.368584,6.480965],[3.367831,6.481654],[3.36713,6.482405],[3.366441,6.483251],[3.365793,6.484206],[3.365109,6.485385]]}},{"type":"Feature","properties":{"highway":"motorway","name":"Eko Bridge","bridge":true,"osm_id":133795072},"geometry":{"type":"LineString","coordinates":[[3.367255,6.481939],[3.36805,6.481258],[3.37421,6.476473],[3.374761,6.476],[3.37549,6.475176],[3.375697,6.474876],[3.376117,6.474115],[3.376422,6.473412],[3.377969,6.468543],[3.378518,6.467025],[3.378732,6.466596],[3.382105,6.461319],[3.382274,6.460919],[3.382543,6.459962]]}},{"type":"Feature","properties":{"highway":"primary","name":"Apapa-Oworonshoki Expressway","bridge":false,"osm_id":133801695},"geometry":{"type":"LineString","coordinates":[[3.361832,6.438985],[3.362319,6.438676],[3.362712,6.438326],[3.36466,6.435868],[3.364878,6.435635],[3.365014,6.435533],[3.365227,6.435418],[3.365417,6.435357],[3.36573,6.435332],[3.366349,6.435428],[3.36715,6.435678]]}},{"type":"Feature","properties":{"highway":"motorway","name":"Apapa-Oworonshoki Expressway","bridge":true,"osm_id":134170075},"geometry":{"type":"LineString","coordinates":[[3.361486,6.43928],[3.35997,6.440155],[3.359812,6.440205],[3.359645,6.440217],[3.359441,6.440161],[3.359288,6.440057],[3.359152,6.439879],[3.3583,6.438336],[3.357878,6.437779],[3.357612,6.437484]]}},{"type":"Feature","properties":{"highway":"motorway","name":"Apapa-Oworonshoki Expressway","bridge":true,"osm_id":134170095},"geometry":{"type":"LineString","coordinates":[[3.35779,6.43729],[3.358018,6.437594],[3.358163,6.437846],[3.35922,6.439798],[3.359425,6.440052],[3.359586,6.44012],[3.35974,6.440128],[3.360007,6.440038],[3.361439,6.439196]]}},{"type":"Feature","properties":{"highway":"motorway_link","name":"","bridge":true,"osm_id":134170101},"geometry":{"type":"LineString","coordinates":[[3.358848,6.439461],[3.358242,6.438369],[3.358196,6.438189]]}},{"type":"Feature","properties":{"highway":"motorway_link","name":"","bridge":true,"osm_id":134170107},"geometry":{"type":"LineString","coordinates":[[3.358325,6.438143],[3.358442,6.438229],[3.359039,6.439316]]}},{"type":"Feature","properties":{"highway":"primary","name":"Apapa-Oworonshoki Expressway","bridge":false,"osm_id":144530742},"geometry":{"type":"LineString","coordinates":[[3.369343,6.436532],[3.36719,6.435833]]}},{"type":"Feature","properties":{"highway":"primary","name":"Apapa-Oworonshoki Expressway","bridge":false,"osm_id":144530744},"geometry":{"type":"LineString","coordinates":[[3.367118,6.435808],[3.366304,6.435533],[3.366018,6.435458],[3.365714,6.435429],[3.365352,6.435481],[3.365046,6.435631],[3.364857,6.435789],[3.364657,6.436015],[3.362797,6.438371],[3.362315,6.438791],[3.361868,6.439071]]}},{"type":"Feature","properties":{"highway":"secondary","name":"Warehouse Road","bridge":false,"osm_id":144530751},"geometry":{"type":"LineString","coordinates":[[3.365123,6.438356],[3.368409,6.439417]]}},{"type":"Feature","properties":{"highway":"primary","name":"Apapa-Oworonshoki Expressway","bridge":false,"osm_id":144532294},"geometry":{"type":"LineString","coordinates":[[3.367226,6.435703],[3.369386,6.436402]]}},{"type":"Feature","properties":{"highway":"tertiary","name":"","bridge":false,"osm_id":134170096},"geometry":{"type":"LineString","coordinates":[[3.356093,6.436077],[3.356178,6.435864],[3.356186,6.435727],[3.356133,6.435494]]}},{"type":"Feature","properties":{"highway":"tertiary","name":"","bridge":false,"osm_id":134170110},"geometry":{"type":"LineString","coordinates":[[3.356479,6.435442],[3.356409,6.435506],[3.356318,6.43554],[3.356221,6.435536],[3.356133,6.435494],[3.356065,6.435417],[3.356036,6.435328],[3.356083,6.435152],[3.356171,6.435079],[3.35625,6.435056],[3.356411,6.435091],[3.356498,6.435185],[3.356524,6.43527],[3.356479,6.435442]]}},{"type":"Feature","properties":{"highway":"tertiary","name":"","bridge":false,"osm_id":134170112},"geometry":{"type":"LineString","coordinates":[[3.356448,6.435476],[3.356339,6.435656],[3.356312,6.435789],[3.356378,6.436105]]}},{"type":"Feature","properties":{"highway":"motorway_link","name":"","bridge":false,"osm_id":1218824049},"geometry":{"type":"LineString","coordinates":[[3.355608,6.436298],[3.355891,6.436214],[3.355998,6.436165],[3.356093,6.436077]]}},{"type":"Feature","properties":{"highway":"motorway_link","name":"","bridge":false,"osm_id":1218824050},"geometry":{"type":"LineString","coordinates":[[3.356378,6.436105],[3.356484,6.43629],[3.356688,6.4365]]}},{"type":"Feature","properties":{"highway":"secondary","name":"Warehouse Road","bridge":false,"osm_id":144530726},"geometry":{"type":"LineString","coordinates":[[3.363479,6.437341],[3.363915,6.437656],[3.364257,6.43786]]}},{"type":"Feature","properties":{"highway":"primary","name":"Apapa-Oworonshoki Expressway","bridge":true,"osm_id":144530740},"geometry":{"type":"LineString","coordinates":[[3.36719,6.435833],[3.367118,6.435809]]}},{"type":"Feature","properties":{"highway":"secondary","name":"Warehouse Road","bridge":false,"osm_id":144530754},"geometry":{"type":"LineString","coordinates":[[3.364257,6.43786],[3.3646,6.438055]]}},{"type":"Feature","properties":{"highway":"secondary","name":"","bridge":false,"osm_id":144530755},"geometry":{"type":"LineString","coordinates":[[3.364615,6.438354],[3.364491,6.43835],[3.364423,6.43829],[3.364405,6.438165],[3.364502,6.438059],[3.3646,6.438055],[3.364697,6.438131],[3.364712,6.438245],[3.364615,6.438354]]}},{"type":"Feature","properties":{"highway":"secondary","name":"Warehouse Road","bridge":false,"osm_id":144530756},"geometry":{"type":"LineString","coordinates":[[3.364697,6.438131],[3.364951,6.438224],[3.365123,6.438356]]}},{"type":"Feature","properties":{"highway":"secondary","name":"Warehouse Road","bridge":false,"osm_id":144530757},"geometry":{"type":"LineString","coordinates":[[3.364399,6.438214],[3.364363,6.43809],[3.364242,6.437943],[3.363436,6.437399]]}},{"type":"Feature","properties":{"highway":"secondary","name":"Warehouse Road","bridge":false,"osm_id":144530759},"geometry":{"type":"LineString","coordinates":[[3.365123,6.438356],[3.364872,6.438309],[3.36464,6.438342]]}},{"type":"Feature","properties":{"highway":"primary","name":"Apapa-Oworonshoki Expressway","bridge":true,"osm_id":144532292},"geometry":{"type":"LineString","coordinates":[[3.36715,6.435678],[3.367226,6.435703]]}},{"type":"Feature","properties":{"highway":"primary","name":"Apapa-Oworonshoki Expressway","bridge":false,"osm_id":5153329},"geometry":{"type":"LineString","coordinates":[[3.377946,6.441411],[3.377647,6.440993],[3.37743,6.44075],[3.373702,6.437984],[3.373281,6.437822],[3.36942,6.436557]]}},{"type":"Feature","properties":{"highway":"secondary","name":"Commercial Road","bridge":false,"osm_id":144530727},"geometry":{"type":"LineString","coordinates":[[3.372435,6.439143],[3.372513,6.439004],[3.372938,6.437563]]}},{"type":"Feature","properties":{"highway":"secondary","name":"Commercial Road","bridge":false,"osm_id":144530743},"geometry":{"type":"LineString","coordinates":[[3.373081,6.437617],[3.372675,6.438796],[3.372574,6.439208]]}},{"type":"Feature","properties":{"highway":"primary","name":"Apapa-Oworonshoki Expressway","bridge":false,"osm_id":144530746},"geometry":{"type":"LineString","coordinates":[[3.369458,6.436426],[3.372938,6.437563],[3.373586,6.4378],[3.373896,6.43795],[3.375942,6.439409],[3.377639,6.440666],[3.377929,6.440962],[3.37806,6.441136],[3.378232,6.441255]]}},{"type":"Feature","properties":{"highway":"primary","name":"Apapa-Oworonshoki Expressway","bridge":true,"osm_id":144530735},"geometry":{"type":"LineString","coordinates":[[3.369386,6.436402],[3.369458,6.436426]]}},{"type":"Feature","properties":{"highway":"primary","name":"Apapa-Oworonshoki Expressway","bridge":true,"osm_id":144530758},"geometry":{"type":"LineString","coordinates":[[3.36942,6.436557],[3.369343,6.436532]]}},{"type":"Feature","properties":{"highway":"tertiary","name":"","bridge":false,"osm_id":1529911856},"geometry":{"type":"LineString","coordinates":[[3.386436,6.424987],[3.386414,6.425444],[3.386464,6.426443],[3.386455,6.427373],[3.386542,6.428082],[3.386329,6.430811],[3.386414,6.431472]]}},{"type":"Feature","properties":{"highway":"trunk","name":"Ahmadu Bello Way","bridge":false,"osm_id":5150134},"geometry":{"type":"LineString","coordinates":[[3.404032,6.440111],[3.40472,6.439687],[3.406939,6.438173]]}},{"type":"Feature","properties":{"highway":"trunk_link","name":"","bridge":false,"osm_id":133790490},"geometry":{"type":"LineString","coordinates":[[3.407756,6.437036],[3.407814,6.437002],[3.407879,6.436901],[3.408144,6.436275],[3.408455,6.435328],[3.408591,6.434769],[3.408667,6.434639]]}},{"type":"Feature","properties":{"highway":"trunk","name":"Ahmadu Bello Way","bridge":true,"osm_id":133790491},"geometry":{"type":"LineString","coordinates":[[3.408492,6.435823],[3.408205,6.436607],[3.408039,6.436948],[3.407726,6.437477],[3.407379,6.437916],[3.407037,6.438218]]}},{"type":"Feature","properties":{"highway":"trunk","name":"","bridge":false,"osm_id":133790493},"geometry":{"type":"LineString","coordinates":[[3.40766,6.437303],[3.407645,6.437172],[3.407693,6.437081],[3.407756,6.437036],[3.407926,6.437038],[3.408011,6.437115],[3.408038,6.437204],[3.408021,6.437297],[3.40792,6.437397],[3.40779,6.437408],[3.40766,6.437303]]}},{"type":"Feature","properties":{"highway":"trunk_link","name":"","bridge":false,"osm_id":133790495},"geometry":{"type":"LineString","coordinates":[[3.407903,6.437403],[3.407629,6.437768],[3.407289,6.438108],[3.4061,6.438948],[3.40592,6.439]]}},{"type":"Feature","properties":{"highway":"trunk","name":"Ahmadu Bello Way","bridge":false,"osm_id":133790499},"geometry":{"type":"LineString","coordinates":[[3.407037,6.438218],[3.404134,6.440216]]}},{"type":"Feature","properties":{"highway":"trunk","name":"Ahmadu Bello Way","bridge":true,"osm_id":133790503},"geometry":{"type":"LineString","coordinates":[[3.406939,6.438173],[3.407335,6.437819],[3.407718,6.437326],[3.408067,6.43666],[3.408402,6.43579]]}},{"type":"Feature","properties":{"highway":"trunk_link","name":"","bridge":false,"osm_id":133790504},"geometry":{"type":"LineString","coordinates":[[3.40589,6.438876],[3.406014,6.438722],[3.407068,6.437959],[3.4075,6.437513],[3.407607,6.437364],[3.407643,6.437249]]}},{"type":"Feature","properties":{"highway":"motorway","name":"Apapa-Oworonshoki Expressway","bridge":false,"osm_id":95045695},"geometry":{"type":"LineString","coordinates":[[3.361868,6.439071],[3.361486,6.43928]]}},{"type":"Feature","properties":{"highway":"secondary","name":"","bridge":false,"osm_id":134170073},"geometry":{"type":"LineString","coordinates":[[3.361868,6.439071],[3.36156,6.43933],[3.360003,6.440224],[3.359802,6.440414]]}},{"type":"Feature","properties":{"highway":"tertiary","name":"","bridge":false,"osm_id":134170078},"geometry":{"type":"LineString","coordinates":[[3.359354,6.440524],[3.359186,6.44049],[3.359098,6.440517]]}},{"type":"Feature","properties":{"highway":"secondary","name":"Liverpool Road","bridge":false,"osm_id":134170082},"geometry":{"type":"LineString","coordinates":[[3.359712,6.440759],[3.359513,6.440586]]}},{"type":"Feature","properties":{"highway":"secondary","name":"Liverpool Road","bridge":false,"osm_id":134170083},"geometry":{"type":"LineString","coordinates":[[3.359738,6.440505],[3.359712,6.440759]]}},{"type":"Feature","properties":{"highway":"secondary","name":"","bridge":false,"osm_id":134170092},"geometry":{"type":"LineString","coordinates":[[3.35969,6.44005],[3.359978,6.439947],[3.361441,6.4391],[3.361832,6.438985]]}},{"type":"Feature","properties":{"highway":"motorway_link","name":"","bridge":false,"osm_id":134170093},"geometry":{"type":"LineString","coordinates":[[3.359039,6.439316],[3.359323,6.439848],[3.359482,6.440011]]}},{"type":"Feature","properties":{"highway":"motorway_link","name":"","bridge":false,"osm_id":134170097},"geometry":{"type":"LineString","coordinates":[[3.359243,6.440281],[3.359163,6.440066],[3.358848,6.439461]]}},{"type":"Feature","properties":{"highway":"tertiary","name":"","bridge":false,"osm_id":134170104},"geometry":{"type":"LineString","coordinates":[[3.359098,6.440517],[3.359124,6.440428],[3.359243,6.440308]]}},{"type":"Feature","properties":{"highway":"secondary","name":"Liverpool Roundabout","bridge":false,"osm_id":134170105},"geometry":{"type":"LineString","coordinates":[[3.359814,6.440211],[3.359826,6.440314],[3.359802,6.440414],[3.359738,6.440505],[3.35961,6.440577],[3.359513,6.440586],[3.359402,6.440555],[3.359314,6.440486],[3.359258,6.44039],[3.359243,6.440281],[3.35927,6.440174],[3.359335,6.440085],[3.359429,6.440026],[3.359536,6.440007],[3.359641,6.440026],[3.359731,6.440082],[3.359814,6.440211]]}},{"type":"Feature","properties":{"highway":"motorway","name":"Apapa-Oworonshoki Expressway","bridge":false,"osm_id":1432591020},"geometry":{"type":"LineString","coordinates":[[3.361439,6.439196],[3.361832,6.438985]]}},{"type":"Feature","properties":{"highway":"secondary","name":"Warehouse Road","bridge":true,"osm_id":144530737},"geometry":{"type":"LineString","coordinates":[[3.368409,6.439417],[3.368494,6.43944]]}},{"type":"Feature","properties":{"highway":"primary","name":"Apapa Road","bridge":false,"osm_id":133801174},"geometry":{"type":"LineString","coordinates":[[3.366624,6.453044],[3.367854,6.449735],[3.368125,6.449219],[3.368408,6.448857]]}},{"type":"Feature","properties":{"highway":"tertiary","name":"Wharf Road","bridge":false,"osm_id":133801180},"geometry":{"type":"LineString","coordinates":[[3.368787,6.449306],[3.368269,6.449879],[3.367961,6.45029],[3.367694,6.450787],[3.366695,6.453318]]}},{"type":"Feature","properties":{"highway":"primary","name":"Apapa Road","bridge":false,"osm_id":133801184},"geometry":{"type":"LineString","coordinates":[[3.368521,6.448932],[3.368162,6.449433],[3.367912,6.449925],[3.366708,6.453085]]}},{"type":"Feature","properties":{"highway":"primary_link","name":"","bridge":false,"osm_id":134170111},"geometry":{"type":"LineString","coordinates":[[3.367868,6.448612],[3.368443,6.448583],[3.368717,6.44853]]}},{"type":"Feature","properties":{"highway":"secondary","name":"Liverpool Road","bridge":false,"osm_id":144530723},"geometry":{"type":"LineString","coordinates":[[3.367868,6.448612],[3.367166,6.448732],[3.367016,6.448474],[3.366631,6.447575],[3.365794,6.445392],[3.365604,6.444974],[3.36547,6.444828],[3.365236,6.444702],[3.363866,6.444239],[3.361936,6.443642],[3.361229,6.443327],[3.36083,6.442978],[3.360586,6.442692],[3.360387,6.44237],[3.359712,6.440759]]}},{"type":"Feature","properties":{"highway":"secondary","name":"Warehouse Road","bridge":false,"osm_id":144530729},"geometry":{"type":"LineString","coordinates":[[3.368494,6.43944],[3.371562,6.440467]]}},{"type":"Feature","properties":{"highway":"tertiary","name":"","bridge":false,"osm_id":144840475},"geometry":{"type":"LineString","coordinates":[[3.366161,6.45381],[3.366725,6.452378],[3.366938,6.45174],[3.367217,6.451133]]}},{"type":"Feature","properties":{"highway":"primary","name":"Wharf Road","bridge":false,"osm_id":558848293},"geometry":{"type":"LineString","coordinates":[[3.370388,6.447657],[3.369253,6.448238],[3.368929,6.448503],[3.368521,6.448932]]}},{"type":"Feature","properties":{"highway":"primary","name":"Wharf Road","bridge":false,"osm_id":558848294},"geometry":{"type":"LineString","coordinates":[[3.368408,6.448857],[3.368717,6.44853],[3.368998,6.448291],[3.369345,6.448066],[3.370398,6.447541]]}},{"type":"Feature","properties":{"highway":"tertiary","name":"Wharf Road","bridge":false,"osm_id":642342911},"geometry":{"type":"LineString","coordinates":[[3.368408,6.448857],[3.368586,6.448959],[3.368787,6.449306]]}},{"type":"Feature","properties":{"highway":"primary_link","name":"","bridge":false,"osm_id":87249619},"geometry":{"type":"LineString","coordinates":[[3.367868,6.448612],[3.368218,6.448768],[3.368358,6.448916],[3.368411,6.449075]]}},{"type":"Feature","properties":{"highway":"tertiary","name":"Liverpool Road","bridge":false,"osm_id":134170113},"geometry":{"type":"LineString","coordinates":[[3.367922,6.44943],[3.368006,6.44922],[3.367995,6.448967],[3.367932,6.44883],[3.367802,6.448722],[3.36758,6.448647]]}},{"type":"Feature","properties":{"highway":"tertiary","name":"Park Lane","bridge":false,"osm_id":280413901},"geometry":{"type":"LineString","coordinates":[[3.362569,6.447813],[3.366176,6.446378]]}},{"type":"Feature","properties":{"highway":"primary_link","name":"","bridge":false,"osm_id":606892598},"geometry":{"type":"LineString","coordinates":[[3.367264,6.451293],[3.367217,6.451133]]}},{"type":"Feature","properties":{"highway":"primary_link","name":"","bridge":false,"osm_id":606892600},"geometry":{"type":"LineString","coordinates":[[3.368027,6.449379],[3.368006,6.44922]]}},{"type":"Feature","properties":{"highway":"tertiary","name":"","bridge":false,"osm_id":1222388841},"geometry":{"type":"LineString","coordinates":[[3.367217,6.451133],[3.367558,6.450255],[3.367922,6.44943]]}},{"type":"Feature","properties":{"highway":"primary_link","name":"","bridge":false,"osm_id":1550508043},"geometry":{"type":"LineString","coordinates":[[3.367484,6.451301],[3.3674,6.451269]]}},{"type":"Feature","properties":{"highway":"primary","name":"","bridge":false,"osm_id":133801177},"geometry":{"type":"LineString","coordinates":[[3.373504,6.443954],[3.373375,6.444119],[3.373275,6.444103],[3.373242,6.444068],[3.373232,6.443972],[3.373241,6.443738],[3.373358,6.443672],[3.373487,6.443702],[3.373504,6.443954]]}},{"type":"Feature","properties":{"highway":"secondary","name":"Warehouse Road","bridge":false,"osm_id":144530728},"geometry":{"type":"LineString","coordinates":[[3.371562,6.440467],[3.371857,6.440412]]}},{"type":"Feature","properties":{"highway":"secondary","name":"Commercial Road","bridge":false,"osm_id":144530733},"geometry":{"type":"LineString","coordinates":[[3.372525,6.439436],[3.372438,6.439588],[3.372164,6.440412]]}},{"type":"Feature","properties":{"highway":"secondary","name":"","bridge":false,"osm_id":144530734},"geometry":{"type":"LineString","coordinates":[[3.371841,6.440457],[3.371857,6.440412],[3.371931,6.440364],[3.372058,6.440349],[3.372116,6.440372],[3.372196,6.440466],[3.372201,6.440591],[3.372174,6.440646],[3.372076,6.440718],[3.371954,6.440717],[3.371836,6.440604],[3.371841,6.440457]]}},{"type":"Feature","properties":{"highway":"secondary","name":"","bridge":false,"osm_id":144530738},"geometry":{"type":"LineString","coordinates":[[3.372525,6.439436],[3.372473,6.439455],[3.372367,6.439436],[3.372293,6.439342],[3.372302,6.439234],[3.372382,6.439156],[3.37249,6.439149],[3.372574,6.439208],[3.372604,6.439311],[3.372525,6.439436]]}},{"type":"Feature","properties":{"highway":"secondary","name":"Commercial Road","bridge":false,"osm_id":144530745},"geometry":{"type":"LineString","coordinates":[[3.372174,6.440646],[3.372255,6.440945],[3.373199,6.443378],[3.373358,6.443672]]}},{"type":"Feature","properties":{"highway":"secondary","name":"Commercial Road","bridge":false,"osm_id":144530749},"geometry":{"type":"LineString","coordinates":[[3.373241,6.443738],[3.372691,6.442322],[3.372015,6.440728]]}},{"type":"Feature","properties":{"highway":"secondary","name":"Warehouse Road","bridge":false,"osm_id":144530753},"geometry":{"type":"LineString","coordinates":[[3.371836,6.440604],[3.371562,6.440467]]}},{"type":"Feature","properties":{"highway":"secondary","name":"Commercial Road","bridge":false,"osm_id":144530760},"geometry":{"type":"LineString","coordinates":[[3.372058,6.440349],[3.372268,6.439702],[3.372325,6.439401]]}},{"type":"Feature","properties":{"highway":"primary","name":"","bridge":false,"osm_id":133801185},"geometry":{"type":"LineString","coordinates":[[3.3781,6.441714],[3.377974,6.441618],[3.377939,6.441533],[3.377946,6.441411],[3.378028,6.441297],[3.378161,6.441248],[3.378232,6.441255],[3.378336,6.44131],[3.378384,6.44137],[3.378412,6.441518],[3.37839,6.441591],[3.378296,6.441692],[3.378169,6.441725],[3.3781,6.441714]]}},{"type":"Feature","properties":{"highway":"tertiary_link","name":"","bridge":true,"osm_id":133801681},"geometry":{"type":"LineString","coordinates":[[3.379465,6.442554],[3.380195,6.44007]]}},{"type":"Feature","properties":{"highway":"tertiary","name":"","bridge":false,"osm_id":133801684},"geometry":{"type":"LineString","coordinates":[[3.378336,6.44131],[3.378513,6.441399],[3.378782,6.441331]]}},{"type":"Feature","properties":{"highway":"tertiary_link","name":"","bridge":true,"osm_id":133801687},"geometry":{"type":"LineString","coordinates":[[3.380282,6.440073],[3.379554,6.442571]]}},{"type":"Feature","properties":{"highway":"tertiary_link","name":"","bridge":false,"osm_id":133801688},"geometry":{"type":"LineString","coordinates":[[3.380302,6.440862],[3.38099,6.440577],[3.3811,6.440482],[3.381179,6.440228],[3.381181,6.440094],[3.381131,6.439961],[3.381037,6.43984],[3.380903,6.43974],[3.380742,6.439719],[3.380592,6.43974],[3.38037,6.439872],[3.380282,6.440073]]}},{"type":"Feature","properties":{"highway":"tertiary_link","name":"","bridge":false,"osm_id":133801690},"geometry":{"type":"LineString","coordinates":[[3.379364,6.442806],[3.379525,6.442007],[3.379515,6.4419],[3.37945,6.441783],[3.379173,6.441448],[3.378939,6.441404]]}},{"type":"Feature","properties":{"highway":"tertiary_link","name":"","bridge":false,"osm_id":133801693},"geometry":{"type":"LineString","coordinates":[[3.380984,6.440793],[3.380248,6.441083],[3.379991,6.441328],[3.379652,6.442504],[3.379497,6.442768]]}},{"type":"Feature","properties":{"highway":"primary_link","name":"","bridge":false,"osm_id":587359854},"geometry":{"type":"LineString","coordinates":[[3.377553,6.441663],[3.377747,6.441451],[3.377779,6.441163]]}},{"type":"Feature","properties":{"highway":"tertiary","name":"","bridge":false,"osm_id":738901903},"geometry":{"type":"LineString","coordinates":[[3.378798,6.441463],[3.378513,6.441549],[3.378345,6.441654]]}},{"type":"Feature","properties":{"highway":"primary","name":"Wharf Road","bridge":false,"osm_id":133801170},"geometry":{"type":"LineString","coordinates":[[3.373375,6.444119],[3.372319,6.44639],[3.372183,6.446733],[3.372115,6.446827],[3.371936,6.446947],[3.370388,6.447657]]}},{"type":"Feature","properties":{"highway":"primary","name":"Wharf Road","bridge":false,"osm_id":133801172},"geometry":{"type":"LineString","coordinates":[[3.378038,6.441683],[3.377947,6.441671],[3.377723,6.441723],[3.373518,6.443903]]}},{"type":"Feature","properties":{"highway":"primary","name":"Wharf Road","bridge":false,"osm_id":133801175},"geometry":{"type":"LineString","coordinates":[[3.370398,6.447541],[3.371846,6.44687],[3.372175,6.446525],[3.373048,6.444664],[3.373195,6.444295],[3.373242,6.444068]]}},{"type":"Feature","properties":{"highway":"primary","name":"Wharf Road","bridge":false,"osm_id":133801181},"geometry":{"type":"LineString","coordinates":[[3.373487,6.443702],[3.373605,6.443731],[3.373682,6.443706],[3.376437,6.442224],[3.377762,6.441559],[3.377938,6.441441]]}},{"type":"Feature","properties":{"highway":"tertiary_link","name":"","bridge":false,"osm_id":133801682},"geometry":{"type":"LineString","coordinates":[[3.380195,6.44007],[3.38028,6.439878],[3.380431,6.439729],[3.38057,6.439665],[3.380742,6.439644],[3.38089,6.439662],[3.381702,6.440258],[3.38183,6.440306],[3.382065,6.4403]]}},{"type":"Feature","properties":{"highway":"tertiary","name":"","bridge":false,"osm_id":738901905},"geometry":{"type":"LineString","coordinates":[[3.378927,6.441284],[3.382065,6.4403],[3.383303,6.439943],[3.383774,6.439762],[3.384529,6.4394]]}},{"type":"Feature","properties":{"highway":"tertiary","name":"","bridge":false,"osm_id":738901916},"geometry":{"type":"LineString","coordinates":[[3.384614,6.43961],[3.383337,6.440051],[3.378939,6.441404]]}},{"type":"Feature","properties":{"highway":"secondary","name":"Malu Road","bridge":true,"osm_id":144838178},"geometry":{"type":"LineString","coordinates":[[3.356237,6.455221],[3.355962,6.455201]]}},{"type":"Feature","properties":{"highway":"secondary","name":"Malu Road","bridge":true,"osm_id":144838181},"geometry":{"type":"LineString","coordinates":[[3.355968,6.455103],[3.35625,6.45515]]}},{"type":"Feature","properties":{"highway":"secondary_link","name":"","bridge":false,"osm_id":587090412},"geometry":{"type":"LineString","coordinates":[[3.358026,6.455669],[3.358065,6.45558]]}},{"type":"Feature","properties":{"highway":"motorway","name":"Apapa Road","bridge":true,"osm_id":133795077},"geometry":{"type":"LineString","coordinates":[[3.366708,6.453085],[3.366148,6.454362],[3.365488,6.455723]]}},{"type":"Feature","properties":{"highway":"motorway","name":"Apapa Road","bridge":true,"osm_id":133800601},"geometry":{"type":"LineString","coordinates":[[3.366102,6.45424],[3.366624,6.453044]]}},{"type":"Feature","properties":{"highway":"motorway_link","name":"","bridge":false,"osm_id":133800609},"geometry":{"type":"LineString","coordinates":[[3.364343,6.456549],[3.364152,6.456413],[3.363933,6.456305],[3.363568,6.456211]]}},{"type":"Feature","properties":{"highway":"motorway_link","name":"","bridge":false,"osm_id":133800620},"geometry":{"type":"LineString","coordinates":[[3.363678,6.456152],[3.364281,6.45623],[3.364844,6.456429],[3.365249,6.456709],[3.365544,6.457022]]}},{"type":"Feature","properties":{"highway":"motorway_link","name":"","bridge":true,"osm_id":133800629},"geometry":{"type":"LineString","coordinates":[[3.364349,6.458451],[3.36453,6.457057],[3.364495,6.456815],[3.364343,6.456549]]}},{"type":"Feature","properties":{"highway":"motorway_link","name":"","bridge":false,"osm_id":133800630},"geometry":{"type":"LineString","coordinates":[[3.365015,6.458387],[3.365244,6.458427],[3.365413,6.458393],[3.365565,6.458284],[3.365662,6.458166],[3.365719,6.458041],[3.36576,6.457783],[3.365717,6.4575],[3.365476,6.457068],[3.365175,6.456746],[3.365023,6.456627],[3.36466,6.456421],[3.364202,6.456282],[3.363568,6.456211]]}},{"type":"Feature","properties":{"highway":"motorway_link","name":"","bridge":true,"osm_id":133800631},"geometry":{"type":"LineString","coordinates":[[3.364998,6.456785],[3.364752,6.457705],[3.364726,6.457938],[3.364744,6.458054],[3.364843,6.458252],[3.365015,6.458387]]}},{"type":"Feature","properties":{"highway":"motorway_link","name":"","bridge":true,"osm_id":133801176},"geometry":{"type":"LineString","coordinates":[[3.365286,6.455599],[3.366102,6.45424]]}},{"type":"Feature","properties":{"highway":"motorway_link","name":"","bridge":true,"osm_id":133801183},"geometry":{"type":"LineString","coordinates":[[3.365069,6.456329],[3.365041,6.456202],[3.365063,6.456044],[3.365286,6.455599]]}},{"type":"Feature","properties":{"highway":"motorway_link","name":"","bridge":true,"osm_id":133801187},"geometry":{"type":"LineString","coordinates":[[3.364294,6.456094],[3.364624,6.456058],[3.364886,6.455958],[3.365274,6.455614]]}},{"type":"Feature","properties":{"highway":"tertiary","name":"","bridge":false,"osm_id":144840449},"geometry":{"type":"LineString","coordinates":[[3.366019,6.454966],[3.365315,6.456313],[3.36528,6.456474],[3.36531,6.456648]]}},{"type":"Feature","properties":{"highway":"tertiary","name":"","bridge":false,"osm_id":144840450},"geometry":{"type":"LineString","coordinates":[[3.36578,6.4545],[3.366161,6.45381]]}},{"type":"Feature","properties":{"highway":"tertiary","name":"","bridge":false,"osm_id":144840471},"geometry":{"type":"LineString","coordinates":[[3.363948,6.456126],[3.364248,6.456031],[3.364402,6.455914],[3.365338,6.455054],[3.365605,6.454769],[3.36578,6.4545]]}},{"type":"Feature","properties":{"highway":"tertiary","name":"","bridge":false,"osm_id":144840489},"geometry":{"type":"LineString","coordinates":[[3.366695,6.453318],[3.366483,6.453902],[3.366019,6.454966]]}},{"type":"Feature","properties":{"highway":"secondary_link","name":"","bridge":false,"osm_id":587090413},"geometry":{"type":"LineString","coordinates":[[3.362209,6.456143],[3.362208,6.456052]]}},{"type":"Feature","properties":{"highway":"tertiary_link","name":"","bridge":false,"osm_id":642340874},"geometry":{"type":"LineString","coordinates":[[3.366483,6.453902],[3.366369,6.453938],[3.366298,6.453921],[3.366161,6.45381]]}},{"type":"Feature","properties":{"highway":"tertiary_link","name":"","bridge":false,"osm_id":642340876},"geometry":{"type":"LineString","coordinates":[[3.36578,6.4545],[3.365956,6.45447],[3.366124,6.454546],[3.366184,6.45461]]}},{"type":"Feature","properties":{"highway":"motorway","name":"Apapa Road","bridge":true,"osm_id":642340877},"geometry":{"type":"LineString","coordinates":[[3.365402,6.455699],[3.366102,6.45424]]}},{"type":"Feature","properties":{"highway":"motorway","name":"Apapa Road","bridge":true,"osm_id":642340880},"geometry":{"type":"LineString","coordinates":[[3.365488,6.455723],[3.364998,6.456785]]}},{"type":"Feature","properties":{"highway":"secondary","name":"Malu Road","bridge":false,"osm_id":1222388842},"geometry":{"type":"LineString","coordinates":[[3.362258,6.456055],[3.363678,6.456152]]}},{"type":"Feature","properties":{"highway":"secondary","name":"Malu Road","bridge":false,"osm_id":1222389916},"geometry":{"type":"LineString","coordinates":[[3.363678,6.456152],[3.363948,6.456126]]}},{"type":"Feature","properties":{"highway":"motorway_link","name":"","bridge":false,"osm_id":1547854094},"geometry":{"type":"LineString","coordinates":[[3.36531,6.456648],[3.365069,6.456329]]}},{"type":"Feature","properties":{"highway":"motorway_link","name":"","bridge":false,"osm_id":1547854095},"geometry":{"type":"LineString","coordinates":[[3.363948,6.456126],[3.364295,6.456094]]}},{"type":"Feature","properties":{"highway":"motorway","name":"Apapa Road","bridge":true,"osm_id":133795062},"geometry":{"type":"LineString","coordinates":[[3.363048,6.470622],[3.363705,6.466986],[3.364,6.465118],[3.364067,6.463228],[3.364115,6.46283],[3.364198,6.459803],[3.364261,6.458959],[3.364349,6.458451],[3.364449,6.458062],[3.364738,6.457138],[3.364923,6.456678],[3.365402,6.455699]]}},{"type":"Feature","properties":{"highway":"motorway","name":"Apapa Road","bridge":true,"osm_id":133800599},"geometry":{"type":"LineString","coordinates":[[3.364998,6.456785],[3.364688,6.457554],[3.364466,6.458343],[3.364395,6.458693],[3.364317,6.459384],[3.364301,6.459825],[3.364265,6.462321]]}},{"type":"Feature","properties":{"highway":"motorway_link","name":"","bridge":true,"osm_id":133800602},"geometry":{"type":"LineString","coordinates":[[3.365544,6.457022],[3.365719,6.457288],[3.365812,6.457533],[3.36584,6.457833],[3.36576,6.458178],[3.365679,6.458338],[3.365462,6.458606],[3.364854,6.459057],[3.364533,6.459394],[3.36437,6.459793],[3.364293,6.460481]]}},{"type":"Feature","properties":{"highway":"tertiary","name":"","bridge":false,"osm_id":133800612},"geometry":{"type":"LineString","coordinates":[[3.364045,6.459857],[3.363947,6.457934],[3.364103,6.456817],[3.364079,6.456651],[3.36401,6.456503],[3.363888,6.456388],[3.363685,6.456295],[3.362252,6.456203],[3.361822,6.456123]]}},{"type":"Feature","properties":{"highway":"motorway_link","name":"","bridge":true,"osm_id":133800624},"geometry":{"type":"LineString","coordinates":[[3.363913,6.465221],[3.363969,6.463932],[3.364067,6.463228]]}},{"type":"Feature","properties":{"highway":"secondary","name":"Malu Road","bridge":false,"osm_id":133801186},"geometry":{"type":"LineString","coordinates":[[3.363568,6.456211],[3.359233,6.455988],[3.358592,6.45585],[3.357249,6.4554],[3.356675,6.455274],[3.356237,6.455221]]}},{"type":"Feature","properties":{"highway":"secondary","name":"Malu Road","bridge":false,"osm_id":144838173},"geometry":{"type":"LineString","coordinates":[[3.35625,6.45515],[3.357187,6.455294],[3.358372,6.455693],[3.359031,6.455874],[3.362258,6.456055]]}},{"type":"Feature","properties":{"highway":"motorway_link","name":"","bridge":false,"osm_id":215649058},"geometry":{"type":"LineString","coordinates":[[3.365015,6.458387],[3.365626,6.458724]]}},{"type":"Feature","properties":{"highway":"motorway","name":"Apapa Road","bridge":true,"osm_id":264916643},"geometry":{"type":"LineString","coordinates":[[3.364265,6.462321],[3.364173,6.464964],[3.364016,6.466015]]}},{"type":"Feature","properties":{"highway":"primary","name":"","bridge":false,"osm_id":264916671},"geometry":{"type":"LineString","coordinates":[[3.364285,6.465077],[3.364013,6.466634],[3.3638,6.468151],[3.3634,6.470001],[3.36316,6.471292],[3.363125,6.471813],[3.363147,6.472626],[3.3632,6.472948],[3.363322,6.473363],[3.363703,6.474264]]}},{"type":"Feature","properties":{"highway":"primary","name":"","bridge":false,"osm_id":264916675},"geometry":{"type":"LineString","coordinates":[[3.364478,6.45986],[3.364605,6.459823],[3.364904,6.459648],[3.365271,6.459284],[3.365516,6.458932],[3.365626,6.458724],[3.365855,6.458124],[3.365911,6.457734],[3.365861,6.457406],[3.365716,6.45713],[3.36531,6.456648]]}},{"type":"Feature","properties":{"highway":"primary","name":"","bridge":false,"osm_id":1545148119},"geometry":{"type":"LineString","coordinates":[[3.363806,6.465774],[3.363919,6.46409],[3.364045,6.459857]]}},{"type":"Feature","properties":{"highway":"primary","name":"","bridge":false,"osm_id":133799111},"geometry":{"type":"LineString","coordinates":[[3.364478,6.45986],[3.364473,6.460584]]}},{"type":"Feature","properties":{"highway":"motorway_link","name":"","bridge":true,"osm_id":133800607},"geometry":{"type":"LineString","coordinates":[[3.364259,6.462916],[3.364301,6.463466],[3.364265,6.464198]]}},{"type":"Feature","properties":{"highway":"motorway_link","name":"","bridge":false,"osm_id":133800608},"geometry":{"type":"LineString","coordinates":[[3.364091,6.461105],[3.364019,6.460528]]}},{"type":"Feature","properties":{"highway":"primary","name":"","bridge":false,"osm_id":133800610},"geometry":{"type":"LineString","coordinates":[[3.364045,6.459857],[3.364478,6.45986]]}},{"type":"Feature","properties":{"highway":"motorway_link","name":"","bridge":true,"osm_id":133800614},"geometry":{"type":"LineString","coordinates":[[3.364115,6.46283],[3.364072,6.46232],[3.364091,6.461105]]}},{"type":"Feature","properties":{"highway":"motorway_link","name":"","bridge":true,"osm_id":133800618},"geometry":{"type":"LineString","coordinates":[[3.3644,6.461128],[3.364352,6.462237],[3.364265,6.462321]]}},{"type":"Feature","properties":{"highway":"motorway_link","name":"","bridge":false,"osm_id":133800623},"geometry":{"type":"LineString","coordinates":[[3.364473,6.460584],[3.3644,6.461127]]}},{"type":"Feature","properties":{"highway":"motorway_link","name":"","bridge":false,"osm_id":133800628},"geometry":{"type":"LineString","coordinates":[[3.364265,6.464198],[3.364285,6.465077]]}},{"type":"Feature","properties":{"highway":"primary","name":"","bridge":false,"osm_id":1415415219},"geometry":{"type":"LineString","coordinates":[[3.364473,6.460584],[3.36447,6.461466]]}},{"type":"Feature","properties":{"highway":"primary","name":"","bridge":true,"osm_id":1415415220},"geometry":{"type":"LineString","coordinates":[[3.36447,6.461466],[3.364416,6.46418]]}},{"type":"Feature","properties":{"highway":"primary","name":"","bridge":false,"osm_id":1545148031},"geometry":{"type":"LineString","coordinates":[[3.364416,6.46418],[3.364285,6.465077]]}},{"type":"Feature","properties":{"highway":"primary","name":"Adeniji Adele Road","bridge":false,"osm_id":88260970},"geometry":{"type":"LineString","coordinates":[[3.381737,6.45514],[3.381671,6.45506],[3.381527,6.455016],[3.381385,6.455051],[3.381326,6.455097],[3.380977,6.455517],[3.380592,6.456095],[3.380482,6.456306],[3.380268,6.456812],[3.380148,6.457248],[3.380104,6.457473],[3.38,6.458758]]}},{"type":"Feature","properties":{"highway":"motorway_link","name":"New Marina Road","bridge":false,"osm_id":133761008},"geometry":{"type":"LineString","coordinates":[[3.381024,6.45519],[3.38113,6.455011],[3.381347,6.454741],[3.381936,6.454152],[3.382541,6.45364],[3.383203,6.453183],[3.383707,6.452932],[3.38403,6.452822]]}},{"type":"Feature","properties":{"highway":"motorway_link","name":"","bridge":true,"osm_id":133772449},"geometry":{"type":"LineString","coordinates":[[3.381924,6.461623],[3.382102,6.461049],[3.382078,6.460808],[3.382025,6.460671],[3.381879,6.460517],[3.381624,6.460385],[3.381394,6.460354],[3.381132,6.460397]]}},{"type":"Feature","properties":{"highway":"motorway_link","name":"","bridge":false,"osm_id":133772477},"geometry":{"type":"LineString","coordinates":[[3.380037,6.458491],[3.380145,6.459432],[3.380357,6.460126],[3.380448,6.460327],[3.380514,6.460402],[3.380568,6.460443],[3.380745,6.460466],[3.381224,6.46029],[3.381354,6.460273],[3.381659,6.46032]]}},{"type":"Feature","properties":{"highway":"primary","name":"Adeniji Adele Road","bridge":false,"osm_id":328558526},"geometry":{"type":"LineString","coordinates":[[3.383083,6.462802],[3.38202,6.46241],[3.381732,6.462272],[3.381206,6.461968],[3.380874,6.461687],[3.380726,6.461531],[3.38042,6.461024],[3.380008,6.4598],[3.379924,6.459375],[3.379894,6.458856],[3.379932,6.45816],[3.380031,6.457321],[3.380132,6.456934],[3.380358,6.456325],[3.380695,6.455691],[3.381024,6.45519]]}},{"type":"Feature","properties":{"highway":"primary","name":"Marina Road","bridge":false,"osm_id":328558542},"geometry":{"type":"LineString","coordinates":[[3.381024,6.45519],[3.381313,6.454935],[3.381641,6.454705],[3.381957,6.454607]]}},{"type":"Feature","properties":{"highway":"primary","name":"Broad Street","bridge":false,"osm_id":328558543},"geometry":{"type":"LineString","coordinates":[[3.388713,6.454074],[3.388006,6.454305],[3.386588,6.455017],[3.384976,6.455404],[3.384213,6.455549],[3.383674,6.455758],[3.383193,6.455995],[3.381726,6.456518],[3.381431,6.456728],[3.38094,6.457222],[3.380648,6.457568],[3.380054,6.458082]]}},{"type":"Feature","properties":{"highway":"primary","name":"F264","bridge":false,"osm_id":559174571},"geometry":{"type":"LineString","coordinates":[[3.381104,6.461796],[3.381863,6.462221],[3.38235,6.462399]]}},{"type":"Feature","properties":{"highway":"primary","name":"Adeniji Adele Road","bridge":true,"osm_id":133766190},"geometry":{"type":"LineString","coordinates":[[3.38,6.458758],[3.380052,6.459402],[3.380171,6.459889],[3.380624,6.461128],[3.380894,6.461594],[3.381104,6.461796]]}},{"type":"Feature","properties":{"highway":"motorway_link","name":"","bridge":false,"osm_id":133772451},"geometry":{"type":"LineString","coordinates":[[3.381132,6.460397],[3.380919,6.460484],[3.380792,6.460678],[3.380754,6.460793],[3.38073,6.461071],[3.380795,6.461277],[3.380931,6.4615],[3.381454,6.462]]}},{"type":"Feature","properties":{"highway":"motorway_link","name":"","bridge":false,"osm_id":133772467},"geometry":{"type":"LineString","coordinates":[[3.380919,6.460484],[3.38055,6.460594],[3.380454,6.460589],[3.380279,6.460482],[3.380178,6.460353]]}},{"type":"Feature","properties":{"highway":"motorway_link","name":"","bridge":false,"osm_id":559174567},"geometry":{"type":"LineString","coordinates":[[3.380393,6.460952],[3.38045,6.460852],[3.380499,6.460822],[3.380574,6.460828],[3.38073,6.461071]]}},{"type":"Feature","properties":{"highway":"secondary","name":"Igbosere Road","bridge":false,"osm_id":129556772},"geometry":{"type":"LineString","coordinates":[[3.394172,6.452134],[3.394254,6.452073],[3.395294,6.451754],[3.396429,6.451472],[3.399843,6.450486],[3.401574,6.450096],[3.402676,6.449762]]}},{"type":"Feature","properties":{"highway":"motorway","name":"New Marina Road","bridge":false,"osm_id":133755474},"geometry":{"type":"LineString","coordinates":[[3.38403,6.452822],[3.385286,6.452223],[3.388343,6.450573],[3.390903,6.449032],[3.392618,6.44793],[3.397375,6.444676],[3.399004,6.4435]]}},{"type":"Feature","properties":{"highway":"secondary","name":"Odunlami Street","bridge":false,"osm_id":133761028},"geometry":{"type":"LineString","coordinates":[[3.389703,6.450806],[3.389734,6.45086],[3.390714,6.451706],[3.391486,6.452099],[3.393938,6.452454]]}},{"type":"Feature","properties":{"highway":"primary","name":"Old Marina Street","bridge":false,"osm_id":215113163},"geometry":{"type":"LineString","coordinates":[[3.382976,6.455271],[3.384724,6.454153],[3.38572,6.453562],[3.385949,6.45337],[3.386787,6.452799],[3.388162,6.451787],[3.389703,6.450806],[3.390071,6.450602],[3.392275,6.44955],[3.393994,6.448544],[3.396208,6.447088],[3.397322,6.44623],[3.397642,6.445895]]}},{"type":"Feature","properties":{"highway":"motorway","name":"New Marina Road","bridge":true,"osm_id":215118923},"geometry":{"type":"LineString","coordinates":[[3.402657,6.441571],[3.40244,6.441547],[3.402006,6.441592],[3.401534,6.44173],[3.401129,6.441939],[3.400804,6.442172],[3.400157,6.442837],[3.399579,6.443337],[3.39486,6.446652],[3.391944,6.44863],[3.389138,6.45031],[3.384206,6.453045]]}},{"type":"Feature","properties":{"highway":"secondary","name":"Bamgboshe Street","bridge":false,"osm_id":740626972},"geometry":{"type":"LineString","coordinates":[[3.400069,6.451302],[3.399511,6.45136],[3.399285,6.451413],[3.398103,6.45184],[3.397286,6.452034],[3.394409,6.452546],[3.393825,6.452716],[3.392933,6.452845],[3.391848,6.453183],[3.390754,6.453834],[3.390275,6.453988],[3.389967,6.454017]]}},{"type":"Feature","properties":{"highway":"primary","name":"Broad Street","bridge":false,"osm_id":762582690},"geometry":{"type":"LineString","coordinates":[[3.398345,6.446912],[3.396678,6.44815],[3.395766,6.4486],[3.394437,6.449416],[3.392119,6.45076],[3.390714,6.451706],[3.389847,6.453393]]}},{"type":"Feature","properties":{"highway":"motorway_link","name":"","bridge":true,"osm_id":133761004},"geometry":{"type":"LineString","coordinates":[[3.391944,6.44863],[3.390843,6.449421],[3.389694,6.450112]]}},{"type":"Feature","properties":{"highway":"motorway_link","name":"","bridge":false,"osm_id":133761011},"geometry":{"type":"LineString","coordinates":[[3.389694,6.450112],[3.389512,6.450251],[3.389456,6.450367],[3.389462,6.450511],[3.389527,6.450687]]}},{"type":"Feature","properties":{"highway":"motorway_link","name":"","bridge":false,"osm_id":133761013},"geometry":{"type":"LineString","coordinates":[[3.389527,6.450687],[3.389703,6.450806]]}},{"type":"Feature","properties":{"highway":"motorway_link","name":"","bridge":false,"osm_id":133761023},"geometry":{"type":"LineString","coordinates":[[3.388343,6.450573],[3.388556,6.450504],[3.388871,6.450353],[3.388993,6.450339],[3.389194,6.450424],[3.389527,6.450687]]}},{"type":"Feature","properties":{"highway":"motorway_link","name":"","bridge":false,"osm_id":93858657},"geometry":{"type":"LineString","coordinates":[[3.400899,6.442638],[3.400594,6.443064]]}},{"type":"Feature","properties":{"highway":"motorway_link","name":"","bridge":false,"osm_id":215113166},"geometry":{"type":"LineString","coordinates":[[3.399189,6.443394],[3.399331,6.443344],[3.399642,6.443169],[3.39979,6.44316],[3.399976,6.443231],[3.400197,6.443451]]}},{"type":"Feature","properties":{"highway":"trunk_link","name":"","bridge":false,"osm_id":234853304},"geometry":{"type":"LineString","coordinates":[[3.400419,6.443239],[3.400256,6.443265],[3.400175,6.443217]]}},{"type":"Feature","properties":{"highway":"motorway_link","name":"","bridge":false,"osm_id":538086577},"geometry":{"type":"LineString","coordinates":[[3.400175,6.443217],[3.399947,6.443128],[3.399878,6.443071],[3.399845,6.442941],[3.399885,6.442857]]}},{"type":"Feature","properties":{"highway":"primary","name":"Old Marina Street","bridge":false,"osm_id":1067200367},"geometry":{"type":"LineString","coordinates":[[3.400419,6.443239],[3.400197,6.443451]]}},{"type":"Feature","properties":{"highway":"primary","name":"Old Marina Street","bridge":false,"osm_id":1067200368},"geometry":{"type":"LineString","coordinates":[[3.400594,6.443064],[3.400419,6.443239]]}},{"type":"Feature","properties":{"highway":"motorway","name":"New Marina Road","bridge":false,"osm_id":1323096801},"geometry":{"type":"LineString","coordinates":[[3.399189,6.443394],[3.399581,6.443128],[3.400303,6.442447]]}},{"type":"Feature","properties":{"highway":"motorway","name":"New Marina Road","bridge":false,"osm_id":1323096802},"geometry":{"type":"LineString","coordinates":[[3.399004,6.4435],[3.399189,6.443394]]}},{"type":"Feature","properties":{"highway":"trunk","name":"Ahmadu Bello Way","bridge":true,"osm_id":93858642},"geometry":{"type":"LineString","coordinates":[[3.404134,6.440216],[3.402606,6.441275]]}},{"type":"Feature","properties":{"highway":"trunk","name":"Ahmadu Bello Way","bridge":true,"osm_id":93858659},"geometry":{"type":"LineString","coordinates":[[3.402389,6.441102],[3.404032,6.440111]]}},{"type":"Feature","properties":{"highway":"trunk","name":"Ahmadu Bello Way","bridge":false,"osm_id":93858661},"geometry":{"type":"LineString","coordinates":[[3.402606,6.441275],[3.402061,6.441598],[3.401602,6.441822]]}},{"type":"Feature","properties":{"highway":"secondary","name":"Awolowo Road","bridge":false,"osm_id":133753446},"geometry":{"type":"LineString","coordinates":[[3.404133,6.443586],[3.404308,6.443663],[3.405047,6.443782],[3.405751,6.444104],[3.406131,6.444192]]}},{"type":"Feature","properties":{"highway":"secondary","name":"Awolowo Road","bridge":false,"osm_id":133753447},"geometry":{"type":"LineString","coordinates":[[3.403439,6.443677],[3.403065,6.443756],[3.4026,6.443968],[3.40214,6.44429],[3.401823,6.444592]]}},{"type":"Feature","properties":{"highway":"motorway_link","name":"","bridge":false,"osm_id":133755471},"geometry":{"type":"LineString","coordinates":[[3.405506,6.444119],[3.404931,6.443837],[3.404747,6.443773]]}},{"type":"Feature","properties":{"highway":"motorway_link","name":"","bridge":false,"osm_id":133755472},"geometry":{"type":"LineString","coordinates":[[3.40631,6.443901],[3.406395,6.444037],[3.406551,6.444164],[3.406927,6.444266]]}},{"type":"Feature","properties":{"highway":"motorway_link","name":"","bridge":true,"osm_id":133755473},"geometry":{"type":"LineString","coordinates":[[3.404237,6.442011],[3.404716,6.442252],[3.40515,6.442575],[3.405716,6.443148],[3.40631,6.443901]]}},{"type":"Feature","properties":{"highway":"secondary","name":"Onikan Road","bridge":false,"osm_id":133758770},"geometry":{"type":"LineString","coordinates":[[3.402486,6.441852],[3.40228,6.441683],[3.402151,6.441666]]}},{"type":"Feature","properties":{"highway":"primary","name":"","bridge":false,"osm_id":133758772},"geometry":{"type":"LineString","coordinates":[[3.402606,6.441275],[3.402151,6.441666]]}},{"type":"Feature","properties":{"highway":"secondary","name":"Onikan Road","bridge":false,"osm_id":133758774},"geometry":{"type":"LineString","coordinates":[[3.402487,6.441852],[3.403705,6.443232]]}},{"type":"Feature","properties":{"highway":"primary_link","name":"","bridge":false,"osm_id":215113170},"geometry":{"type":"LineString","coordinates":[[3.402465,6.441403],[3.402383,6.44158],[3.402486,6.441852]]}},{"type":"Feature","properties":{"highway":"secondary","name":"","bridge":false,"osm_id":215573633},"geometry":{"type":"LineString","coordinates":[[3.403439,6.443677],[3.403719,6.443551]]}},{"type":"Feature","properties":{"highway":"secondary","name":"","bridge":false,"osm_id":215573635},"geometry":{"type":"LineString","coordinates":[[3.403732,6.443535],[3.403737,6.443348],[3.403705,6.443232]]}},{"type":"Feature","properties":{"highway":"secondary","name":"","bridge":false,"osm_id":215573637},"geometry":{"type":"LineString","coordinates":[[3.403705,6.443232],[3.40394,6.443484]]}},{"type":"Feature","properties":{"highway":"secondary","name":"","bridge":false,"osm_id":215573638},"geometry":{"type":"LineString","coordinates":[[3.403782,6.443772],[3.403439,6.443677]]}},{"type":"Feature","properties":{"highway":"secondary","name":"","bridge":false,"osm_id":215573640},"geometry":{"type":"LineString","coordinates":[[3.404035,6.443521],[3.404133,6.443586],[3.404199,6.443673],[3.40421,6.44373],[3.404173,6.443786],[3.404085,6.443823],[3.403923,6.443818],[3.403782,6.443772],[3.403728,6.443719],[3.403709,6.443612],[3.403732,6.443535],[3.403858,6.44348],[3.404035,6.443521]]}},{"type":"Feature","properties":{"highway":"secondary","name":"Awolowo Road","bridge":true,"osm_id":598412510},"geometry":{"type":"LineString","coordinates":[[3.406131,6.444192],[3.406475,6.444216]]}},{"type":"Feature","properties":{"highway":"secondary","name":"Awolowo Road","bridge":false,"osm_id":598412511},"geometry":{"type":"LineString","coordinates":[[3.406177,6.444253],[3.405677,6.444137],[3.404932,6.443805],[3.40421,6.44373]]}},{"type":"Feature","properties":{"highway":"secondary","name":"Awolowo Road","bridge":true,"osm_id":598412512},"geometry":{"type":"LineString","coordinates":[[3.406523,6.444282],[3.406177,6.444253]]}},{"type":"Feature","properties":{"highway":"secondary","name":"Awolowo Road","bridge":false,"osm_id":832537712},"geometry":{"type":"LineString","coordinates":[[3.401823,6.444592],[3.401592,6.444823]]}},{"type":"Feature","properties":{"highway":"trunk","name":"Ahmadu Bello Way","bridge":false,"osm_id":1067200369},"geometry":{"type":"LineString","coordinates":[[3.401484,6.441486],[3.402101,6.441254],[3.402389,6.441102]]}},{"type":"Feature","properties":{"highway":"primary","name":"Tafawa Balewa Square","bridge":false,"osm_id":10561261},"geometry":{"type":"LineString","coordinates":[[3.401592,6.444823],[3.400978,6.445382],[3.40053,6.445845],[3.400169,6.446403],[3.399534,6.447071],[3.399072,6.447336]]}},{"type":"Feature","properties":{"highway":"primary","name":"Force Road","bridge":false,"osm_id":10561279},"geometry":{"type":"LineString","coordinates":[[3.400197,6.443451],[3.401592,6.444823]]}},{"type":"Feature","properties":{"highway":"motorway","name":"Ring Road","bridge":true,"osm_id":16369732},"geometry":{"type":"LineString","coordinates":[[3.408396,6.452938],[3.408001,6.450689],[3.407201,6.446508],[3.407109,6.446143],[3.406935,6.445631],[3.406542,6.444771],[3.406137,6.444063],[3.405833,6.443639],[3.405268,6.443005],[3.404954,6.442708],[3.404301,6.442215],[3.403666,6.441827],[3.403171,6.441644],[3.402657,6.441571]]}},{"type":"Feature","properties":{"highway":"primary","name":"Simpson Street","bridge":false,"osm_id":88274562},"geometry":{"type":"LineString","coordinates":[[3.401842,6.451098],[3.402886,6.454011]]}},{"type":"Feature","properties":{"highway":"motorway","name":"New Marina Road","bridge":true,"osm_id":93858646},"geometry":{"type":"LineString","coordinates":[[3.400303,6.442447],[3.400713,6.44206],[3.400921,6.441903],[3.401366,6.441659],[3.401618,6.441559],[3.4021,6.441441],[3.40257,6.44141],[3.402815,6.441432]]}},{"type":"Feature","properties":{"highway":"motorway_link","name":"","bridge":false,"osm_id":93858650},"geometry":{"type":"LineString","coordinates":[[3.397356,6.445496],[3.397234,6.445411],[3.39704,6.445358],[3.39691,6.445369],[3.396675,6.445463]]}},{"type":"Feature","properties":{"highway":"trunk","name":"Ahmadu Bello Way","bridge":true,"osm_id":93858656},"geometry":{"type":"LineString","coordinates":[[3.401602,6.441822],[3.401164,6.442043],[3.400861,6.442259],[3.400077,6.443045],[3.399684,6.443383],[3.398496,6.44415],[3.398256,6.444274]]}},{"type":"Feature","properties":{"highway":"motorway_link","name":"","bridge":true,"osm_id":93858662},"geometry":{"type":"LineString","coordinates":[[3.402657,6.441571],[3.402268,6.441617],[3.402086,6.441674],[3.401705,6.441875],[3.401236,6.442256],[3.400899,6.442638]]}},{"type":"Feature","properties":{"highway":"motorway_link","name":"","bridge":false,"osm_id":133753444},"geometry":{"type":"LineString","coordinates":[[3.408674,6.443956],[3.408285,6.444121],[3.407671,6.444306]]}},{"type":"Feature","properties":{"highway":"secondary","name":"Awolowo Road","bridge":false,"osm_id":133753445},"geometry":{"type":"LineString","coordinates":[[3.408674,6.443956],[3.407704,6.444241],[3.407398,6.444293],[3.406943,6.444331],[3.406523,6.444282]]}},{"type":"Feature","properties":{"highway":"motorway_link","name":"","bridge":true,"osm_id":133753452},"geometry":{"type":"LineString","coordinates":[[3.407002,6.445845],[3.40658,6.445013],[3.40623,6.444425],[3.40611,6.444337],[3.405506,6.444119]]}},{"type":"Feature","properties":{"highway":"trunk","name":"Ahmadu Bello Way","bridge":false,"osm_id":133755470},"geometry":{"type":"LineString","coordinates":[[3.399004,6.4435],[3.399681,6.442932],[3.400299,6.442297],[3.400678,6.441951],[3.401052,6.44169],[3.401484,6.441486]]}},{"type":"Feature","properties":{"highway":"motorway_link","name":"","bridge":true,"osm_id":133755475},"geometry":{"type":"LineString","coordinates":[[3.407671,6.444306],[3.407295,6.444373],[3.407148,6.444443],[3.407019,6.444575],[3.406951,6.444727],[3.406938,6.44486],[3.406997,6.445116],[3.407276,6.445836],[3.407326,6.446039],[3.407363,6.446237],[3.407356,6.446376]]}},{"type":"Feature","properties":{"highway":"motorway_link","name":"","bridge":true,"osm_id":133758771},"geometry":{"type":"LineString","coordinates":[[3.396675,6.445463],[3.39548,6.44629],[3.39486,6.446652]]}},{"type":"Feature","properties":{"highway":"primary","name":"Old Marina Street","bridge":false,"osm_id":133758773},"geometry":{"type":"LineString","coordinates":[[3.402151,6.441666],[3.400594,6.443064]]}},{"type":"Feature","properties":{"highway":"motorway_link","name":"","bridge":true,"osm_id":133781058},"geometry":{"type":"LineString","coordinates":[[3.408272,6.452209],[3.408119,6.451791],[3.407829,6.450242]]}},{"type":"Feature","properties":{"highway":"motorway_link","name":"","bridge":false,"osm_id":215118919},"geometry":{"type":"LineString","coordinates":[[3.397356,6.445496],[3.397203,6.445185],[3.397186,6.445093],[3.39725,6.444858],[3.397375,6.444676]]}},{"type":"Feature","properties":{"highway":"motorway","name":"Ring Road","bridge":true,"osm_id":215573636},"geometry":{"type":"LineString","coordinates":[[3.402815,6.441432],[3.403277,6.441543],[3.403734,6.441732],[3.404237,6.442011],[3.405098,6.44266],[3.405505,6.443056],[3.405919,6.44352],[3.406353,6.444128],[3.406745,6.444814],[3.407086,6.445557],[3.407356,6.446376],[3.408588,6.452919]]}},{"type":"Feature","properties":{"highway":"trunk_link","name":"","bridge":false,"osm_id":538086576},"geometry":{"type":"LineString","coordinates":[[3.400175,6.443217],[3.400104,6.443117],[3.400094,6.442983],[3.4004,6.44265],[3.400443,6.442402],[3.400801,6.442075],[3.40119,6.441815],[3.401484,6.441486]]}},{"type":"Feature","properties":{"highway":"primary_link","name":"","bridge":false,"osm_id":544228973},"geometry":{"type":"LineString","coordinates":[[3.401303,6.444541],[3.401344,6.444691],[3.401338,6.444833],[3.401265,6.44511]]}},{"type":"Feature","properties":{"highway":"secondary_link","name":"","bridge":false,"osm_id":544228974},"geometry":{"type":"LineString","coordinates":[[3.401303,6.444541],[3.401451,6.444584],[3.401823,6.444592]]}},{"type":"Feature","properties":{"highway":"secondary","name":"Obalende Road","bridge":true,"osm_id":598412505},"geometry":{"type":"LineString","coordinates":[[3.407723,6.449359],[3.407966,6.449346]]}},{"type":"Feature","properties":{"highway":"secondary","name":"Obalende Road","bridge":true,"osm_id":598412507},"geometry":{"type":"LineString","coordinates":[[3.408,6.449547],[3.407753,6.449541]]}},{"type":"Feature","properties":{"highway":"secondary","name":"Massey Bamgboshe Street","bridge":false,"osm_id":740626968},"geometry":{"type":"LineString","coordinates":[[3.403114,6.450769],[3.401842,6.451098],[3.400069,6.451302]]}},{"type":"Feature","properties":{"highway":"secondary","name":"Awolowo Road","bridge":false,"osm_id":1061543660},"geometry":{"type":"LineString","coordinates":[[3.406475,6.444216],[3.406927,6.444266],[3.407103,6.44426],[3.407592,6.444192],[3.40788,6.444123]]}},{"type":"Feature","properties":{"highway":"secondary","name":"Campbell Street","bridge":false,"osm_id":10561262},"geometry":{"type":"LineString","coordinates":[[3.398345,6.446912],[3.397642,6.445895]]}},{"type":"Feature","properties":{"highway":"motorway_link","name":"","bridge":false,"osm_id":93858644},"geometry":{"type":"LineString","coordinates":[[3.397642,6.445895],[3.397356,6.445496]]}},{"type":"Feature","properties":{"highway":"primary","name":"Tafawa Balewa Square","bridge":false,"osm_id":544228975},"geometry":{"type":"LineString","coordinates":[[3.399072,6.447336],[3.398838,6.447351],[3.398604,6.447285]]}},{"type":"Feature","properties":{"highway":"primary","name":"Campbell Street","bridge":false,"osm_id":1353974308},"geometry":{"type":"LineString","coordinates":[[3.398604,6.447285],[3.398345,6.446912]]}},{"type":"Feature","properties":{"highway":"secondary","name":"Massey Bamgboshe Street","bridge":false,"osm_id":88270781},"geometry":{"type":"LineString","coordinates":[[3.407074,6.449481],[3.40659,6.449649],[3.405456,6.45013],[3.404253,6.450497],[3.403114,6.450769]]}},{"type":"Feature","properties":{"highway":"motorway_link","name":"","bridge":true,"osm_id":133781048},"geometry":{"type":"LineString","coordinates":[[3.407547,6.448804],[3.407299,6.447391],[3.407287,6.447003]]}},{"type":"Feature","properties":{"highway":"motorway_link","name":"","bridge":false,"osm_id":133781054},"geometry":{"type":"LineString","coordinates":[[3.407428,6.449289],[3.407585,6.449078],[3.407547,6.448804]]}},{"type":"Feature","properties":{"highway":"motorway_link","name":"","bridge":false,"osm_id":133781061},"geometry":{"type":"LineString","coordinates":[[3.407829,6.450242],[3.407768,6.449898],[3.407701,6.44972],[3.407617,6.449622],[3.40744,6.449524]]}},{"type":"Feature","properties":{"highway":"secondary","name":"Obalende Road","bridge":false,"osm_id":215397527},"geometry":{"type":"LineString","coordinates":[[3.407455,6.449291],[3.407723,6.449359]]}},{"type":"Feature","properties":{"highway":"secondary","name":"Obalende Road","bridge":false,"osm_id":215397528},"geometry":{"type":"LineString","coordinates":[[3.407414,6.449513],[3.407074,6.449481]]}},{"type":"Feature","properties":{"highway":"secondary","name":"","bridge":false,"osm_id":215397529},"geometry":{"type":"LineString","coordinates":[[3.407157,6.449134],[3.407201,6.449254],[3.407192,6.449343],[3.407171,6.449417],[3.407074,6.449481]]}},{"type":"Feature","properties":{"highway":"secondary","name":"Obalende Road","bridge":false,"osm_id":215397531},"geometry":{"type":"LineString","coordinates":[[3.407157,6.449134],[3.407403,6.449298]]}},{"type":"Feature","properties":{"highway":"secondary","name":"Obalende Road","bridge":false,"osm_id":598412506},"geometry":{"type":"LineString","coordinates":[[3.407753,6.449541],[3.40744,6.449524],[3.407376,6.449487],[3.407342,6.449413],[3.407352,6.449346],[3.407403,6.449298],[3.407455,6.449291]]}},{"type":"Feature","properties":{"highway":"secondary","name":"Igbosere Road","bridge":false,"osm_id":740626971},"geometry":{"type":"LineString","coordinates":[[3.402676,6.449762],[3.403532,6.449526],[3.405997,6.448755],[3.406623,6.448618]]}},{"type":"Feature","properties":{"highway":"secondary","name":"Moloney Street","bridge":false,"osm_id":1353974311},"geometry":{"type":"LineString","coordinates":[[3.407157,6.449134],[3.406623,6.448618]]}},{"type":"Feature","properties":{"highway":"motorway","name":"Apogbon Bridge","bridge":true,"osm_id":10561241},"geometry":{"type":"LineString","coordinates":[[3.384206,6.453045],[3.383226,6.453536],[3.382794,6.453864],[3.382567,6.454097],[3.382386,6.454354],[3.382294,6.454521],[3.382139,6.454944],[3.382053,6.455428],[3.382042,6.455657],[3.382082,6.456033],[3.382148,6.456318],[3.382681,6.457772],[3.382761,6.458133]]}},{"type":"Feature","properties":{"highway":"motorway_link","name":"","bridge":false,"osm_id":133761005},"geometry":{"type":"LineString","coordinates":[[3.385063,6.453964],[3.384664,6.453015],[3.384644,6.452826],[3.384672,6.45273],[3.384763,6.452599],[3.385286,6.452223]]}},{"type":"Feature","properties":{"highway":"motorway_link","name":"New Marina Road","bridge":true,"osm_id":133761015},"geometry":{"type":"LineString","coordinates":[[3.384206,6.453045],[3.383861,6.45327],[3.383386,6.453513],[3.382991,6.45379]]}},{"type":"Feature","properties":{"highway":"motorway_link","name":"New Marina Road","bridge":false,"osm_id":133761017},"geometry":{"type":"LineString","coordinates":[[3.382991,6.45379],[3.382645,6.454151],[3.382427,6.454471],[3.38239,6.454572],[3.382419,6.454774]]}},{"type":"Feature","properties":{"highway":"primary","name":"Marina Roundabout","bridge":false,"osm_id":133761018},"geometry":{"type":"LineString","coordinates":[[3.381777,6.455206],[3.381706,6.455049],[3.381702,6.454903],[3.381749,6.45477],[3.381843,6.454671],[3.381957,6.454607],[3.382074,6.454582],[3.382207,6.45459],[3.382367,6.454699],[3.382459,6.454855],[3.382483,6.454969],[3.382411,6.455203],[3.382334,6.455296],[3.382196,6.455357],[3.382041,6.455363],[3.381893,6.45531],[3.381777,6.455206]]}},{"type":"Feature","properties":{"highway":"motorway","name":"A1-2","bridge":false,"osm_id":133761024},"geometry":{"type":"LineString","coordinates":[[3.383571,6.453123],[3.38403,6.452822]]}},{"type":"Feature","properties":{"highway":"motorway","name":"Apogbon Bridge","bridge":true,"osm_id":133764001},"geometry":{"type":"LineString","coordinates":[[3.38267,6.458152],[3.38253,6.457621],[3.382106,6.456474],[3.382016,6.456162],[3.381956,6.455754],[3.381988,6.455221],[3.382058,6.454912],[3.382172,6.454601],[3.3823,6.454348],[3.38248,6.454083],[3.382955,6.453562],[3.383571,6.453123]]}},{"type":"Feature","properties":{"highway":"secondary","name":"Old Marina Street","bridge":false,"osm_id":215113165},"geometry":{"type":"LineString","coordinates":[[3.38267,6.455428],[3.382976,6.455271]]}},{"type":"Feature","properties":{"highway":"secondary","name":"Old Marina Street","bridge":false,"osm_id":215113167},"geometry":{"type":"LineString","coordinates":[[3.38267,6.455428],[3.38262,6.455308],[3.382567,6.455257],[3.382483,6.455236],[3.382334,6.455296]]}},{"type":"Feature","properties":{"highway":"secondary","name":"Issa Williams Street","bridge":false,"osm_id":215113169},"geometry":{"type":"LineString","coordinates":[[3.382816,6.456139],[3.38267,6.455428]]}},{"type":"Feature","properties":{"highway":"primary","name":"Old Marina Street","bridge":false,"osm_id":215113171},"geometry":{"type":"LineString","coordinates":[[3.382483,6.454969],[3.382565,6.45515],[3.382682,6.455255],[3.382837,6.45529],[3.382976,6.455271]]}},{"type":"Feature","properties":{"highway":"secondary","name":"Balogun Street","bridge":false,"osm_id":215113173},"geometry":{"type":"LineString","coordinates":[[3.383674,6.455758],[3.383251,6.455108]]}},{"type":"Feature","properties":{"highway":"secondary","name":"Balogun Street","bridge":false,"osm_id":530737585},"geometry":{"type":"LineString","coordinates":[[3.384354,6.456699],[3.383957,6.456012],[3.383674,6.455758]]}},{"type":"Feature","properties":{"highway":"primary","name":"Broad Street","bridge":false,"osm_id":91328865},"geometry":{"type":"LineString","coordinates":[[3.389847,6.453393],[3.38964,6.453578],[3.389326,6.453645],[3.389238,6.453696],[3.38904,6.453912],[3.388713,6.454074]]}},{"type":"Feature","properties":{"highway":"secondary","name":"","bridge":false,"osm_id":280347365},"geometry":{"type":"LineString","coordinates":[[3.393938,6.452454],[3.394068,6.452342],[3.394172,6.452134]]}},{"type":"Feature","properties":{"highway":"tertiary","name":"Ali Street","bridge":false,"osm_id":530737593},"geometry":{"type":"LineString","coordinates":[[3.389967,6.454017],[3.38975,6.453928]]}},{"type":"Feature","properties":{"highway":"secondary","name":"Broad Street","bridge":false,"osm_id":1353974309},"geometry":{"type":"LineString","coordinates":[[3.389847,6.453393],[3.38975,6.453928]]}},{"type":"Feature","properties":{"highway":"secondary","name":"Broad Street","bridge":false,"osm_id":1353974310},"geometry":{"type":"LineString","coordinates":[[3.389188,6.454167],[3.388713,6.454074]]}},{"type":"Feature","properties":{"highway":"primary_link","name":"","bridge":true,"osm_id":5153487},"geometry":{"type":"LineString","coordinates":[[3.388436,6.465641],[3.387921,6.465546],[3.387598,6.465455],[3.386855,6.465163],[3.386601,6.465115],[3.38632,6.465129]]}},{"type":"Feature","properties":{"highway":"tertiary","name":"Martin Street","bridge":false,"osm_id":87805656},"geometry":{"type":"LineString","coordinates":[[3.386535,6.459015],[3.386499,6.458325],[3.386406,6.4577],[3.386316,6.457361],[3.385639,6.455246],[3.385063,6.453964]]}},{"type":"Feature","properties":{"highway":"secondary","name":"Carter Bridge","bridge":true,"osm_id":87805666},"geometry":{"type":"LineString","coordinates":[[3.386687,6.462833],[3.385713,6.465519]]}},{"type":"Feature","properties":{"highway":"primary","name":"Ring Road","bridge":false,"osm_id":88260945},"geometry":{"type":"LineString","coordinates":[[3.391835,6.465856],[3.392646,6.465728],[3.393308,6.46555],[3.394256,6.465146],[3.394766,6.464846],[3.395105,6.464616],[3.395685,6.464108],[3.395918,6.463774],[3.396197,6.46313]]}},{"type":"Feature","properties":{"highway":"motorway_link","name":"","bridge":false,"osm_id":88260959},"geometry":{"type":"LineString","coordinates":[[3.395418,6.464358],[3.395627,6.463964],[3.395678,6.463802],[3.39569,6.463612],[3.395655,6.463414],[3.395604,6.4633],[3.395458,6.463107],[3.395364,6.463023],[3.395144,6.462926],[3.394857,6.462909],[3.394549,6.463009],[3.394176,6.463236]]}},{"type":"Feature","properties":{"highway":"motorway_link","name":"","bridge":false,"osm_id":88683339},"geometry":{"type":"LineString","coordinates":[[3.39401,6.463115],[3.394266,6.462747],[3.394542,6.462248],[3.394655,6.46193],[3.39476,6.4615],[3.394779,6.461156],[3.394764,6.460963],[3.394667,6.460568],[3.394502,6.46022],[3.394418,6.46009],[3.394117,6.459767],[3.393832,6.459549]]}},{"type":"Feature","properties":{"highway":"motorway_link","name":"","bridge":true,"osm_id":88683345},"geometry":{"type":"LineString","coordinates":[[3.394549,6.45965],[3.39517,6.459664],[3.398168,6.459533],[3.398406,6.459502],[3.399027,6.459267]]}},{"type":"Feature","properties":{"highway":"motorway","name":"Third Axial Road","bridge":false,"osm_id":93855619},"geometry":{"type":"LineString","coordinates":[[3.393991,6.463131],[3.39621,6.461166]]}},{"type":"Feature","properties":{"highway":"motorway","name":"Third Axial Road","bridge":false,"osm_id":93855621},"geometry":{"type":"LineString","coordinates":[[3.397175,6.460624],[3.396032,6.461531],[3.395044,6.462392],[3.394176,6.463236]]}},{"type":"Feature","properties":{"highway":"secondary","name":"Idumagbo Avenue","bridge":true,"osm_id":93855625},"geometry":{"type":"LineString","coordinates":[[3.394464,6.45974],[3.394854,6.459929],[3.395241,6.460173],[3.395457,6.460344],[3.395832,6.460732]]}},{"type":"Feature","properties":{"highway":"motorway","name":"Apogbon Street","bridge":false,"osm_id":93858643},"geometry":{"type":"LineString","coordinates":[[3.382543,6.459962],[3.382672,6.459459],[3.382732,6.458918],[3.382726,6.458594],[3.38267,6.458152]]}},{"type":"Feature","properties":{"highway":"tertiary","name":"Docemo Street","bridge":false,"osm_id":129534183},"geometry":{"type":"LineString","coordinates":[[3.387902,6.462631],[3.38796,6.462454],[3.38807,6.461324],[3.388077,6.460336],[3.388108,6.459894],[3.388195,6.459257],[3.388288,6.458957],[3.388338,6.458672]]}},{"type":"Feature","properties":{"highway":"secondary","name":"Idumagbo Avenue","bridge":false,"osm_id":129535577},"geometry":{"type":"LineString","coordinates":[[3.393246,6.459191],[3.392783,6.459016],[3.392457,6.458858],[3.392035,6.45881],[3.390023,6.458919],[3.388486,6.458668],[3.388113,6.458678],[3.387632,6.458778]]}},{"type":"Feature","properties":{"highway":"motorway","name":"Apogbon Street","bridge":false,"osm_id":133763998},"geometry":{"type":"LineString","coordinates":[[3.382761,6.458133],[3.38281,6.458487],[3.382825,6.458902],[3.382772,6.459467],[3.382649,6.459996]]}},{"type":"Feature","properties":{"highway":"primary","name":"","bridge":false,"osm_id":133764003},"geometry":{"type":"LineString","coordinates":[[3.382732,6.458918],[3.38268,6.458773],[3.382597,6.458156],[3.382531,6.457893],[3.38195,6.456158],[3.381887,6.45577],[3.381896,6.45544],[3.381804,6.455238]]}},{"type":"Feature","properties":{"highway":"primary","name":"","bridge":false,"osm_id":133764009},"geometry":{"type":"LineString","coordinates":[[3.382291,6.455322],[3.382146,6.455486],[3.382151,6.455902],[3.3822,6.456151],[3.382801,6.457921],[3.382885,6.458452],[3.382825,6.458902]]}},{"type":"Feature","properties":{"highway":"primary_link","name":"","bridge":true,"osm_id":133766186},"geometry":{"type":"LineString","coordinates":[[3.38632,6.465129],[3.386007,6.465276],[3.385713,6.465519]]}},{"type":"Feature","properties":{"highway":"primary_link","name":"","bridge":true,"osm_id":133766196},"geometry":{"type":"LineString","coordinates":[[3.385641,6.465233],[3.385598,6.46469],[3.38557,6.464584],[3.385457,6.464392]]}},{"type":"Feature","properties":{"highway":"secondary","name":"Idumagbo Avenue","bridge":true,"osm_id":215118922},"geometry":{"type":"LineString","coordinates":[[3.395785,6.460817],[3.395487,6.460437],[3.395152,6.460167],[3.394866,6.459996],[3.39417,6.459681]]}},{"type":"Feature","properties":{"highway":"primary","name":"Ring Road","bridge":false,"osm_id":215118924},"geometry":{"type":"LineString","coordinates":[[3.395665,6.464337],[3.395227,6.464692],[3.394734,6.465017],[3.394083,6.465368],[3.393641,6.465558],[3.393166,6.46572],[3.392602,6.465867],[3.39183,6.465986]]}},{"type":"Feature","properties":{"highway":"secondary","name":"Nnamdi Azikiwe Street","bridge":false,"osm_id":264916646},"geometry":{"type":"LineString","coordinates":[[3.38975,6.453928],[3.389188,6.454167],[3.389048,6.454271],[3.388855,6.454514],[3.388238,6.456076],[3.387904,6.456835],[3.387658,6.457708],[3.387614,6.457956],[3.38757,6.458287],[3.387632,6.458778]]}},{"type":"Feature","properties":{"highway":"primary","name":"Ring Road","bridge":true,"osm_id":328558520},"geometry":{"type":"LineString","coordinates":[[3.39183,6.465986],[3.391374,6.466023],[3.390233,6.465963],[3.38906,6.465786],[3.388436,6.465641],[3.387689,6.46537],[3.387021,6.465048],[3.386514,6.464736]]}},{"type":"Feature","properties":{"highway":"secondary","name":"Carter Bridge","bridge":true,"osm_id":328558538},"geometry":{"type":"LineString","coordinates":[[3.385641,6.465233],[3.386559,6.462797]]}},{"type":"Feature","properties":{"highway":"secondary","name":"Balogun Street","bridge":false,"osm_id":530737591},"geometry":{"type":"LineString","coordinates":[[3.38698,6.461564],[3.387012,6.461081],[3.386898,6.459751],[3.386878,6.459562],[3.386789,6.45932],[3.386535,6.459015],[3.386192,6.458827],[3.386033,6.458772],[3.38539,6.458298],[3.384996,6.457814],[3.384354,6.456699]]}},{"type":"Feature","properties":{"highway":"primary","name":"Ring Road","bridge":true,"osm_id":559174570},"geometry":{"type":"LineString","coordinates":[[3.386843,6.464808],[3.387343,6.465087],[3.387847,6.465313],[3.388199,6.465442],[3.389068,6.46567],[3.389831,6.465795],[3.390639,6.465874],[3.391346,6.465887],[3.391835,6.465856]]}},{"type":"Feature","properties":{"highway":"tertiary","name":"Adeniji Adele Road","bridge":false,"osm_id":654211003},"geometry":{"type":"LineString","coordinates":[[3.387227,6.464718],[3.38737,6.464849],[3.38781,6.465052],[3.389234,6.465559],[3.389843,6.46565],[3.390332,6.46555],[3.390945,6.46526],[3.391443,6.464868],[3.392053,6.464069],[3.392606,6.463126],[3.392732,6.462853],[3.392842,6.462509]]}},{"type":"Feature","properties":{"highway":"tertiary","name":"Ebute-Ero Street","bridge":false,"osm_id":133764005},"geometry":{"type":"LineString","coordinates":[[3.38677,6.464292],[3.386647,6.46462]]}},{"type":"Feature","properties":{"highway":"primary_link","name":"","bridge":true,"osm_id":133766201},"geometry":{"type":"LineString","coordinates":[[3.385457,6.464392],[3.385374,6.464279],[3.385228,6.464159],[3.384343,6.463507],[3.384174,6.463347]]}},{"type":"Feature","properties":{"highway":"secondary","name":"Balogun Street","bridge":false,"osm_id":133772445},"geometry":{"type":"LineString","coordinates":[[3.386559,6.462797],[3.386611,6.462645]]}},{"type":"Feature","properties":{"highway":"motorway_link","name":"","bridge":true,"osm_id":133772447},"geometry":{"type":"LineString","coordinates":[[3.381659,6.46032],[3.382005,6.46041],[3.382146,6.460411],[3.382369,6.460298],[3.382516,6.460061]]}},{"type":"Feature","properties":{"highway":"secondary","name":"Nnamdi Azikiwe Street","bridge":false,"osm_id":133772455},"geometry":{"type":"LineString","coordinates":[[3.387632,6.458778],[3.387666,6.459059],[3.387649,6.459433],[3.387595,6.459788],[3.387306,6.460992],[3.38705,6.461775]]}},{"type":"Feature","properties":{"highway":"motorway_link","name":"","bridge":false,"osm_id":133772462},"geometry":{"type":"LineString","coordinates":[[3.383523,6.462256],[3.383255,6.462183],[3.383195,6.462104],[3.383138,6.461909]]}},{"type":"Feature","properties":{"highway":"secondary","name":"Nnamdi Azikiwe Street","bridge":false,"osm_id":133772464},"geometry":{"type":"LineString","coordinates":[[3.386846,6.462354],[3.386687,6.462833]]}},{"type":"Feature","properties":{"highway":"tertiary","name":"Ebute-Ero Street","bridge":false,"osm_id":133772465},"geometry":{"type":"LineString","coordinates":[[3.38677,6.464292],[3.387114,6.463815],[3.3876,6.463213],[3.387902,6.462631]]}},{"type":"Feature","properties":{"highway":"motorway_link","name":"","bridge":true,"osm_id":133772469},"geometry":{"type":"LineString","coordinates":[[3.383166,6.460957],[3.383105,6.460891],[3.382949,6.460808],[3.382861,6.460788],[3.382685,6.460814],[3.38258,6.460875],[3.382244,6.461289]]}},{"type":"Feature","properties":{"highway":"motorway_link","name":"","bridge":false,"osm_id":133772480},"geometry":{"type":"LineString","coordinates":[[3.38235,6.462399],[3.382559,6.46241],[3.382781,6.462348],[3.382994,6.462184],[3.383138,6.461909],[3.383264,6.461402],[3.383246,6.461126],[3.383166,6.460957]]}},{"type":"Feature","properties":{"highway":"secondary","name":"Nnamdi Azikiwe Street","bridge":false,"osm_id":133772482},"geometry":{"type":"LineString","coordinates":[[3.387049,6.461775],[3.386846,6.462353]]}},{"type":"Feature","properties":{"highway":"primary","name":"Ring Road","bridge":false,"osm_id":328558523},"geometry":{"type":"LineString","coordinates":[[3.386514,6.464736],[3.384862,6.463686]]}},{"type":"Feature","properties":{"highway":"primary","name":"Ring Road","bridge":true,"osm_id":328558525},"geometry":{"type":"LineString","coordinates":[[3.384862,6.463686],[3.383083,6.462802]]}},{"type":"Feature","properties":{"highway":"secondary_link","name":"","bridge":false,"osm_id":328558544},"geometry":{"type":"LineString","coordinates":[[3.387283,6.461074],[3.387166,6.461135],[3.387012,6.461081]]}},{"type":"Feature","properties":{"highway":"secondary","name":"Balogun Street","bridge":false,"osm_id":530737589},"geometry":{"type":"LineString","coordinates":[[3.386611,6.462645],[3.38698,6.461564]]}},{"type":"Feature","properties":{"highway":"primary","name":"Ring Road","bridge":false,"osm_id":640507513},"geometry":{"type":"LineString","coordinates":[[3.38235,6.462399],[3.383989,6.463062],[3.385869,6.463996],[3.386153,6.464152],[3.386458,6.464416],[3.386843,6.464808]]}},{"type":"Feature","properties":{"highway":"tertiary","name":"Adeniji Adele Road","bridge":false,"osm_id":1418964599},"geometry":{"type":"LineString","coordinates":[[3.387227,6.464718],[3.38677,6.464292]]}},{"type":"Feature","properties":{"highway":"secondary","name":"Adeniji Adele Road","bridge":false,"osm_id":88273960},"geometry":{"type":"LineString","coordinates":[[3.392843,6.459904],[3.393113,6.459385],[3.393246,6.459191]]}},{"type":"Feature","properties":{"highway":"secondary","name":"Idumagbo Avenue","bridge":false,"osm_id":88683371},"geometry":{"type":"LineString","coordinates":[[3.393246,6.459191],[3.394464,6.45974]]}},{"type":"Feature","properties":{"highway":"secondary","name":"Idumagbo Avenue","bridge":false,"osm_id":93855590},"geometry":{"type":"LineString","coordinates":[[3.39417,6.459681],[3.393832,6.459549],[3.393445,6.459356],[3.39325,6.459328],[3.393113,6.459385]]}},{"type":"Feature","properties":{"highway":"tertiary","name":"Princess Street","bridge":false,"osm_id":129556765},"geometry":{"type":"LineString","coordinates":[[3.392842,6.462509],[3.393019,6.46179],[3.393044,6.461494],[3.392878,6.4607],[3.392865,6.460503]]}},{"type":"Feature","properties":{"highway":"tertiary","name":"Princess Street","bridge":false,"osm_id":558867033},"geometry":{"type":"LineString","coordinates":[[3.392708,6.459492],[3.392488,6.458868]]}},{"type":"Feature","properties":{"highway":"tertiary","name":"Princess Street","bridge":false,"osm_id":558867034},"geometry":{"type":"LineString","coordinates":[[3.392783,6.459915],[3.392708,6.459492]]}},{"type":"Feature","properties":{"highway":"tertiary","name":"Princess Street","bridge":false,"osm_id":559174564},"geometry":{"type":"LineString","coordinates":[[3.392863,6.460018],[3.392815,6.46012]]}},{"type":"Feature","properties":{"highway":"tertiary","name":"Princess Street","bridge":false,"osm_id":559174565},"geometry":{"type":"LineString","coordinates":[[3.392815,6.46012],[3.392771,6.460005]]}},{"type":"Feature","properties":{"highway":"tertiary","name":"","bridge":false,"osm_id":559174566},"geometry":{"type":"LineString","coordinates":[[3.392884,6.459941],[3.392863,6.460018],[3.392771,6.460005],[3.392783,6.459915],[3.392843,6.459904],[3.392884,6.459941]]}},{"type":"Feature","properties":{"highway":"tertiary","name":"Princess Street","bridge":false,"osm_id":1207723666},"geometry":{"type":"LineString","coordinates":[[3.392848,6.460404],[3.392815,6.46012]]}},{"type":"Feature","properties":{"highway":"tertiary","name":"Princess Street","bridge":true,"osm_id":1207723667},"geometry":{"type":"LineString","coordinates":[[3.392865,6.460503],[3.392848,6.460403]]}},{"type":"Feature","properties":{"highway":"motorway_link","name":"","bridge":false,"osm_id":1207723671},"geometry":{"type":"LineString","coordinates":[[3.394274,6.459645],[3.394549,6.45965]]}},{"type":"Feature","properties":{"highway":"motorway_link","name":"","bridge":false,"osm_id":88669570},"geometry":{"type":"LineString","coordinates":[[3.405703,6.457963],[3.406051,6.457717],[3.406171,6.457601],[3.406357,6.457326],[3.406455,6.457024],[3.406466,6.456715],[3.406412,6.456511],[3.406234,6.456175],[3.405974,6.455919],[3.405827,6.455828],[3.404991,6.455567]]}},{"type":"Feature","properties":{"highway":"primary","name":"","bridge":false,"osm_id":88669639},"geometry":{"type":"LineString","coordinates":[[3.402886,6.454011],[3.403157,6.454448],[3.40333,6.454646],[3.403772,6.455025],[3.404004,6.45518],[3.404532,6.455401],[3.404835,6.455468],[3.405241,6.455508]]}},{"type":"Feature","properties":{"highway":"primary","name":"","bridge":true,"osm_id":88669648},"geometry":{"type":"LineString","coordinates":[[3.407182,6.455886],[3.406562,6.455708],[3.406068,6.455646]]}},{"type":"Feature","properties":{"highway":"primary","name":"Simpson Street","bridge":false,"osm_id":93855592},"geometry":{"type":"LineString","coordinates":[[3.404991,6.455567],[3.404456,6.455455],[3.40425,6.455376],[3.403901,6.455205],[3.403637,6.455019],[3.403245,6.454687],[3.403093,6.454484],[3.402886,6.454011]]}},{"type":"Feature","properties":{"highway":"motorway_link","name":"","bridge":true,"osm_id":93855599},"geometry":{"type":"LineString","coordinates":[[3.407182,6.455886],[3.40698,6.455888],[3.406766,6.455959],[3.406558,6.456167]]}},{"type":"Feature","properties":{"highway":"motorway_link","name":"F265","bridge":true,"osm_id":93855600},"geometry":{"type":"LineString","coordinates":[[3.407252,6.45507],[3.407161,6.455267],[3.407164,6.455479],[3.407288,6.455701],[3.407454,6.45586]]}},{"type":"Feature","properties":{"highway":"primary","name":"","bridge":true,"osm_id":93855602},"geometry":{"type":"LineString","coordinates":[[3.406061,6.455549],[3.406882,6.455672],[3.407454,6.45586]]}},{"type":"Feature","properties":{"highway":"motorway","name":"Ring Road","bridge":true,"osm_id":93855613},"geometry":{"type":"LineString","coordinates":[[3.404101,6.458456],[3.403904,6.458469]]}},{"type":"Feature","properties":{"highway":"motorway","name":"Ring Road","bridge":true,"osm_id":93855618},"geometry":{"type":"LineString","coordinates":[[3.403892,6.458308],[3.404095,6.458294]]}},{"type":"Feature","properties":{"highway":"motorway_link","name":"","bridge":false,"osm_id":93855626},"geometry":{"type":"LineString","coordinates":[[3.406558,6.456167],[3.406508,6.456324],[3.406548,6.456598],[3.406662,6.456756],[3.406827,6.456862],[3.407072,6.456883],[3.407191,6.456844],[3.407323,6.456759],[3.407452,6.456622],[3.407549,6.456573]]}},{"type":"Feature","properties":{"highway":"motorway","name":"Ring Road","bridge":false,"osm_id":215492885},"geometry":{"type":"LineString","coordinates":[[3.406065,6.458012],[3.405601,6.458187],[3.405138,6.458323],[3.404556,6.458416],[3.404101,6.458456]]}},{"type":"Feature","properties":{"highway":"primary","name":"Simpson Street","bridge":false,"osm_id":586645793},"geometry":{"type":"LineString","coordinates":[[3.406068,6.455646],[3.404991,6.455567]]}},{"type":"Feature","properties":{"highway":"primary","name":"","bridge":false,"osm_id":586645794},"geometry":{"type":"LineString","coordinates":[[3.405241,6.455508],[3.406061,6.455549]]}},{"type":"Feature","properties":{"highway":"motorway","name":"Ring Road","bridge":false,"osm_id":5150133},"geometry":{"type":"LineString","coordinates":[[3.403904,6.458468],[3.402291,6.45858],[3.401372,6.458704],[3.400561,6.458886],[3.399681,6.459205]]}},{"type":"Feature","properties":{"highway":"motorway_link","name":"F265","bridge":false,"osm_id":8512167},"geometry":{"type":"LineString","coordinates":[[3.408072,6.455696],[3.408129,6.455276],[3.408064,6.4551],[3.407902,6.454946],[3.40777,6.454888],[3.407573,6.454879],[3.4074,6.454939],[3.407252,6.45507]]}},{"type":"Feature","properties":{"highway":"primary","name":"Osborne Road","bridge":true,"osm_id":8512191},"geometry":{"type":"LineString","coordinates":[[3.407454,6.45586],[3.408053,6.456151],[3.408277,6.45629],[3.410274,6.457656]]}},{"type":"Feature","properties":{"highway":"motorway","name":"Ring Road","bridge":false,"osm_id":8564555},"geometry":{"type":"LineString","coordinates":[[3.404095,6.458294],[3.404854,6.458201],[3.405287,6.4581],[3.405703,6.457963],[3.40612,6.457782],[3.406404,6.457612],[3.406864,6.457288],[3.407362,6.456805],[3.40779,6.456261],[3.408072,6.455696]]}},{"type":"Feature","properties":{"highway":"motorway_link","name":"","bridge":false,"osm_id":88669602},"geometry":{"type":"LineString","coordinates":[[3.407775,6.456608],[3.407668,6.456866],[3.407656,6.457079],[3.407692,6.457198],[3.407817,6.457372],[3.407904,6.457439],[3.408028,6.457481],[3.408245,6.457475],[3.408456,6.457372],[3.408577,6.457222]]}},{"type":"Feature","properties":{"highway":"motorway_link","name":"","bridge":false,"osm_id":88669668},"geometry":{"type":"LineString","coordinates":[[3.405241,6.455508],[3.405776,6.455369],[3.406639,6.455076],[3.407486,6.45478],[3.407824,6.454607],[3.408103,6.454356],[3.408304,6.454054],[3.408408,6.453752],[3.408442,6.453274]]}},{"type":"Feature","properties":{"highway":"primary","name":"Osborne Road","bridge":true,"osm_id":93855610},"geometry":{"type":"LineString","coordinates":[[3.410205,6.457726],[3.408174,6.456362],[3.407618,6.45606],[3.407182,6.455886]]}},{"type":"Feature","properties":{"highway":"motorway","name":"Ring Road","bridge":false,"osm_id":93855616},"geometry":{"type":"LineString","coordinates":[[3.399628,6.459042],[3.400708,6.45869],[3.40128,6.45856],[3.402078,6.45844],[3.403892,6.458308]]}},{"type":"Feature","properties":{"highway":"motorway","name":"Ring Road","bridge":false,"osm_id":93858653},"geometry":{"type":"LineString","coordinates":[[3.408588,6.452919],[3.408664,6.453692],[3.408623,6.454449],[3.408439,6.455268],[3.408229,6.455838],[3.408019,6.456238],[3.407775,6.456608],[3.407362,6.457051],[3.406899,6.457472],[3.40665,6.457655],[3.406065,6.458012]]}},{"type":"Feature","properties":{"highway":"motorway_link","name":"F265","bridge":false,"osm_id":133781033},"geometry":{"type":"LineString","coordinates":[[3.410425,6.457932],[3.410111,6.457778],[3.409644,6.457632],[3.408959,6.45758],[3.407595,6.457613],[3.407216,6.457657],[3.406799,6.457756],[3.406065,6.458012]]}},{"type":"Feature","properties":{"highway":"motorway","name":"Ring Road","bridge":true,"osm_id":8474550},"geometry":{"type":"LineString","coordinates":[[3.399681,6.459205],[3.399116,6.459474]]}},{"type":"Feature","properties":{"highway":"motorway_link","name":"","bridge":false,"osm_id":88260919},"geometry":{"type":"LineString","coordinates":[[3.39621,6.461166],[3.39671,6.460686],[3.396808,6.460558],[3.396874,6.460323],[3.396812,6.460055],[3.396656,6.459866],[3.396553,6.4598],[3.396403,6.459753],[3.396249,6.459749],[3.395998,6.459826],[3.395838,6.45997],[3.395775,6.460089]]}},{"type":"Feature","properties":{"highway":"motorway_link","name":"","bridge":false,"osm_id":88260924},"geometry":{"type":"LineString","coordinates":[[3.396032,6.461531],[3.395369,6.462191],[3.395281,6.46232],[3.395255,6.462564]]}},{"type":"Feature","properties":{"highway":"motorway_link","name":"F264","bridge":true,"osm_id":88260932},"geometry":{"type":"LineString","coordinates":[[3.395785,6.460817],[3.395613,6.460683],[3.395416,6.460629],[3.39526,6.460637],[3.395127,6.460682],[3.394941,6.460852],[3.394858,6.461079],[3.394864,6.461254],[3.394938,6.461448]]}},{"type":"Feature","properties":{"highway":"motorway_link","name":"","bridge":true,"osm_id":88260974},"geometry":{"type":"LineString","coordinates":[[3.396288,6.461612],[3.396503,6.462024],[3.396658,6.462138],[3.396753,6.462168],[3.396978,6.462204],[3.397076,6.46219],[3.397275,6.462096],[3.397424,6.461944]]}},{"type":"Feature","properties":{"highway":"motorway_link","name":"F264","bridge":false,"osm_id":93855606},"geometry":{"type":"LineString","coordinates":[[3.397994,6.460989],[3.397496,6.462056],[3.396971,6.462911],[3.396454,6.463569],[3.396166,6.463886],[3.395665,6.464337]]}},{"type":"Feature","properties":{"highway":"motorway_link","name":"F264","bridge":true,"osm_id":93855609},"geometry":{"type":"LineString","coordinates":[[3.399116,6.459474],[3.398531,6.459997],[3.398281,6.460361],[3.397994,6.460989]]}},{"type":"Feature","properties":{"highway":"motorway","name":"Ring Road","bridge":true,"osm_id":93855617},"geometry":{"type":"LineString","coordinates":[[3.397079,6.460521],[3.397781,6.460045],[3.399027,6.459267],[3.399628,6.459042]]}},{"type":"Feature","properties":{"highway":"motorway_link","name":"","bridge":false,"osm_id":93855622},"geometry":{"type":"LineString","coordinates":[[3.397424,6.461944],[3.397499,6.461764],[3.397514,6.46159],[3.397477,6.461386],[3.39739,6.46125],[3.397269,6.461136],[3.39713,6.46107],[3.396962,6.461035],[3.396789,6.461058],[3.396632,6.461131],[3.396032,6.461531]]}},{"type":"Feature","properties":{"highway":"motorway_link","name":"","bridge":true,"osm_id":93855623},"geometry":{"type":"LineString","coordinates":[[3.395775,6.460089],[3.395741,6.460332],[3.395832,6.460732]]}},{"type":"Feature","properties":{"highway":"motorway_link","name":"","bridge":true,"osm_id":93855624},"geometry":{"type":"LineString","coordinates":[[3.395255,6.462564],[3.395306,6.462743],[3.395447,6.462892],[3.395664,6.462987],[3.395831,6.462987],[3.396015,6.462907],[3.396104,6.462827],[3.396215,6.462644],[3.396272,6.462485]]}},{"type":"Feature","properties":{"highway":"primary","name":"Ring Road","bridge":true,"osm_id":93855627},"geometry":{"type":"LineString","coordinates":[[3.396197,6.46313],[3.396267,6.462779],[3.396275,6.462398],[3.396233,6.461909],[3.39608,6.461374],[3.395785,6.460817]]}},{"type":"Feature","properties":{"highway":"primary","name":"","bridge":false,"osm_id":133772471},"geometry":{"type":"LineString","coordinates":[[3.396279,6.46315],[3.396115,6.463608],[3.395665,6.464337]]}},{"type":"Feature","properties":{"highway":"motorway","name":"Third Axial Road","bridge":true,"osm_id":215118920},"geometry":{"type":"LineString","coordinates":[[3.399116,6.459474],[3.398528,6.45975],[3.397175,6.460624]]}},{"type":"Feature","properties":{"highway":"motorway","name":"Ring Road","bridge":false,"osm_id":215118921},"geometry":{"type":"LineString","coordinates":[[3.39621,6.461166],[3.397079,6.460521]]}},{"type":"Feature","properties":{"highway":"primary","name":"Ring Road","bridge":true,"osm_id":328558540},"geometry":{"type":"LineString","coordinates":[[3.395832,6.460732],[3.396015,6.460946],[3.39617,6.461266],[3.396288,6.461612],[3.396341,6.461883],[3.396379,6.462429],[3.396339,6.462886],[3.396279,6.46315]]}},{"type":"Feature","properties":{"highway":"motorway_link","name":"F264","bridge":false,"osm_id":752842530},"geometry":{"type":"LineString","coordinates":[[3.394938,6.461448],[3.395011,6.461549],[3.395148,6.461637],[3.395252,6.461656],[3.395506,6.461626],[3.39564,6.461568],[3.39621,6.461166]]}},{"type":"Feature","properties":{"highway":"secondary","name":"","bridge":false,"osm_id":399403547},"geometry":{"type":"LineString","coordinates":[[3.411178,6.413218],[3.411911,6.414677],[3.412214,6.415563]]}},{"type":"Feature","properties":{"highway":"secondary","name":"Avenue 1","bridge":false,"osm_id":399403550},"geometry":{"type":"LineString","coordinates":[[3.414244,6.41286],[3.41364,6.414373],[3.412993,6.41612]]}},{"type":"Feature","properties":{"highway":"secondary","name":"Avenue 1","bridge":false,"osm_id":399403559},"geometry":{"type":"LineString","coordinates":[[3.41286,6.416059],[3.414129,6.412829]]}},{"type":"Feature","properties":{"highway":"tertiary_link","name":"","bridge":false,"osm_id":513426506},"geometry":{"type":"LineString","coordinates":[[3.413562,6.418489],[3.413668,6.418612],[3.413749,6.418652],[3.413847,6.418655],[3.414013,6.418602],[3.414236,6.41835]]}},{"type":"Feature","properties":{"highway":"secondary","name":"","bridge":true,"osm_id":626035356},"geometry":{"type":"LineString","coordinates":[[3.41099,6.412768],[3.411178,6.413218]]}},{"type":"Feature","properties":{"highway":"secondary","name":"","bridge":true,"osm_id":626035359},"geometry":{"type":"LineString","coordinates":[[3.410954,6.413786],[3.410652,6.41332],[3.410484,6.412952]]}},{"type":"Feature","properties":{"highway":"secondary","name":"","bridge":false,"osm_id":743474202},"geometry":{"type":"LineString","coordinates":[[3.412419,6.416008],[3.412708,6.416751],[3.413838,6.419057]]}},{"type":"Feature","properties":{"highway":"secondary_link","name":"","bridge":true,"osm_id":743474214},"geometry":{"type":"LineString","coordinates":[[3.410841,6.413581],[3.410845,6.41346],[3.4109,6.413371]]}},{"type":"Feature","properties":{"highway":"secondary_link","name":"","bridge":false,"osm_id":743474215},"geometry":{"type":"LineString","coordinates":[[3.4109,6.413371],[3.411137,6.413289],[3.411222,6.413312]]}},{"type":"Feature","properties":{"highway":"secondary","name":"","bridge":false,"osm_id":743474216},"geometry":{"type":"LineString","coordinates":[[3.411616,6.414974],[3.411257,6.414487],[3.411015,6.414045],[3.410714,6.41367],[3.410737,6.413594],[3.410871,6.413552],[3.411143,6.413659],[3.411258,6.413804],[3.411427,6.414145],[3.411645,6.414419],[3.412128,6.415348]]}},{"type":"Feature","properties":{"highway":"secondary_link","name":"","bridge":false,"osm_id":743474217},"geometry":{"type":"LineString","coordinates":[[3.411427,6.414145],[3.411564,6.414487],[3.411528,6.414561],[3.411484,6.414571],[3.41141,6.414532]]}},{"type":"Feature","properties":{"highway":"secondary","name":"","bridge":false,"osm_id":743474218},"geometry":{"type":"LineString","coordinates":[[3.411645,6.414419],[3.411717,6.414608],[3.411772,6.414893],[3.41208,6.415556],[3.41217,6.415663],[3.412505,6.41581]]}},{"type":"Feature","properties":{"highway":"secondary_link","name":"","bridge":false,"osm_id":1420873108},"geometry":{"type":"LineString","coordinates":[[3.412248,6.416126],[3.412294,6.415999],[3.412505,6.41581]]}},{"type":"Feature","properties":{"highway":"secondary","name":"","bridge":false,"osm_id":1420873109},"geometry":{"type":"LineString","coordinates":[[3.41241,6.415879],[3.412249,6.41582],[3.412048,6.415696]]}},{"type":"Feature","properties":{"highway":"secondary_link","name":"","bridge":false,"osm_id":1420873110},"geometry":{"type":"LineString","coordinates":[[3.411934,6.414739],[3.412039,6.414906],[3.412313,6.415528],[3.412505,6.41581]]}},{"type":"Feature","properties":{"highway":"secondary_link","name":"","bridge":false,"osm_id":1421942563},"geometry":{"type":"LineString","coordinates":[[3.412662,6.415986],[3.412575,6.416038],[3.412538,6.4161],[3.412766,6.416753],[3.412788,6.416921]]}},{"type":"Feature","properties":{"highway":"secondary_link","name":"","bridge":false,"osm_id":1421945282},"geometry":{"type":"LineString","coordinates":[[3.411499,6.41308],[3.411384,6.41341],[3.411428,6.413718]]}},{"type":"Feature","properties":{"highway":"secondary","name":"","bridge":false,"osm_id":399250127},"geometry":{"type":"LineString","coordinates":[[3.415317,6.416741],[3.415753,6.417066],[3.416775,6.41746]]}},{"type":"Feature","properties":{"highway":"secondary","name":"Avenue 2","bridge":false,"osm_id":399250129},"geometry":{"type":"LineString","coordinates":[[3.417323,6.416304],[3.418075,6.41437]]}},{"type":"Feature","properties":{"highway":"primary","name":"Eko Boulevard","bridge":false,"osm_id":399403552},"geometry":{"type":"LineString","coordinates":[[3.41625,6.413608],[3.415472,6.415534],[3.415288,6.416214],[3.415259,6.416594]]}},{"type":"Feature","properties":{"highway":"primary","name":"Eko Boulevard","bridge":true,"osm_id":399403554},"geometry":{"type":"LineString","coordinates":[[3.416474,6.413023],[3.41625,6.413608]]}},{"type":"Feature","properties":{"highway":"primary","name":"Eko Boulevard","bridge":true,"osm_id":399403555},"geometry":{"type":"LineString","coordinates":[[3.416134,6.413559],[3.416358,6.412987]]}},{"type":"Feature","properties":{"highway":"secondary","name":"Avenue 2","bridge":true,"osm_id":399403563},"geometry":{"type":"LineString","coordinates":[[3.418075,6.41437],[3.418236,6.413765]]}},{"type":"Feature","properties":{"highway":"secondary","name":"Avenue 2","bridge":true,"osm_id":399403564},"geometry":{"type":"LineString","coordinates":[[3.418368,6.413817],[3.418184,6.414387]]}},{"type":"Feature","properties":{"highway":"secondary","name":"Avenue 2","bridge":false,"osm_id":399403565},"geometry":{"type":"LineString","coordinates":[[3.418184,6.414387],[3.417566,6.416079],[3.417012,6.41748]]}},{"type":"Feature","properties":{"highway":"primary","name":"Eko Boulevard","bridge":false,"osm_id":409545398},"geometry":{"type":"LineString","coordinates":[[3.414906,6.416399],[3.415108,6.416451],[3.415192,6.416513],[3.415285,6.41664],[3.415323,6.416838],[3.415268,6.417025],[3.41521,6.417103],[3.415082,6.417195],[3.414884,6.417234],[3.414743,6.417204],[3.414622,6.417128],[3.414511,6.416969],[3.414484,6.416779],[3.414545,6.416598],[3.414605,6.416522],[3.414793,6.416403],[3.414906,6.416399]]}},{"type":"Feature","properties":{"highway":"primary","name":"Eko Boulevard","bridge":false,"osm_id":425750770},"geometry":{"type":"LineString","coordinates":[[3.414793,6.416403],[3.415026,6.416136],[3.415415,6.415325],[3.416134,6.413559]]}},{"type":"Feature","properties":{"highway":"secondary","name":"Avenue 2","bridge":false,"osm_id":513426498},"geometry":{"type":"LineString","coordinates":[[3.416745,6.417702],[3.416708,6.417592],[3.416775,6.41746],[3.416879,6.417423],[3.417012,6.41748],[3.417055,6.417619],[3.416988,6.417734],[3.416839,6.417764],[3.416745,6.417702]]}},{"type":"Feature","properties":{"highway":"secondary","name":"Avenue 2","bridge":false,"osm_id":513426509},"geometry":{"type":"LineString","coordinates":[[3.416879,6.417423],[3.417323,6.416304]]}},{"type":"Feature","properties":{"highway":"secondary","name":"","bridge":false,"osm_id":743474219},"geometry":{"type":"LineString","coordinates":[[3.416708,6.417592],[3.415725,6.417218],[3.415557,6.417184],[3.415135,6.417166]]}},{"type":"Feature","properties":{"highway":"secondary","name":"","bridge":false,"osm_id":1511952030},"geometry":{"type":"LineString","coordinates":[[3.419109,6.418534],[3.419053,6.418449],[3.419034,6.418349],[3.419079,6.418205],[3.419152,6.418134],[3.419247,6.418096],[3.419398,6.418112],[3.419515,6.418209],[3.419553,6.418303],[3.419552,6.418404],[3.41948,6.418537],[3.419394,6.418593],[3.419294,6.418612]]}},{"type":"Feature","properties":{"highway":"secondary","name":"","bridge":false,"osm_id":1511952031},"geometry":{"type":"LineString","coordinates":[[3.417055,6.417619],[3.418556,6.418124],[3.4189,6.418181],[3.419152,6.418134]]}},{"type":"Feature","properties":{"highway":"secondary","name":"","bridge":false,"osm_id":1511952032},"geometry":{"type":"LineString","coordinates":[[3.419109,6.418534],[3.418952,6.418388],[3.417023,6.417698]]}},{"type":"Feature","properties":{"highway":"secondary","name":"","bridge":false,"osm_id":1523271351},"geometry":{"type":"LineString","coordinates":[[3.419294,6.418612],[3.419193,6.418591],[3.419109,6.418534]]}},{"type":"Feature","properties":{"highway":"tertiary","name":"Ologun Agbeje Street","bridge":false,"osm_id":5196511},"geometry":{"type":"LineString","coordinates":[[3.416504,6.423592],[3.416502,6.430611]]}},{"type":"Feature","properties":{"highway":"tertiary","name":"Amodu Ojikutu Street","bridge":false,"osm_id":107554129},"geometry":{"type":"LineString","coordinates":[[3.419252,6.427032],[3.419249,6.423761]]}},{"type":"Feature","properties":{"highway":"trunk","name":"Ahmadu Bello Way","bridge":false,"osm_id":133790489},"geometry":{"type":"LineString","coordinates":[[3.408667,6.434639],[3.408775,6.433806],[3.408799,6.433299],[3.408799,6.429308],[3.408829,6.428672],[3.408901,6.427886],[3.40903,6.427172],[3.409316,6.426063],[3.409528,6.425464],[3.409828,6.424686],[3.410102,6.424149],[3.410312,6.423776],[3.410712,6.423222],[3.4109,6.423007],[3.411448,6.422515],[3.411975,6.422125],[3.412231,6.422007],[3.412455,6.421954],[3.41361,6.422093],[3.415846,6.42228],[3.417897,6.422365],[3.41926,6.422462],[3.424002,6.422609]]}},{"type":"Feature","properties":{"highway":"trunk","name":"Ahmadu Bello Way","bridge":false,"osm_id":133790498},"geometry":{"type":"LineString","coordinates":[[3.423998,6.422686],[3.421977,6.422642],[3.419175,6.422534],[3.417895,6.422444],[3.415524,6.422328],[3.413593,6.422174]]}},{"type":"Feature","properties":{"highway":"primary","name":"Eko Boulevard","bridge":false,"osm_id":399250117},"geometry":{"type":"LineString","coordinates":[[3.413934,6.419176],[3.414524,6.417463],[3.414533,6.417016]]}},{"type":"Feature","properties":{"highway":"secondary","name":"","bridge":false,"osm_id":399250119},"geometry":{"type":"LineString","coordinates":[[3.414511,6.416969],[3.414184,6.416616],[3.41241,6.415879]]}},{"type":"Feature","properties":{"highway":"secondary","name":"","bridge":false,"osm_id":399254497},"geometry":{"type":"LineString","coordinates":[[3.423659,6.419061],[3.42328,6.418972],[3.421406,6.418816],[3.419796,6.418544],[3.41948,6.418537]]}},{"type":"Feature","properties":{"highway":"secondary","name":"","bridge":false,"osm_id":399403541},"geometry":{"type":"LineString","coordinates":[[3.413562,6.420437],[3.413572,6.419494],[3.413512,6.419038],[3.413407,6.41861],[3.412896,6.417468],[3.412048,6.415696],[3.411616,6.414974],[3.41141,6.414532],[3.410954,6.413786]]}},{"type":"Feature","properties":{"highway":"primary","name":"Eko Boulevard","bridge":false,"osm_id":399403543},"geometry":{"type":"LineString","coordinates":[[3.413841,6.419534],[3.413934,6.419176]]}},{"type":"Feature","properties":{"highway":"primary","name":"Eko Boulevard","bridge":false,"osm_id":399403546},"geometry":{"type":"LineString","coordinates":[[3.414118,6.419228],[3.413967,6.419688]]}},{"type":"Feature","properties":{"highway":"primary","name":"Eko Boulevard","bridge":false,"osm_id":409545397},"geometry":{"type":"LineString","coordinates":[[3.415026,6.417217],[3.414723,6.417537],[3.414384,6.41842],[3.414118,6.419228]]}},{"type":"Feature","properties":{"highway":"tertiary","name":"Bishop Oluwole Street","bridge":false,"osm_id":505413823},"geometry":{"type":"LineString","coordinates":[[3.413477,6.422311],[3.413508,6.422771],[3.413589,6.423006],[3.41368,6.423166],[3.413857,6.423333],[3.414213,6.423483],[3.416504,6.423592],[3.417905,6.423698],[3.423991,6.424026]]}},{"type":"Feature","properties":{"highway":"trunk","name":"Ahmadu Bello Way","bridge":false,"osm_id":505413824},"geometry":{"type":"LineString","coordinates":[[3.413593,6.422174],[3.412879,6.422077],[3.412379,6.422063],[3.41221,6.422101],[3.412028,6.42219],[3.411441,6.422624],[3.410932,6.423106],[3.410549,6.423584],[3.409946,6.424634],[3.409709,6.425192],[3.409392,6.426086],[3.409206,6.426809],[3.409094,6.427288],[3.408962,6.428216],[3.4089,6.429299],[3.408897,6.43331],[3.408773,6.434645]]}},{"type":"Feature","properties":{"highway":"secondary","name":"","bridge":false,"osm_id":513426492},"geometry":{"type":"LineString","coordinates":[[3.414384,6.41842],[3.414326,6.418793],[3.414366,6.418892],[3.414472,6.418978],[3.41462,6.419005],[3.414776,6.418981],[3.416499,6.418297],[3.416656,6.41809],[3.416788,6.417742]]}},{"type":"Feature","properties":{"highway":"secondary","name":"","bridge":false,"osm_id":513426495},"geometry":{"type":"LineString","coordinates":[[3.416894,6.417769],[3.416676,6.418229],[3.416518,6.418379],[3.414504,6.419187],[3.414262,6.419311],[3.41413,6.419435],[3.413967,6.419688]]}},{"type":"Feature","properties":{"highway":"secondary","name":"","bridge":false,"osm_id":513426518},"geometry":{"type":"LineString","coordinates":[[3.412505,6.41581],[3.414193,6.41643],[3.41468,6.416462]]}},{"type":"Feature","properties":{"highway":"secondary","name":"","bridge":false,"osm_id":743474220},"geometry":{"type":"LineString","coordinates":[[3.419515,6.418209],[3.419696,6.41835],[3.420219,6.418509],[3.421345,6.418696],[3.422458,6.418805],[3.423115,6.418828],[3.423466,6.41878],[3.423685,6.418708]]}},{"type":"Feature","properties":{"highway":"primary","name":"Eko Boulevard","bridge":false,"osm_id":399250115},"geometry":{"type":"LineString","coordinates":[[3.413434,6.422156],[3.413562,6.420437],[3.413841,6.419534]]}},{"type":"Feature","properties":{"highway":"primary","name":"Eko Boulevard","bridge":false,"osm_id":399403545},"geometry":{"type":"LineString","coordinates":[[3.413967,6.419688],[3.413795,6.420384],[3.413593,6.422174]]}},{"type":"Feature","properties":{"highway":"secondary","name":"","bridge":false,"osm_id":513426488},"geometry":{"type":"LineString","coordinates":[[3.414074,6.419963],[3.413836,6.42097],[3.4137,6.421259]]}},{"type":"Feature","properties":{"highway":"tertiary","name":"Eko Boulevard","bridge":false,"osm_id":588736566},"geometry":{"type":"LineString","coordinates":[[3.413477,6.422311],[3.413434,6.422156]]}},{"type":"Feature","properties":{"highway":"tertiary","name":"Eko Boulevard","bridge":false,"osm_id":588736567},"geometry":{"type":"LineString","coordinates":[[3.413593,6.422174],[3.413477,6.422311]]}},{"type":"Feature","properties":{"highway":"trunk_link","name":"","bridge":false,"osm_id":1459447702},"geometry":{"type":"LineString","coordinates":[[3.409665,6.42531],[3.409595,6.425285]]}},{"type":"Feature","properties":{"highway":"primary","name":"Bourdillon Road","bridge":false,"osm_id":106497223},"geometry":{"type":"LineString","coordinates":[[3.430115,6.443803],[3.430586,6.443884],[3.431208,6.444078],[3.440926,6.447423],[3.441255,6.447503],[3.442031,6.447601],[3.442439,6.447606],[3.442799,6.447543],[3.443598,6.447257],[3.444092,6.446939],[3.446741,6.444776],[3.44706,6.444572],[3.447517,6.444375],[3.447924,6.444266],[3.448189,6.444227],[3.448725,6.444191],[3.448948,6.44421],[3.449183,6.444281],[3.449443,6.444439],[3.4497,6.444699],[3.4498,6.444907]]}},{"type":"Feature","properties":{"highway":"secondary","name":"Bisola Durosimi Etti Drive","bridge":false,"osm_id":107551958},"geometry":{"type":"LineString","coordinates":[[3.474614,6.437165],[3.459736,6.437192],[3.457144,6.437173],[3.456557,6.437265],[3.456498,6.437301],[3.456455,6.437409]]}},{"type":"Feature","properties":{"highway":"tertiary","name":"Oyinkan Abayomi Drive","bridge":false,"osm_id":152339976},"geometry":{"type":"LineString","coordinates":[[3.431208,6.444078],[3.431521,6.443192],[3.431607,6.443114],[3.43173,6.443121],[3.43284,6.443447],[3.433299,6.443524],[3.433899,6.443539],[3.434493,6.44346],[3.436154,6.443133],[3.438652,6.442748],[3.439306,6.442591],[3.439739,6.442392],[3.440184,6.442097],[3.441057,6.441215],[3.442621,6.439888],[3.442974,6.439641],[3.443568,6.439361],[3.444015,6.43921],[3.44481,6.439042],[3.445321,6.439036],[3.44573,6.439079],[3.446947,6.439294],[3.447859,6.439585],[3.44849,6.439843],[3.449025,6.440164],[3.4497,6.440674],[3.450274,6.441278],[3.45073,6.441857],[3.451088,6.442372],[3.451186,6.442581],[3.451269,6.442902],[3.451263,6.443374],[3.451106,6.443778],[3.45091,6.444034],[3.450554,6.444342],[3.4498,6.444907]]}},{"type":"Feature","properties":{"highway":"trunk","name":"Ozumba Mbadiwe Avenue","bridge":false,"osm_id":216768524},"geometry":{"type":"LineString","coordinates":[[3.435954,6.439891],[3.43544,6.440284],[3.435017,6.44051],[3.434696,6.440609],[3.434176,6.440662],[3.433828,6.440629],[3.433472,6.440544],[3.431943,6.440032],[3.430899,6.439769],[3.429914,6.439619],[3.427323,6.439401],[3.42661,6.439285],[3.425463,6.438988],[3.424813,6.438749],[3.422228,6.437601],[3.421162,6.437214],[3.420565,6.437042],[3.417887,6.436463],[3.416911,6.436321],[3.416245,6.43629],[3.415537,6.436331],[3.414701,6.436472],[3.413878,6.436666],[3.413103,6.436956],[3.411202,6.43797],[3.410797,6.43811],[3.410459,6.438172],[3.409948,6.438183],[3.40932,6.438062],[3.408784,6.437839],[3.408165,6.43747],[3.40792,6.437397]]}},{"type":"Feature","properties":{"highway":"secondary","name":"Bisola Durotimi Etti Drive","bridge":false,"osm_id":568364485},"geometry":{"type":"LineString","coordinates":[[3.456373,6.437202],[3.457041,6.437107],[3.457545,6.437091],[3.464084,6.437093],[3.468775,6.437046],[3.474618,6.437072]]}},{"type":"Feature","properties":{"highway":"trunk","name":"Lagos-Calabar Coastal Highway","bridge":false,"osm_id":1450410163},"geometry":{"type":"LineString","coordinates":[[3.427483,6.422603],[3.427675,6.422532],[3.429054,6.42249],[3.433219,6.422507],[3.437176,6.422483],[3.441918,6.422511],[3.442669,6.42249],[3.445351,6.422255],[3.446842,6.422213],[3.449372,6.422288],[3.450864,6.422504],[3.451671,6.422517],[3.45717,6.422558],[3.467959,6.422523],[3.468958,6.422613],[3.470199,6.422916],[3.470965,6.423297],[3.471481,6.423604],[3.473348,6.424937],[3.473756,6.425182],[3.474115,6.425326],[3.474512,6.425432],[3.475145,6.425496],[3.476867,6.425571],[3.478374,6.425587],[3.482636,6.425422],[3.486719,6.425454],[3.488882,6.425378]]}},{"type":"Feature","properties":{"highway":"trunk","name":"Lagos-Calabar Coastal Highway","bridge":false,"osm_id":1450410164},"geometry":{"type":"LineString","coordinates":[[3.488877,6.425561],[3.486266,6.425656],[3.482062,6.425693],[3.476897,6.425807],[3.475619,6.425728],[3.473734,6.425534],[3.472087,6.425448],[3.469896,6.425478],[3.458821,6.42544],[3.4581,6.425408],[3.457068,6.425295],[3.456409,6.425183],[3.455538,6.424983],[3.455106,6.424847],[3.45417,6.424377],[3.452647,6.423385],[3.451815,6.423012],[3.450434,6.422571],[3.449409,6.4224],[3.448819,6.422363],[3.447207,6.422341],[3.445416,6.422373],[3.444117,6.422479],[3.442669,6.422639],[3.441408,6.422659],[3.427694,6.422639],[3.427483,6.422603]]}},{"type":"Feature","properties":{"highway":"tertiary","name":"","bridge":false,"osm_id":1450410177},"geometry":{"type":"LineString","coordinates":[[3.427483,6.422603],[3.42748,6.422482],[3.427629,6.422422],[3.428156,6.422346],[3.429196,6.422326],[3.431746,6.422365],[3.4333,6.422324],[3.442816,6.422326],[3.443457,6.422306],[3.446307,6.422054],[3.447226,6.422047],[3.44932,6.422168],[3.450376,6.422302],[3.451661,6.422282]]}},{"type":"Feature","properties":{"highway":"secondary","name":"","bridge":true,"osm_id":505413825},"geometry":{"type":"LineString","coordinates":[[3.424528,6.416168],[3.42439,6.416611]]}},{"type":"Feature","properties":{"highway":"secondary","name":"","bridge":false,"osm_id":626035328},"geometry":{"type":"LineString","coordinates":[[3.423876,6.418536],[3.42398,6.418269],[3.424117,6.417282],[3.424303,6.416597]]}},{"type":"Feature","properties":{"highway":"secondary","name":"","bridge":false,"osm_id":626035339},"geometry":{"type":"LineString","coordinates":[[3.42439,6.416611],[3.424243,6.417156],[3.424169,6.417589],[3.424141,6.417977],[3.42415,6.418172],[3.424286,6.418577]]}},{"type":"Feature","properties":{"highway":"secondary","name":"","bridge":true,"osm_id":626035341},"geometry":{"type":"LineString","coordinates":[[3.424303,6.416597],[3.42443,6.416143]]}},{"type":"Feature","properties":{"highway":"tertiary_link","name":"","bridge":false,"osm_id":766913858},"geometry":{"type":"LineString","coordinates":[[3.424069,6.415955],[3.42429,6.415902],[3.424597,6.415663]]}},{"type":"Feature","properties":{"highway":"tertiary_link","name":"","bridge":false,"osm_id":1511952029},"geometry":{"type":"LineString","coordinates":[[3.424172,6.417036],[3.424081,6.416743],[3.423936,6.416525]]}},{"type":"Feature","properties":{"highway":"tertiary","name":"Kasumu Ekemode Street","bridge":false,"osm_id":5196509},"geometry":{"type":"LineString","coordinates":[[3.422178,6.427024],[3.422174,6.424757],[3.422198,6.423928]]}},{"type":"Feature","properties":{"highway":"secondary","name":"Adetokunbo Ademola Street","bridge":false,"osm_id":5196518},"geometry":{"type":"LineString","coordinates":[[3.430206,6.431006],[3.430116,6.430726],[3.430024,6.430273],[3.429698,6.428058],[3.429608,6.427641],[3.42938,6.42684],[3.429237,6.426457],[3.427414,6.422687]]}},{"type":"Feature","properties":{"highway":"secondary","name":"Adetokunbo Ademola Street","bridge":false,"osm_id":8564522},"geometry":{"type":"LineString","coordinates":[[3.427483,6.422603],[3.429386,6.42655],[3.429736,6.427642],[3.430191,6.43059],[3.430281,6.430735],[3.43043,6.430794]]}},{"type":"Feature","properties":{"highway":"primary","name":"Akin Adesola Street","bridge":false,"osm_id":215492880},"geometry":{"type":"LineString","coordinates":[[3.424119,6.436544],[3.424011,6.436124],[3.423936,6.435597],[3.423876,6.434589],[3.423913,6.422611]]}},{"type":"Feature","properties":{"highway":"secondary","name":"","bridge":false,"osm_id":399257322},"geometry":{"type":"LineString","coordinates":[[3.424276,6.419253],[3.424148,6.419464],[3.424123,6.419563],[3.424002,6.422609]]}},{"type":"Feature","properties":{"highway":"primary","name":"Akin Adesola Street","bridge":false,"osm_id":525026796},"geometry":{"type":"LineString","coordinates":[[3.424002,6.424835],[3.423976,6.427082],[3.423974,6.434949],[3.424063,6.435868],[3.42426,6.436707]]}},{"type":"Feature","properties":{"highway":"tertiary","name":"Karimu Kotun Street","bridge":false,"osm_id":525026798},"geometry":{"type":"LineString","coordinates":[[3.424002,6.424835],[3.42461,6.424815],[3.424932,6.424875],[3.425094,6.424951],[3.425348,6.42514],[3.425437,6.425254],[3.425528,6.425431],[3.425606,6.425686],[3.425629,6.425872],[3.425614,6.431122]]}},{"type":"Feature","properties":{"highway":"secondary","name":"","bridge":false,"osm_id":766913859},"geometry":{"type":"LineString","coordinates":[[3.423649,6.418792],[3.423766,6.418607],[3.423876,6.418536],[3.424015,6.418501],[3.424157,6.418516],[3.424286,6.418577],[3.424378,6.418668],[3.424438,6.418783],[3.424447,6.41901],[3.424405,6.419112],[3.424276,6.419253],[3.424066,6.419322],[3.423955,6.419313],[3.423788,6.419235],[3.423692,6.419126],[3.423635,6.418973],[3.423649,6.418792]]}},{"type":"Feature","properties":{"highway":"tertiary","name":"Karimu Kotun Street","bridge":false,"osm_id":5150266},"geometry":{"type":"LineString","coordinates":[[3.423906,6.424838],[3.424002,6.424835]]}},{"type":"Feature","properties":{"highway":"primary","name":"Akin Adesola Street","bridge":false,"osm_id":8160805},"geometry":{"type":"LineString","coordinates":[[3.424002,6.422609],[3.424002,6.424835]]}},{"type":"Feature","properties":{"highway":"trunk","name":"Ahmadu Bello Way","bridge":false,"osm_id":16369652},"geometry":{"type":"LineString","coordinates":[[3.427414,6.422687],[3.427262,6.42263],[3.424961,6.422702],[3.423998,6.422686]]}},{"type":"Feature","properties":{"highway":"trunk","name":"Ahmadu Bello Way","bridge":false,"osm_id":133790502},"geometry":{"type":"LineString","coordinates":[[3.424002,6.422609],[3.425146,6.422634],[3.427315,6.422535],[3.427483,6.422603]]}},{"type":"Feature","properties":{"highway":"secondary","name":"","bridge":false,"osm_id":626035342},"geometry":{"type":"LineString","coordinates":[[3.423913,6.422611],[3.423949,6.419575],[3.42385,6.419274]]}},{"type":"Feature","properties":{"highway":"trunk","name":"","bridge":false,"osm_id":1434388184},"geometry":{"type":"LineString","coordinates":[[3.427414,6.422687],[3.427483,6.422603]]}},{"type":"Feature","properties":{"highway":"secondary_link","name":"","bridge":false,"osm_id":641988222},"geometry":{"type":"LineString","coordinates":[[3.427881,6.423401],[3.427792,6.42344]]}},{"type":"Feature","properties":{"highway":"secondary","name":"Adeola Odeku Street","bridge":false,"osm_id":5150268},"geometry":{"type":"LineString","coordinates":[[3.423978,6.429245],[3.422908,6.429246],[3.422015,6.42935],[3.421348,6.429505],[3.419225,6.430088],[3.417726,6.43043],[3.416502,6.430611],[3.414675,6.430643],[3.41332,6.430632],[3.412714,6.430598],[3.411971,6.430449],[3.410997,6.430152],[3.410489,6.430045],[3.410032,6.430012],[3.408799,6.430015]]}},{"type":"Feature","properties":{"highway":"tertiary","name":"Saka Tinubu Street","bridge":false,"osm_id":5196508},"geometry":{"type":"LineString","coordinates":[[3.423976,6.427082],[3.422178,6.427024],[3.419942,6.427039],[3.416512,6.426992]]}},{"type":"Feature","properties":{"highway":"trunk","name":"Ozumba Mbadiwe Avenue","bridge":false,"osm_id":8564506},"geometry":{"type":"LineString","coordinates":[[3.408038,6.437204],[3.408226,6.437391],[3.40879,6.43774],[3.409206,6.437937],[3.409678,6.438067],[3.410169,6.438103],[3.410404,6.43809],[3.410776,6.438031],[3.411167,6.437887],[3.412963,6.436943],[3.413213,6.436824],[3.413896,6.436572],[3.414518,6.436413],[3.415258,6.436278],[3.415942,6.436214],[3.41668,6.436218],[3.417188,6.43626],[3.417814,6.436365],[3.42058,6.436963],[3.421225,6.437145],[3.422351,6.437548],[3.423775,6.438162]]}},{"type":"Feature","properties":{"highway":"tertiary","name":"Musa Yardua Street","bridge":false,"osm_id":91332500},"geometry":{"type":"LineString","coordinates":[[3.419673,6.431708],[3.417095,6.432142],[3.416867,6.432209],[3.416694,6.432346],[3.416563,6.432529],[3.416502,6.432784],[3.416503,6.43535]]}},{"type":"Feature","properties":{"highway":"tertiary","name":"Kofo Abayomi Road","bridge":false,"osm_id":91332506},"geometry":{"type":"LineString","coordinates":[[3.410689,6.436071],[3.411212,6.436102],[3.412132,6.436044],[3.412503,6.435969],[3.413563,6.435655],[3.414346,6.435487],[3.415102,6.435378],[3.415512,6.435352],[3.416503,6.43535],[3.417152,6.435402],[3.41806,6.435508],[3.41837,6.435605],[3.420094,6.435777]]}},{"type":"Feature","properties":{"highway":"tertiary","name":"Elsie Femi Pearse Street","bridge":false,"osm_id":91332515},"geometry":{"type":"LineString","coordinates":[[3.411354,6.436096],[3.411413,6.431094],[3.411603,6.430256]]}},{"type":"Feature","properties":{"highway":"tertiary","name":"Idowu Martins Street","bridge":false,"osm_id":91332521},"geometry":{"type":"LineString","coordinates":[[3.419225,6.430088],[3.419971,6.432777],[3.420226,6.433851],[3.420274,6.43438],[3.420228,6.434952],[3.420094,6.435777]]}},{"type":"Feature","properties":{"highway":"tertiary","name":"Anifowoshe Street","bridge":false,"osm_id":91332551},"geometry":{"type":"LineString","coordinates":[[3.415198,6.43056],[3.415198,6.433727],[3.415102,6.435378]]}},{"type":"Feature","properties":{"highway":"secondary","name":"Adeola Odeku Street","bridge":false,"osm_id":134684101},"geometry":{"type":"LineString","coordinates":[[3.408799,6.429916],[3.409958,6.429925],[3.410598,6.429977],[3.412301,6.430437],[3.412756,6.430519],[3.414605,6.430563],[3.416504,6.430526],[3.416995,6.430481],[3.417688,6.43035],[3.420277,6.429723],[3.422001,6.429268],[3.422924,6.42916],[3.423977,6.429164]]}},{"type":"Feature","properties":{"highway":"tertiary","name":"Akin-Olugbade Street","bridge":false,"osm_id":224073230},"geometry":{"type":"LineString","coordinates":[[3.41961,6.431442],[3.422858,6.430586],[3.423008,6.430506],[3.423122,6.430393],[3.423189,6.430223],[3.423206,6.429157]]}},{"type":"Feature","properties":{"highway":"tertiary","name":"Kofo Abayomi Road","bridge":false,"osm_id":415781957},"geometry":{"type":"LineString","coordinates":[[3.420094,6.435777],[3.420725,6.435892],[3.42169,6.436238],[3.422072,6.436326],[3.422255,6.436322],[3.422534,6.436262],[3.422864,6.436071],[3.423094,6.435795],[3.42321,6.435515],[3.423255,6.435312],[3.423208,6.433229],[3.423137,6.432911],[3.422913,6.43256],[3.422692,6.432381],[3.422422,6.432274],[3.422037,6.432256],[3.421842,6.432286],[3.419971,6.432777]]}},{"type":"Feature","properties":{"highway":"trunk","name":"Ahmadu Bello Way","bridge":false,"osm_id":133790492},"geometry":{"type":"LineString","coordinates":[[3.408773,6.434645],[3.40864,6.435283],[3.408492,6.435823]]}},{"type":"Feature","properties":{"highway":"trunk_link","name":"","bridge":false,"osm_id":133790497},"geometry":{"type":"LineString","coordinates":[[3.408773,6.434645],[3.408802,6.434867],[3.408618,6.435678],[3.408424,6.436283],[3.408033,6.437169]]}},{"type":"Feature","properties":{"highway":"trunk","name":"Ahmadu Bello Way","bridge":false,"osm_id":133790500},"geometry":{"type":"LineString","coordinates":[[3.408402,6.43579],[3.408667,6.434639]]}},{"type":"Feature","properties":{"highway":"tertiary","name":"Kofo Abayomi Street","bridge":false,"osm_id":152404233},"geometry":{"type":"LineString","coordinates":[[3.410616,6.438148],[3.410515,6.437473],[3.410492,6.437029],[3.410552,6.436515],[3.410689,6.436071]]}},{"type":"Feature","properties":{"highway":"tertiary","name":"Adeleke Adedoyin Street","bridge":false,"osm_id":91332483},"geometry":{"type":"LineString","coordinates":[[3.4165,6.433404],[3.417988,6.433384],[3.41821,6.433463],[3.418337,6.433652],[3.418396,6.433813],[3.41837,6.435605]]}},{"type":"Feature","properties":{"highway":"tertiary","name":"Bhojsons Way","bridge":false,"osm_id":146604664},"geometry":{"type":"LineString","coordinates":[[3.419339,6.435694],[3.419306,6.43677]]}},{"type":"Feature","properties":{"highway":"trunk_link","name":"","bridge":false,"osm_id":610029900},"geometry":{"type":"LineString","coordinates":[[3.416676,6.436303],[3.41668,6.436218]]}},{"type":"Feature","properties":{"highway":"tertiary","name":"Eletu Ogabi","bridge":false,"osm_id":107554130},"geometry":{"type":"LineString","coordinates":[[3.421348,6.429505],[3.421323,6.429431],[3.421322,6.42704]]}},{"type":"Feature","properties":{"highway":"secondary","name":"Sanusi Fafunwa Street","bridge":false,"osm_id":525198069},"geometry":{"type":"LineString","coordinates":[[3.424156,6.431153],[3.424092,6.431178],[3.423979,6.431298]]}},{"type":"Feature","properties":{"highway":"secondary","name":"Sanusi Fafunwa Street","bridge":false,"osm_id":525198070},"geometry":{"type":"LineString","coordinates":[[3.424156,6.431153],[3.423881,6.431111]]}},{"type":"Feature","properties":{"highway":"tertiary","name":"Ajose Adeogun Street","bridge":false,"osm_id":16369591},"geometry":{"type":"LineString","coordinates":[[3.430724,6.430859],[3.430926,6.43094],[3.431485,6.430931]]}},{"type":"Feature","properties":{"highway":"tertiary","name":"Ajose Adeogun Street","bridge":true,"osm_id":529444300},"geometry":{"type":"LineString","coordinates":[[3.431485,6.430931],[3.431655,6.430928]]}},{"type":"Feature","properties":{"highway":"tertiary","name":"Ajose Adeogun Street","bridge":false,"osm_id":529444302},"geometry":{"type":"LineString","coordinates":[[3.431478,6.43104],[3.43081,6.431094]]}},{"type":"Feature","properties":{"highway":"tertiary","name":"Ajose Adeogun Street","bridge":true,"osm_id":529444303},"geometry":{"type":"LineString","coordinates":[[3.431646,6.431036],[3.431478,6.43104]]}},{"type":"Feature","properties":{"highway":"secondary","name":"Ajose Adeogun Roundabout","bridge":false,"osm_id":566407678},"geometry":{"type":"LineString","coordinates":[[3.43043,6.430794],[3.430724,6.430859],[3.430801,6.430906],[3.430837,6.431002],[3.43081,6.431094],[3.430688,6.431135],[3.430296,6.431109],[3.43025,6.431083],[3.430194,6.430948],[3.430217,6.430866],[3.430294,6.430811],[3.43043,6.430794]]}},{"type":"Feature","properties":{"highway":"secondary_link","name":"","bridge":false,"osm_id":598999094},"geometry":{"type":"LineString","coordinates":[[3.430676,6.431771],[3.430764,6.431771]]}},{"type":"Feature","properties":{"highway":"primary","name":"Alfred Rewane","bridge":true,"osm_id":5150262},"geometry":{"type":"LineString","coordinates":[[3.427935,6.446243],[3.427203,6.444014],[3.426581,6.442463],[3.424702,6.43809]]}},{"type":"Feature","properties":{"highway":"tertiary","name":"Bishop Aboyade Cole Street","bridge":false,"osm_id":8166406},"geometry":{"type":"LineString","coordinates":[[3.430657,6.43433],[3.436412,6.434354],[3.436969,6.434399],[3.437252,6.434463],[3.437521,6.434568],[3.437763,6.434706],[3.438172,6.435032],[3.439052,6.435968],[3.439369,6.4364],[3.439426,6.436543],[3.439458,6.436797],[3.439369,6.437541],[3.439429,6.437747]]}},{"type":"Feature","properties":{"highway":"secondary","name":"Adeyemo Alakija Street","bridge":false,"osm_id":11680597},"geometry":{"type":"LineString","coordinates":[[3.424602,6.431155],[3.424595,6.433306],[3.424632,6.434621],[3.424669,6.435033],[3.424802,6.43586],[3.425092,6.436796]]}},{"type":"Feature","properties":{"highway":"tertiary","name":"Ajose Adeogun Street","bridge":false,"osm_id":16369599},"geometry":{"type":"LineString","coordinates":[[3.44109,6.430461],[3.439788,6.430457],[3.439389,6.430486],[3.437583,6.43101],[3.436946,6.431096],[3.436282,6.431112],[3.431646,6.431036]]}},{"type":"Feature","properties":{"highway":"tertiary","name":"Idowu Taylor Street","bridge":false,"osm_id":91332541},"geometry":{"type":"LineString","coordinates":[[3.429368,6.433256],[3.427464,6.433305],[3.424595,6.433306]]}},{"type":"Feature","properties":{"highway":"tertiary","name":"Adeola Hopewell Street","bridge":false,"osm_id":152870394},"geometry":{"type":"LineString","coordinates":[[3.425479,6.437763],[3.425839,6.437624],[3.426224,6.437569],[3.428851,6.437555],[3.429053,6.437506],[3.429163,6.437444],[3.429278,6.437314],[3.429336,6.437182],[3.429364,6.437022],[3.429372,6.436739],[3.429368,6.432821]]}},{"type":"Feature","properties":{"highway":"secondary","name":"Sanusi Fafunwa Street","bridge":false,"osm_id":477552838},"geometry":{"type":"LineString","coordinates":[[3.430296,6.431109],[3.430011,6.43114],[3.42656,6.431113],[3.424156,6.431153]]}},{"type":"Feature","properties":{"highway":"tertiary","name":"Adeola Hopewell Street","bridge":false,"osm_id":518457028},"geometry":{"type":"LineString","coordinates":[[3.429368,6.432821],[3.429385,6.431141]]}},{"type":"Feature","properties":{"highway":"secondary","name":"Adetokunbo Ademola Street","bridge":false,"osm_id":525026793},"geometry":{"type":"LineString","coordinates":[[3.430483,6.439699],[3.430627,6.438609],[3.430669,6.437827],[3.430679,6.43159],[3.43066,6.431258],[3.430551,6.431126]]}},{"type":"Feature","properties":{"highway":"secondary","name":"Adetokunbo Ademola Street","bridge":false,"osm_id":525200473},"geometry":{"type":"LineString","coordinates":[[3.430784,6.431118],[3.430765,6.431286],[3.430758,6.438124],[3.43063,6.439359],[3.430564,6.43971]]}},{"type":"Feature","properties":{"highway":"tertiary","name":"Ajose Adeogun Street","bridge":false,"osm_id":529444301},"geometry":{"type":"LineString","coordinates":[[3.431655,6.430928],[3.436302,6.431007],[3.436951,6.430993],[3.437554,6.430906],[3.438066,6.430779],[3.439399,6.430366],[3.439786,6.430342],[3.441093,6.430383]]}},{"type":"Feature","properties":{"highway":"secondary","name":"Adeyemo Alakija Street","bridge":false,"osm_id":559542313},"geometry":{"type":"LineString","coordinates":[[3.425606,6.438503],[3.425608,6.438582],[3.425463,6.438988]]}},{"type":"Feature","properties":{"highway":"secondary","name":"Adeyemo Alakija Street","bridge":false,"osm_id":559542315},"geometry":{"type":"LineString","coordinates":[[3.425412,6.438969],[3.425606,6.438503]]}},{"type":"Feature","properties":{"highway":"trunk_link","name":"","bridge":false,"osm_id":559542317},"geometry":{"type":"LineString","coordinates":[[3.425608,6.438582],[3.42569,6.438826],[3.425801,6.438908],[3.42604,6.43902]]}},{"type":"Feature","properties":{"highway":"tertiary","name":"Bishop Aboyade Cole Street","bridge":false,"osm_id":625815429},"geometry":{"type":"LineString","coordinates":[[3.439328,6.437818],[3.439298,6.437665],[3.439414,6.436827],[3.439389,6.436676],[3.439288,6.436426],[3.439016,6.436032],[3.438114,6.435069],[3.43786,6.434856],[3.437539,6.434639],[3.437089,6.43449],[3.436574,6.434425],[3.430657,6.434416]]}},{"type":"Feature","properties":{"highway":"primary","name":"Falomo Bridge","bridge":true,"osm_id":1061545450},"geometry":{"type":"LineString","coordinates":[[3.424784,6.438067],[3.425464,6.439602]]}},{"type":"Feature","properties":{"highway":"trunk","name":"Ozumba Mbadiwe Avenue","bridge":false,"osm_id":1061563113},"geometry":{"type":"LineString","coordinates":[[3.425052,6.438708],[3.42604,6.43902]]}},{"type":"Feature","properties":{"highway":"primary","name":"Akin Adesola Street","bridge":false,"osm_id":10740235},"geometry":{"type":"LineString","coordinates":[[3.424536,6.437708],[3.424364,6.437314],[3.424119,6.436544]]}},{"type":"Feature","properties":{"highway":"tertiary","name":"Churchgate Street","bridge":false,"osm_id":91332507},"geometry":{"type":"LineString","coordinates":[[3.427517,6.437565],[3.42751,6.435003],[3.427464,6.433305]]}},{"type":"Feature","properties":{"highway":"trunk_link","name":"","bridge":false,"osm_id":133749803},"geometry":{"type":"LineString","coordinates":[[3.424536,6.437708],[3.424365,6.437434],[3.424259,6.437322],[3.424083,6.437234],[3.423895,6.437219],[3.423745,6.437256],[3.423613,6.437336],[3.423495,6.437466]]}},{"type":"Feature","properties":{"highway":"primary_link","name":"","bridge":false,"osm_id":133750714},"geometry":{"type":"LineString","coordinates":[[3.42426,6.436707],[3.424394,6.436842],[3.424546,6.436895],[3.424654,6.436896],[3.424976,6.436765],[3.425092,6.436796]]}},{"type":"Feature","properties":{"highway":"primary_link","name":"","bridge":false,"osm_id":133750721},"geometry":{"type":"LineString","coordinates":[[3.425092,6.436796],[3.425006,6.436898],[3.424679,6.437019],[3.424566,6.437123],[3.424531,6.43724],[3.424642,6.437746]]}},{"type":"Feature","properties":{"highway":"primary","name":"Akin Adesola Street","bridge":false,"osm_id":215492893},"geometry":{"type":"LineString","coordinates":[[3.42426,6.436707],[3.424478,6.437372],[3.424642,6.437746]]}},{"type":"Feature","properties":{"highway":"trunk_link","name":"","bridge":false,"osm_id":415781959},"geometry":{"type":"LineString","coordinates":[[3.422351,6.437548],[3.42305,6.437773],[3.423166,6.437766],[3.423285,6.43767]]}},{"type":"Feature","properties":{"highway":"primary","name":"Akin Adesola Street","bridge":false,"osm_id":416084175},"geometry":{"type":"LineString","coordinates":[[3.424642,6.437746],[3.424784,6.438067]]}},{"type":"Feature","properties":{"highway":"trunk_link","name":"","bridge":false,"osm_id":416084181},"geometry":{"type":"LineString","coordinates":[[3.423146,6.438004],[3.423302,6.437635],[3.423432,6.437407],[3.42364,6.437208],[3.423957,6.437009],[3.424048,6.436907],[3.424114,6.436723],[3.424119,6.436544]]}},{"type":"Feature","properties":{"highway":"trunk_link","name":"","bridge":false,"osm_id":485889484},"geometry":{"type":"LineString","coordinates":[[3.423495,6.437466],[3.423395,6.437712],[3.423408,6.437849],[3.423486,6.437956],[3.423775,6.438162]]}},{"type":"Feature","properties":{"highway":"secondary","name":"Adeyemo Alakija Street","bridge":false,"osm_id":525198068},"geometry":{"type":"LineString","coordinates":[[3.425092,6.436796],[3.425231,6.437167]]}},{"type":"Feature","properties":{"highway":"trunk_link","name":"","bridge":false,"osm_id":559542319},"geometry":{"type":"LineString","coordinates":[[3.425052,6.438708],[3.425346,6.438718],[3.425457,6.438664],[3.425568,6.438562]]}},{"type":"Feature","properties":{"highway":"primary_link","name":"","bridge":false,"osm_id":610896870},"geometry":{"type":"LineString","coordinates":[[3.425231,6.437167],[3.425049,6.436974],[3.424893,6.43694]]}},{"type":"Feature","properties":{"highway":"secondary","name":"Adeyemo Alakija Street","bridge":false,"osm_id":828131207},"geometry":{"type":"LineString","coordinates":[[3.425479,6.437763],[3.425602,6.438308],[3.425606,6.438503]]}},{"type":"Feature","properties":{"highway":"trunk_link","name":"","bridge":false,"osm_id":1061547105},"geometry":{"type":"LineString","coordinates":[[3.423495,6.437466],[3.423399,6.437588],[3.4232,6.43803]]}},{"type":"Feature","properties":{"highway":"primary","name":"Akin Adesola Street","bridge":false,"osm_id":1061547106},"geometry":{"type":"LineString","coordinates":[[3.424702,6.43809],[3.424536,6.437708]]}},{"type":"Feature","properties":{"highway":"secondary","name":"Adeyemo Alakija Street","bridge":false,"osm_id":1061563111},"geometry":{"type":"LineString","coordinates":[[3.425231,6.437167],[3.425479,6.437763]]}},{"type":"Feature","properties":{"highway":"trunk","name":"Ozumba Mbadiwe Avenue","bridge":false,"osm_id":1061563115},"geometry":{"type":"LineString","coordinates":[[3.423775,6.438162],[3.425052,6.438708]]}},{"type":"Feature","properties":{"highway":"tertiary","name":"Oniru Estate","bridge":false,"osm_id":152407759},"geometry":{"type":"LineString","coordinates":[[3.441115,6.424613],[3.443951,6.423998],[3.444293,6.423965],[3.447936,6.423921],[3.450005,6.424042]]}},{"type":"Feature","properties":{"highway":"secondary","name":"","bridge":false,"osm_id":294869705},"geometry":{"type":"LineString","coordinates":[[3.442729,6.433094],[3.442749,6.432861],[3.443629,6.429617],[3.443999,6.428885],[3.444321,6.42838],[3.445034,6.427576],[3.446523,6.426121],[3.446827,6.426027],[3.448301,6.425766],[3.448906,6.425617],[3.449859,6.425459],[3.450698,6.425409],[3.451229,6.425422],[3.457084,6.425701],[3.457174,6.425737],[3.457228,6.425862],[3.45723,6.426228],[3.45689,6.433463],[3.457015,6.433666]]}},{"type":"Feature","properties":{"highway":"tertiary","name":"Oniru Estate","bridge":false,"osm_id":294869711},"geometry":{"type":"LineString","coordinates":[[3.45,6.424122],[3.448092,6.424],[3.446464,6.423999],[3.44419,6.424065],[3.443688,6.424134],[3.441851,6.424539],[3.441116,6.424763]]}},{"type":"Feature","properties":{"highway":"secondary","name":"","bridge":false,"osm_id":294869725},"geometry":{"type":"LineString","coordinates":[[3.45,6.425547],[3.448934,6.425714],[3.448636,6.425798],[3.447079,6.42605],[3.446702,6.426144],[3.446473,6.426287],[3.446136,6.426584],[3.445097,6.427639],[3.444485,6.428298],[3.444114,6.428806],[3.443789,6.429433],[3.443607,6.429944],[3.442811,6.432883],[3.442849,6.432968]]}},{"type":"Feature","properties":{"highway":"tertiary","name":"Water Corporation Road","bridge":false,"osm_id":583246854},"geometry":{"type":"LineString","coordinates":[[3.441104,6.423003],[3.441112,6.427618],[3.441076,6.430247]]}},{"type":"Feature","properties":{"highway":"tertiary","name":"","bridge":false,"osm_id":1450410169},"geometry":{"type":"LineString","coordinates":[[3.441104,6.423003],[3.440874,6.422775],[3.440424,6.422666]]}},{"type":"Feature","properties":{"highway":"tertiary","name":"","bridge":false,"osm_id":1450410170},"geometry":{"type":"LineString","coordinates":[[3.441408,6.422659],[3.441212,6.422799],[3.441104,6.423003]]}},{"type":"Feature","properties":{"highway":"secondary","name":"Princely Court Road","bridge":false,"osm_id":152870243},"geometry":{"type":"LineString","coordinates":[[3.457138,6.425908],[3.457097,6.425825],[3.45702,6.425775],[3.454828,6.425687],[3.452418,6.425536],[3.451157,6.425477],[3.450457,6.4255],[3.45,6.425547]]}},{"type":"Feature","properties":{"highway":"tertiary","name":"Trinity Avenue","bridge":false,"osm_id":556872670},"geometry":{"type":"LineString","coordinates":[[3.450155,6.424067],[3.452872,6.42433],[3.454326,6.424585],[3.454674,6.424755]]}},{"type":"Feature","properties":{"highway":"tertiary","name":"Water Corporation Road","bridge":false,"osm_id":591608515},"geometry":{"type":"LineString","coordinates":[[3.450155,6.424067],[3.45,6.424122]]}},{"type":"Feature","properties":{"highway":"tertiary","name":"","bridge":false,"osm_id":591608516},"geometry":{"type":"LineString","coordinates":[[3.450005,6.424042],[3.450155,6.424067]]}},{"type":"Feature","properties":{"highway":"tertiary","name":"Water Corporation Road","bridge":false,"osm_id":639926915},"geometry":{"type":"LineString","coordinates":[[3.450005,6.424042],[3.45,6.424122]]}},{"type":"Feature","properties":{"highway":"secondary_link","name":"","bridge":false,"osm_id":1459305982},"geometry":{"type":"LineString","coordinates":[[3.448934,6.425713],[3.448906,6.425617]]}},{"type":"Feature","properties":{"highway":"trunk_link","name":"","bridge":false,"osm_id":1465189190},"geometry":{"type":"LineString","coordinates":[[3.451585,6.422939],[3.451597,6.422787],[3.451671,6.422517]]}},{"type":"Feature","properties":{"highway":"tertiary","name":"","bridge":false,"osm_id":1557850810},"geometry":{"type":"LineString","coordinates":[[3.451664,6.42062],[3.451671,6.422517]]}},{"type":"Feature","properties":{"highway":"trunk_link","name":"","bridge":false,"osm_id":1450410173},"geometry":{"type":"LineString","coordinates":[[3.457174,6.425737],[3.45734,6.425511]]}},{"type":"Feature","properties":{"highway":"trunk_link","name":"","bridge":false,"osm_id":1549722541},"geometry":{"type":"LineString","coordinates":[[3.45734,6.425511],[3.457212,6.42538],[3.457068,6.425295]]}},{"type":"Feature","properties":{"highway":"trunk_link","name":"","bridge":false,"osm_id":1549722542},"geometry":{"type":"LineString","coordinates":[[3.457604,6.42536],[3.45734,6.425511]]}},{"type":"Feature","properties":{"highway":"secondary_link","name":"","bridge":false,"osm_id":1549722544},"geometry":{"type":"LineString","coordinates":[[3.455759,6.425716],[3.455763,6.425641]]}},{"type":"Feature","properties":{"highway":"tertiary","name":"Akinbolagbe Street","bridge":false,"osm_id":107569426},"geometry":{"type":"LineString","coordinates":[[3.44096,6.431758],[3.442191,6.431728],[3.443123,6.431768]]}},{"type":"Feature","properties":{"highway":"tertiary_link","name":"T.Y. Danjuma Street","bridge":false,"osm_id":107569434},"geometry":{"type":"LineString","coordinates":[[3.442195,6.431812],[3.442191,6.431729]]}},{"type":"Feature","properties":{"highway":"tertiary","name":"Akinbolagbe Street","bridge":false,"osm_id":604051491},"geometry":{"type":"LineString","coordinates":[[3.443105,6.431834],[3.442195,6.431812],[3.440954,6.43185]]}},{"type":"Feature","properties":{"highway":"tertiary","name":"Ligali Ayorinde Street","bridge":false,"osm_id":1156532564},"geometry":{"type":"LineString","coordinates":[[3.441018,6.430377],[3.441076,6.430247]]}},{"type":"Feature","properties":{"highway":"tertiary","name":"Ligali Ayorinde Street","bridge":false,"osm_id":1156532565},"geometry":{"type":"LineString","coordinates":[[3.441076,6.430247],[3.441093,6.430383]]}},{"type":"Feature","properties":{"highway":"secondary_link","name":"","bridge":false,"osm_id":1459311144},"geometry":{"type":"LineString","coordinates":[[3.445097,6.427639],[3.445034,6.427576]]}},{"type":"Feature","properties":{"highway":"trunk","name":"Maroko Road","bridge":false,"osm_id":216689318},"geometry":{"type":"LineString","coordinates":[[3.439992,6.437186],[3.441143,6.436417],[3.442186,6.435826],[3.442622,6.435611]]}},{"type":"Feature","properties":{"highway":"tertiary","name":"Ligali Ayorinde Street","bridge":false,"osm_id":216768526},"geometry":{"type":"LineString","coordinates":[[3.440517,6.436489],[3.440603,6.43658],[3.44082,6.436615]]}},{"type":"Feature","properties":{"highway":"trunk","name":"Lekki-Epe Expressway","bridge":false,"osm_id":216882038},"geometry":{"type":"LineString","coordinates":[[3.449393,6.436614],[3.447157,6.436126],[3.445008,6.435483],[3.444624,6.435422]]}},{"type":"Feature","properties":{"highway":"tertiary","name":"Ligali Ayorinde Street","bridge":false,"osm_id":525377048},"geometry":{"type":"LineString","coordinates":[[3.440973,6.433787],[3.440838,6.434012],[3.440567,6.434265],[3.440373,6.434355],[3.439505,6.434531],[3.439345,6.434593],[3.43919,6.434776],[3.439072,6.435124]]}},{"type":"Feature","properties":{"highway":"trunk","name":"Maroko Road","bridge":false,"osm_id":556245674},"geometry":{"type":"LineString","coordinates":[[3.442594,6.435774],[3.441238,6.436536],[3.440054,6.437309]]}},{"type":"Feature","properties":{"highway":"trunk_link","name":"Lekki-Epe Expressway","bridge":false,"osm_id":828782105},"geometry":{"type":"LineString","coordinates":[[3.444887,6.435254],[3.449191,6.436318]]}},{"type":"Feature","properties":{"highway":"trunk_link","name":"Lekki-Epe Expressway","bridge":false,"osm_id":828782106},"geometry":{"type":"LineString","coordinates":[[3.444887,6.435254],[3.445216,6.435227],[3.446295,6.435382],[3.447738,6.435695],[3.449191,6.436318]]}},{"type":"Feature","properties":{"highway":"trunk_link","name":"Lekki-Epe Expressway","bridge":false,"osm_id":828782109},"geometry":{"type":"LineString","coordinates":[[3.449393,6.436614],[3.448845,6.436418],[3.445116,6.43545],[3.444624,6.435422]]}},{"type":"Feature","properties":{"highway":"trunk_link","name":"Lekki-Epe Expressway","bridge":false,"osm_id":828782110},"geometry":{"type":"LineString","coordinates":[[3.449393,6.436614],[3.448139,6.436468],[3.446376,6.436058],[3.44516,6.435526]]}},{"type":"Feature","properties":{"highway":"trunk","name":"Ozumba Mbadiwe Avenue","bridge":false,"osm_id":1066546779},"geometry":{"type":"LineString","coordinates":[[3.436822,6.439046],[3.437482,6.438681]]}},{"type":"Feature","properties":{"highway":"trunk","name":"Ozumba Mbadiwe Avenue","bridge":false,"osm_id":1066546781},"geometry":{"type":"LineString","coordinates":[[3.439755,6.437509],[3.439328,6.437818],[3.438936,6.438053],[3.436892,6.439173]]}},{"type":"Feature","properties":{"highway":"tertiary","name":"Ligali Ayorinde Street","bridge":false,"osm_id":1156532568},"geometry":{"type":"LineString","coordinates":[[3.440904,6.433733],[3.441018,6.430377]]}},{"type":"Feature","properties":{"highway":"tertiary","name":"Ligali Ayorinde Street","bridge":false,"osm_id":1156532569},"geometry":{"type":"LineString","coordinates":[[3.439024,6.43511],[3.439146,6.434753],[3.439232,6.434632],[3.439318,6.434566],[3.439475,6.434499],[3.44035,6.434302],[3.440655,6.434095],[3.440856,6.433844],[3.440904,6.433733]]}},{"type":"Feature","properties":{"highway":"tertiary","name":"Ligali Ayorinde Street","bridge":false,"osm_id":1156532570},"geometry":{"type":"LineString","coordinates":[[3.441093,6.430383],[3.440973,6.433787]]}},{"type":"Feature","properties":{"highway":"trunk","name":"Lekki-Epe Expressway","bridge":false,"osm_id":1422598171},"geometry":{"type":"LineString","coordinates":[[3.444887,6.435254],[3.445468,6.435336],[3.44659,6.43555],[3.448295,6.436007],[3.449191,6.436318]]}},{"type":"Feature","properties":{"highway":"tertiary","name":"Ligali Ayorinde Street","bridge":false,"osm_id":107569428},"geometry":{"type":"LineString","coordinates":[[3.439037,6.435253],[3.438918,6.435598],[3.43877,6.43577]]}},{"type":"Feature","properties":{"highway":"trunk","name":"Maroko Road","bridge":true,"osm_id":216768516},"geometry":{"type":"LineString","coordinates":[[3.440054,6.437309],[3.439755,6.437509]]}},{"type":"Feature","properties":{"highway":"trunk","name":"Maroko Road","bridge":true,"osm_id":216768520},"geometry":{"type":"LineString","coordinates":[[3.439669,6.437409],[3.439992,6.437186]]}},{"type":"Feature","properties":{"highway":"tertiary","name":"Ligali Ayorinde Street","bridge":false,"osm_id":216768521},"geometry":{"type":"LineString","coordinates":[[3.440438,6.436873],[3.440525,6.436692],[3.440517,6.436489]]}},{"type":"Feature","properties":{"highway":"tertiary","name":"Ligali Ayorinde Street","bridge":false,"osm_id":216768528},"geometry":{"type":"LineString","coordinates":[[3.440517,6.436489],[3.440491,6.435966],[3.44052,6.434831],[3.44035,6.434302]]}},{"type":"Feature","properties":{"highway":"tertiary","name":"Ligali Ayorinde Street","bridge":true,"osm_id":525377047},"geometry":{"type":"LineString","coordinates":[[3.439072,6.435124],[3.439037,6.435253]]}},{"type":"Feature","properties":{"highway":"trunk_link","name":"","bridge":false,"osm_id":583246856},"geometry":{"type":"LineString","coordinates":[[3.439388,6.437329],[3.439465,6.437422],[3.439599,6.437459]]}},{"type":"Feature","properties":{"highway":"trunk","name":"Ozumba Mbadiwe Avenue","bridge":false,"osm_id":1066546778},"geometry":{"type":"LineString","coordinates":[[3.437482,6.438681],[3.439078,6.437804],[3.439669,6.437409]]}},{"type":"Feature","properties":{"highway":"tertiary","name":"Ligali Ayorinde Street","bridge":false,"osm_id":1156532566},"geometry":{"type":"LineString","coordinates":[[3.438736,6.435734],[3.438872,6.435577],[3.43899,6.435238]]}},{"type":"Feature","properties":{"highway":"tertiary","name":"Ligali Ayorinde Street","bridge":true,"osm_id":1156532567},"geometry":{"type":"LineString","coordinates":[[3.43899,6.435238],[3.439024,6.43511]]}},{"type":"Feature","properties":{"highway":"trunk_link","name":"","bridge":false,"osm_id":106497230},"geometry":{"type":"LineString","coordinates":[[3.442186,6.435826],[3.44239,6.435643],[3.442511,6.435392]]}},{"type":"Feature","properties":{"highway":"secondary","name":"Chief Yesufu Abiodun Way","bridge":false,"osm_id":107551960},"geometry":{"type":"LineString","coordinates":[[3.442477,6.434751],[3.442649,6.433486],[3.442729,6.433094]]}},{"type":"Feature","properties":{"highway":"secondary","name":"Chief Yesufu Abiodun Way","bridge":false,"osm_id":216689324},"geometry":{"type":"LineString","coordinates":[[3.442533,6.435176],[3.442653,6.435748]]}},{"type":"Feature","properties":{"highway":"secondary","name":"Chief Yesufu Abiodun Way","bridge":false,"osm_id":216689332},"geometry":{"type":"LineString","coordinates":[[3.442581,6.434943],[3.442522,6.434876],[3.442477,6.434751]]}},{"type":"Feature","properties":{"highway":"trunk_link","name":"","bridge":false,"osm_id":216689342},"geometry":{"type":"LineString","coordinates":[[3.44257,6.435387],[3.442764,6.435463],[3.442998,6.435457]]}},{"type":"Feature","properties":{"highway":"trunk","name":"Lekki-Epe Expressway","bridge":false,"osm_id":1098502552},"geometry":{"type":"LineString","coordinates":[[3.443978,6.435257],[3.444297,6.435228],[3.444887,6.435254]]}},{"type":"Feature","properties":{"highway":"trunk","name":"Lekki-Epe Expressway","bridge":false,"osm_id":1098502553},"geometry":{"type":"LineString","coordinates":[[3.442622,6.435611],[3.443209,6.435383],[3.443618,6.43529],[3.443978,6.435257]]}},{"type":"Feature","properties":{"highway":"secondary","name":"Chief Yesufu Abiodun Way","bridge":false,"osm_id":1156532562},"geometry":{"type":"LineString","coordinates":[[3.442581,6.434943],[3.442531,6.435044],[3.442533,6.435176]]}},{"type":"Feature","properties":{"highway":"secondary","name":"Chief Yesufu Abiodun Way","bridge":false,"osm_id":1156532563},"geometry":{"type":"LineString","coordinates":[[3.442511,6.435392],[3.442438,6.434936],[3.442439,6.43484],[3.442477,6.434751]]}},{"type":"Feature","properties":{"highway":"trunk","name":"Lekki-Epe Expressway","bridge":false,"osm_id":1422598172},"geometry":{"type":"LineString","coordinates":[[3.444624,6.435422],[3.444101,6.43541],[3.443449,6.435478],[3.443052,6.435592],[3.442594,6.435774]]}},{"type":"Feature","properties":{"highway":"secondary","name":"Chief Yesufu Abiodun Way","bridge":false,"osm_id":1444627432},"geometry":{"type":"LineString","coordinates":[[3.442594,6.435774],[3.442511,6.435392]]}},{"type":"Feature","properties":{"highway":"secondary","name":"","bridge":false,"osm_id":1539535201},"geometry":{"type":"LineString","coordinates":[[3.442729,6.433094],[3.442849,6.432968]]}},{"type":"Feature","properties":{"highway":"tertiary","name":"T.F. Kuboye Road","bridge":false,"osm_id":107551932},"geometry":{"type":"LineString","coordinates":[[3.457109,6.42878],[3.459764,6.42892],[3.468119,6.429278]]}},{"type":"Feature","properties":{"highway":"tertiary","name":"The Providence Street","bridge":false,"osm_id":152898326},"geometry":{"type":"LineString","coordinates":[[3.468746,6.432014],[3.468631,6.431945],[3.462188,6.43185],[3.460393,6.431879],[3.460312,6.431888],[3.460189,6.431963]]}},{"type":"Feature","properties":{"highway":"primary","name":"Admiralty Way","bridge":false,"osm_id":216882041},"geometry":{"type":"LineString","coordinates":[[3.456373,6.437202],[3.456518,6.437556],[3.456597,6.438083],[3.456554,6.43853],[3.456388,6.438957],[3.456251,6.439182],[3.45604,6.439419],[3.454672,6.440436],[3.454412,6.440761],[3.454304,6.44103],[3.454262,6.441261],[3.45427,6.441621],[3.454404,6.442938],[3.454459,6.443233],[3.454573,6.443506],[3.454752,6.443759],[3.455082,6.444015],[3.458755,6.445859]]}},{"type":"Feature","properties":{"highway":"trunk","name":"Lekki-Epe Expressway","bridge":false,"osm_id":216882043},"geometry":{"type":"LineString","coordinates":[[3.456051,6.43517],[3.457168,6.434115],[3.459742,6.4312],[3.460143,6.430833],[3.460627,6.430508],[3.46088,6.43038],[3.461153,6.430273],[3.461711,6.430118],[3.462286,6.430055],[3.462565,6.430055],[3.466072,6.430538]]}},{"type":"Feature","properties":{"highway":"trunk","name":"Lekki-Epe Expressway","bridge":false,"osm_id":294869724},"geometry":{"type":"LineString","coordinates":[[3.467768,6.430997],[3.467114,6.430849],[3.462848,6.43021],[3.462305,6.430179],[3.462042,6.4302],[3.461512,6.430299],[3.461255,6.430376],[3.460986,6.430472],[3.460429,6.430776],[3.459857,6.431255],[3.457903,6.433524],[3.457002,6.434491]]}},{"type":"Feature","properties":{"highway":"secondary","name":"Akiogun Road","bridge":false,"osm_id":294869776},"geometry":{"type":"LineString","coordinates":[[3.456872,6.434099],[3.456787,6.43393],[3.456783,6.433771],[3.45703,6.429255],[3.457138,6.425908]]}},{"type":"Feature","properties":{"highway":"tertiary","name":"Otunba Adedoyin Ogungbe Crescent","bridge":false,"osm_id":536506097},"geometry":{"type":"LineString","coordinates":[[3.460189,6.431963],[3.458587,6.43383],[3.457036,6.435534],[3.456965,6.435712],[3.45696,6.436421]]}},{"type":"Feature","properties":{"highway":"tertiary","name":"Otunba Adedoyin Ogungbe Crescent","bridge":false,"osm_id":536506099},"geometry":{"type":"LineString","coordinates":[[3.456886,6.436419],[3.456892,6.435683],[3.456966,6.435515],[3.460112,6.43191]]}},{"type":"Feature","properties":{"highway":"tertiary","name":"The Providence Street","bridge":false,"osm_id":536506100},"geometry":{"type":"LineString","coordinates":[[3.460112,6.43191],[3.460169,6.431854],[3.4603,6.431804],[3.46219,6.431771],[3.46864,6.43187],[3.468745,6.431821]]}},{"type":"Feature","properties":{"highway":"trunk","name":"Lekki-Epe Expressway","bridge":false,"osm_id":556245673},"geometry":{"type":"LineString","coordinates":[[3.449191,6.436318],[3.450159,6.436731],[3.451799,6.43761],[3.452182,6.437758],[3.45253,6.437802],[3.452927,6.437768],[3.453118,6.437716],[3.453513,6.437534],[3.453811,6.43729],[3.454461,6.436623]]}},{"type":"Feature","properties":{"highway":"primary","name":"Admiralty Way","bridge":false,"osm_id":1024775163},"geometry":{"type":"LineString","coordinates":[[3.458704,6.445935],[3.454948,6.444047],[3.454701,6.443858],[3.454581,6.443723],[3.454433,6.443472],[3.454346,6.443226],[3.454282,6.442836],[3.454153,6.441386],[3.454214,6.440989],[3.454277,6.440825],[3.454438,6.440547],[3.454666,6.440305],[3.455993,6.439299],[3.456108,6.439176],[3.456289,6.438902],[3.45642,6.438571]]}},{"type":"Feature","properties":{"highway":"trunk","name":"Lekki-Epe Expressway","bridge":false,"osm_id":1422598170},"geometry":{"type":"LineString","coordinates":[[3.453811,6.437486],[3.453552,6.437678],[3.453087,6.437879],[3.452754,6.437934],[3.452212,6.437907],[3.452034,6.437862],[3.451681,6.437714],[3.450005,6.436832],[3.449393,6.436614]]}},{"type":"Feature","properties":{"highway":"trunk","name":"","bridge":false,"osm_id":1444627433},"geometry":{"type":"LineString","coordinates":[[3.448263,6.436267],[3.448228,6.436172],[3.448324,6.436102]]}},{"type":"Feature","properties":{"highway":"trunk","name":"","bridge":false,"osm_id":216882042},"geometry":{"type":"LineString","coordinates":[[3.456119,6.435362],[3.455268,6.436165]]}},{"type":"Feature","properties":{"highway":"trunk","name":"","bridge":false,"osm_id":216882044},"geometry":{"type":"LineString","coordinates":[[3.455268,6.436165],[3.454584,6.436776]]}},{"type":"Feature","properties":{"highway":"secondary","name":"Akiogun Road","bridge":false,"osm_id":230421947},"geometry":{"type":"LineString","coordinates":[[3.457015,6.433666],[3.457247,6.433729],[3.457568,6.433681]]}},{"type":"Feature","properties":{"highway":"secondary","name":"Akiogun Road","bridge":false,"osm_id":230421948},"geometry":{"type":"LineString","coordinates":[[3.456831,6.434436],[3.456909,6.434234],[3.456872,6.434099]]}},{"type":"Feature","properties":{"highway":"tertiary","name":"Otunba Adedoyin Ogungbe Crescent","bridge":false,"osm_id":536506098},"geometry":{"type":"LineString","coordinates":[[3.456923,6.436506],[3.456907,6.437194]]}},{"type":"Feature","properties":{"highway":"tertiary_link","name":"","bridge":false,"osm_id":536506101},"geometry":{"type":"LineString","coordinates":[[3.457541,6.434867],[3.457602,6.434921]]}},{"type":"Feature","properties":{"highway":"tertiary_link","name":"","bridge":false,"osm_id":536506102},"geometry":{"type":"LineString","coordinates":[[3.459203,6.432961],[3.459277,6.433024]]}},{"type":"Feature","properties":{"highway":"tertiary","name":"Otunba Adedoyin Ogungbe Crescent","bridge":false,"osm_id":591608508},"geometry":{"type":"LineString","coordinates":[[3.456923,6.436506],[3.456886,6.436419]]}},{"type":"Feature","properties":{"highway":"tertiary","name":"Otunba Adedoyin Ogungbe Crescent","bridge":false,"osm_id":591608511},"geometry":{"type":"LineString","coordinates":[[3.45696,6.436421],[3.456923,6.436506]]}},{"type":"Feature","properties":{"highway":"trunk","name":"Lekki-Epe Expressway","bridge":false,"osm_id":606301070},"geometry":{"type":"LineString","coordinates":[[3.454938,6.436098],[3.455338,6.435642],[3.456051,6.43517]]}},{"type":"Feature","properties":{"highway":"primary_link","name":"","bridge":false,"osm_id":992678456},"geometry":{"type":"LineString","coordinates":[[3.455769,6.436692],[3.455862,6.436623]]}},{"type":"Feature","properties":{"highway":"trunk","name":"Lekki-Epe Expressway","bridge":false,"osm_id":1066545889},"geometry":{"type":"LineString","coordinates":[[3.454585,6.436776],[3.453811,6.437486]]}},{"type":"Feature","properties":{"highway":"primary","name":"Admiralty Way","bridge":false,"osm_id":1066545891},"geometry":{"type":"LineString","coordinates":[[3.455741,6.436498],[3.456373,6.437202]]}},{"type":"Feature","properties":{"highway":"trunk","name":"Lekki-Epe Expressway","bridge":false,"osm_id":1066545894},"geometry":{"type":"LineString","coordinates":[[3.457002,6.434491],[3.456119,6.435362]]}},{"type":"Feature","properties":{"highway":"primary","name":"Admiralty Way","bridge":false,"osm_id":1098282430},"geometry":{"type":"LineString","coordinates":[[3.45642,6.438571],[3.456498,6.438098],[3.456462,6.437805],[3.456387,6.437541],[3.456168,6.437139],[3.455716,6.436634]]}},{"type":"Feature","properties":{"highway":"trunk","name":"Lekki-Epe Expressway","bridge":false,"osm_id":1426055778},"geometry":{"type":"LineString","coordinates":[[3.454461,6.436623],[3.454938,6.436098]]}},{"type":"Feature","properties":{"highway":"trunk_link","name":"","bridge":false,"osm_id":1426980353},"geometry":{"type":"LineString","coordinates":[[3.456409,6.435064],[3.45546,6.435864],[3.455391,6.435884],[3.45535,6.435834],[3.455353,6.435791]]}},{"type":"Feature","properties":{"highway":"trunk_link","name":"","bridge":false,"osm_id":1426980354},"geometry":{"type":"LineString","coordinates":[[3.454461,6.436623],[3.454596,6.436565],[3.455044,6.436151],[3.455356,6.436091]]}},{"type":"Feature","properties":{"highway":"trunk_link","name":"","bridge":false,"osm_id":1426980355},"geometry":{"type":"LineString","coordinates":[[3.455268,6.436165],[3.455251,6.435978],[3.455353,6.435791],[3.455886,6.435356],[3.456051,6.43517]]}},{"type":"Feature","properties":{"highway":"trunk_link","name":"","bridge":false,"osm_id":1426980356},"geometry":{"type":"LineString","coordinates":[[3.455688,6.435778],[3.455622,6.436116],[3.455658,6.436322],[3.455741,6.436498]]}},{"type":"Feature","properties":{"highway":"primary","name":"Admiralty Way","bridge":false,"osm_id":1426980357},"geometry":{"type":"LineString","coordinates":[[3.455716,6.436634],[3.455268,6.436165]]}},{"type":"Feature","properties":{"highway":"primary","name":"Admiralty Way","bridge":false,"osm_id":1426980358},"geometry":{"type":"LineString","coordinates":[[3.455356,6.436091],[3.455741,6.436498]]}},{"type":"Feature","properties":{"highway":"trunk_link","name":"","bridge":false,"osm_id":1426980359},"geometry":{"type":"LineString","coordinates":[[3.455716,6.436634],[3.455491,6.436511],[3.455378,6.436479],[3.455251,6.436469],[3.454837,6.436532]]}},{"type":"Feature","properties":{"highway":"secondary_link","name":"","bridge":false,"osm_id":1539535200},"geometry":{"type":"LineString","coordinates":[[3.457015,6.433666],[3.45705,6.433726],[3.457044,6.433794],[3.456974,6.43388],[3.456877,6.433876],[3.456783,6.433771]]}},{"type":"Feature","properties":{"highway":"secondary","name":"Awolowo Road","bridge":false,"osm_id":1061539536},"geometry":{"type":"LineString","coordinates":[[3.408964,6.443852],[3.408674,6.443956]]}},{"type":"Feature","properties":{"highway":"secondary","name":"Awolowo Road","bridge":false,"osm_id":1061543655},"geometry":{"type":"LineString","coordinates":[[3.408942,6.443784],[3.409249,6.44368]]}},{"type":"Feature","properties":{"highway":"secondary","name":"Awolowo Road","bridge":false,"osm_id":1061543656},"geometry":{"type":"LineString","coordinates":[[3.408817,6.443827],[3.408942,6.443784]]}},{"type":"Feature","properties":{"highway":"tertiary","name":"St. Gregory's College Road","bridge":false,"osm_id":1061543657},"geometry":{"type":"LineString","coordinates":[[3.409272,6.443737],[3.40976,6.445169]]}},{"type":"Feature","properties":{"highway":"tertiary","name":"St. Gregory's College Road","bridge":false,"osm_id":1061543658},"geometry":{"type":"LineString","coordinates":[[3.409249,6.44368],[3.409272,6.443737]]}},{"type":"Feature","properties":{"highway":"secondary","name":"Awolowo Road","bridge":false,"osm_id":1061543659},"geometry":{"type":"LineString","coordinates":[[3.40788,6.444123],[3.408817,6.443827]]}},{"type":"Feature","properties":{"highway":"secondary","name":"Keffi Street","bridge":false,"osm_id":1113603143},"geometry":{"type":"LineString","coordinates":[[3.415149,6.4421],[3.415131,6.442002]]}},{"type":"Feature","properties":{"highway":"secondary","name":"Keffi Street","bridge":false,"osm_id":11690136},"geometry":{"type":"LineString","coordinates":[[3.415018,6.449706],[3.415262,6.442973],[3.415245,6.442636],[3.415149,6.4421]]}},{"type":"Feature","properties":{"highway":"tertiary","name":"St. Gregory's College Road","bridge":false,"osm_id":129725802},"geometry":{"type":"LineString","coordinates":[[3.40976,6.445169],[3.41007,6.445832],[3.410084,6.445914],[3.409974,6.448818],[3.409944,6.449178],[3.409836,6.44966]]}},{"type":"Feature","properties":{"highway":"secondary","name":"Ikoyi Road","bridge":false,"osm_id":129725866},"geometry":{"type":"LineString","coordinates":[[3.421022,6.45332],[3.420965,6.453344],[3.420812,6.453291],[3.41748,6.451914],[3.416811,6.451714],[3.416528,6.451665],[3.416048,6.451628],[3.414457,6.451618],[3.414132,6.451678],[3.413196,6.452024],[3.412797,6.452052],[3.412487,6.451991],[3.412067,6.451787],[3.410526,6.450586],[3.409566,6.450054]]}},{"type":"Feature","properties":{"highway":"secondary","name":"Murtala Muhammed Drive","bridge":false,"osm_id":129730393},"geometry":{"type":"LineString","coordinates":[[3.425237,6.450278],[3.42517,6.45027],[3.419103,6.452465]]}},{"type":"Feature","properties":{"highway":"secondary","name":"Awolowo Road","bridge":false,"osm_id":133753448},"geometry":{"type":"LineString","coordinates":[[3.425416,6.444491],[3.42384,6.444487],[3.423529,6.444455],[3.423217,6.444363],[3.42274,6.444094],[3.421301,6.442864],[3.420885,6.442622],[3.42043,6.442458],[3.416791,6.441908],[3.41617,6.441895],[3.415831,6.441941],[3.415149,6.4421]]}},{"type":"Feature","properties":{"highway":"secondary","name":"Obalende Road","bridge":false,"osm_id":133781037},"geometry":{"type":"LineString","coordinates":[[3.415016,6.44977],[3.411189,6.449706],[3.410188,6.449753],[3.409892,6.449815]]}},{"type":"Feature","properties":{"highway":"secondary","name":"Obalende Road","bridge":false,"osm_id":133781050},"geometry":{"type":"LineString","coordinates":[[3.411369,6.449636],[3.415018,6.449706],[3.415016,6.44977]]}},{"type":"Feature","properties":{"highway":"motorway_link","name":"","bridge":true,"osm_id":133781063},"geometry":{"type":"LineString","coordinates":[[3.409114,6.450676],[3.408663,6.451116],[3.408459,6.451456],[3.408423,6.451626],[3.408466,6.452184]]}},{"type":"Feature","properties":{"highway":"secondary","name":"Ikoyi Road","bridge":false,"osm_id":215397533},"geometry":{"type":"LineString","coordinates":[[3.410662,6.450571],[3.412042,6.451655],[3.412296,6.451822],[3.412555,6.451921],[3.412871,6.451968],[3.413151,6.45194],[3.414218,6.45156],[3.414569,6.451513],[3.41568,6.451518],[3.416552,6.451564],[3.416964,6.451643],[3.417553,6.451838],[3.421011,6.453262],[3.421022,6.45332]]}},{"type":"Feature","properties":{"highway":"secondary","name":"Awolowo Road","bridge":false,"osm_id":598412509},"geometry":{"type":"LineString","coordinates":[[3.415131,6.442002],[3.416042,6.441803],[3.416579,6.441792],[3.420373,6.442358],[3.420654,6.442431],[3.420935,6.442553],[3.42132,6.442798],[3.422693,6.443996],[3.422992,6.444209],[3.423299,6.444341],[3.423476,6.444387],[3.423992,6.444431]]}},{"type":"Feature","properties":{"highway":"secondary","name":"Awolowo Road","bridge":false,"osm_id":1113603142},"geometry":{"type":"LineString","coordinates":[[3.409249,6.44368],[3.411183,6.443087],[3.411522,6.442947],[3.412426,6.442649],[3.414122,6.442217],[3.415131,6.442002]]}},{"type":"Feature","properties":{"highway":"secondary","name":"Awolowo Road","bridge":false,"osm_id":1113603144},"geometry":{"type":"LineString","coordinates":[[3.415149,6.4421],[3.412446,6.442699],[3.411197,6.44315],[3.409951,6.443509],[3.408964,6.443852]]}},{"type":"Feature","properties":{"highway":"secondary","name":"Obalende Road","bridge":true,"osm_id":133781034},"geometry":{"type":"LineString","coordinates":[[3.409142,6.449592],[3.409464,6.449676],[3.40977,6.449705],[3.410966,6.449645]]}},{"type":"Feature","properties":{"highway":"motorway_link","name":"","bridge":false,"osm_id":133781036},"geometry":{"type":"LineString","coordinates":[[3.40921,6.450265],[3.40933,6.449824]]}},{"type":"Feature","properties":{"highway":"secondary","name":"Obalende Road","bridge":false,"osm_id":133781053},"geometry":{"type":"LineString","coordinates":[[3.409698,6.449611],[3.410143,6.449616],[3.410871,6.449574],[3.41113,6.449582],[3.411369,6.449636]]}},{"type":"Feature","properties":{"highway":"secondary","name":"Obalende Road","bridge":false,"osm_id":133781055},"geometry":{"type":"LineString","coordinates":[[3.409432,6.449989],[3.408682,6.449655],[3.408395,6.449584],[3.408,6.449547]]}},{"type":"Feature","properties":{"highway":"secondary","name":"Obalende Road","bridge":false,"osm_id":133781056},"geometry":{"type":"LineString","coordinates":[[3.410966,6.449645],[3.411369,6.449636]]}},{"type":"Feature","properties":{"highway":"motorway_link","name":"","bridge":true,"osm_id":133781060},"geometry":{"type":"LineString","coordinates":[[3.408046,6.449953],[3.408278,6.450559],[3.408407,6.450702],[3.408559,6.450774],[3.40874,6.450787],[3.408962,6.450706],[3.40912,6.45052],[3.40921,6.450265]]}},{"type":"Feature","properties":{"highway":"secondary","name":"F271","bridge":true,"osm_id":133781062},"geometry":{"type":"LineString","coordinates":[[3.409142,6.449592],[3.409523,6.44977],[3.409882,6.449988],[3.410662,6.450571]]}},{"type":"Feature","properties":{"highway":"secondary_link","name":"","bridge":false,"osm_id":215135595},"geometry":{"type":"LineString","coordinates":[[3.409874,6.449883],[3.410688,6.450513],[3.410837,6.450708]]}},{"type":"Feature","properties":{"highway":"motorway_link","name":"","bridge":false,"osm_id":215135598},"geometry":{"type":"LineString","coordinates":[[3.409742,6.450033],[3.409114,6.450676]]}},{"type":"Feature","properties":{"highway":"secondary","name":"","bridge":false,"osm_id":215135600},"geometry":{"type":"LineString","coordinates":[[3.409647,6.45006],[3.40948,6.450021],[3.40936,6.449908],[3.40933,6.449824],[3.409338,6.449693],[3.40941,6.449611],[3.409698,6.449611],[3.409875,6.449699],[3.409892,6.449815],[3.409821,6.449965],[3.409742,6.450033],[3.409647,6.45006]]}},{"type":"Feature","properties":{"highway":"secondary","name":"","bridge":false,"osm_id":215397532},"geometry":{"type":"LineString","coordinates":[[3.408257,6.449305],[3.408303,6.449275],[3.4085,6.449285],[3.409463,6.449597]]}},{"type":"Feature","properties":{"highway":"secondary","name":"Obalende Road","bridge":false,"osm_id":598412504},"geometry":{"type":"LineString","coordinates":[[3.407966,6.449346],[3.408257,6.449305],[3.408312,6.449335],[3.408447,6.449344]]}},{"type":"Feature","properties":{"highway":"secondary","name":"Obalende Road","bridge":true,"osm_id":1480490431},"geometry":{"type":"LineString","coordinates":[[3.408447,6.449344],[3.408628,6.449383],[3.409142,6.449592]]}},{"type":"Feature","properties":{"highway":"primary_link","name":"","bridge":true,"osm_id":133751878},"geometry":{"type":"LineString","coordinates":[[3.426537,6.442047],[3.426801,6.442471]]}},{"type":"Feature","properties":{"highway":"secondary","name":"Awolowo Road","bridge":false,"osm_id":133751880},"geometry":{"type":"LineString","coordinates":[[3.426738,6.444487],[3.426865,6.444474],[3.427029,6.444387]]}},{"type":"Feature","properties":{"highway":"primary_link","name":"","bridge":false,"osm_id":133751881},"geometry":{"type":"LineString","coordinates":[[3.427351,6.443929],[3.427467,6.444228]]}},{"type":"Feature","properties":{"highway":"primary_link","name":"","bridge":true,"osm_id":133751882},"geometry":{"type":"LineString","coordinates":[[3.42712,6.444011],[3.426551,6.442576]]}},{"type":"Feature","properties":{"highway":"primary_link","name":"","bridge":false,"osm_id":133751883},"geometry":{"type":"LineString","coordinates":[[3.427077,6.44431],[3.42713,6.444177],[3.42712,6.444011]]}},{"type":"Feature","properties":{"highway":"trunk_link","name":"","bridge":true,"osm_id":406227367},"geometry":{"type":"LineString","coordinates":[[3.426557,6.439413],[3.426211,6.439345],[3.425976,6.439349],[3.425786,6.439394],[3.425542,6.439499],[3.425464,6.439602]]}},{"type":"Feature","properties":{"highway":"primary_link","name":"","bridge":true,"osm_id":627612283},"geometry":{"type":"LineString","coordinates":[[3.426801,6.442471],[3.427351,6.443929]]}},{"type":"Feature","properties":{"highway":"primary_link","name":"","bridge":true,"osm_id":627612284},"geometry":{"type":"LineString","coordinates":[[3.426551,6.442576],[3.426427,6.4421]]}},{"type":"Feature","properties":{"highway":"secondary","name":"Awolowo Road","bridge":false,"osm_id":1059928623},"geometry":{"type":"LineString","coordinates":[[3.425414,6.444421],[3.426738,6.444487]]}},{"type":"Feature","properties":{"highway":"secondary","name":"Awolowo Road","bridge":false,"osm_id":1059928624},"geometry":{"type":"LineString","coordinates":[[3.423992,6.444431],[3.425414,6.444421]]}},{"type":"Feature","properties":{"highway":"secondary","name":"Awolowo Road","bridge":false,"osm_id":1059928626},"geometry":{"type":"LineString","coordinates":[[3.42656,6.444541],[3.425416,6.444491]]}},{"type":"Feature","properties":{"highway":"secondary","name":"Awolowo Road","bridge":false,"osm_id":1059928627},"geometry":{"type":"LineString","coordinates":[[3.427055,6.444666],[3.426951,6.444587],[3.426852,6.444556],[3.42656,6.444541]]}},{"type":"Feature","properties":{"highway":"primary","name":"Falomo Bridge","bridge":true,"osm_id":1061545449},"geometry":{"type":"LineString","coordinates":[[3.425464,6.439602],[3.426537,6.442047]]}},{"type":"Feature","properties":{"highway":"tertiary","name":"Oyinkan Abayomi Drive","bridge":false,"osm_id":559388105},"geometry":{"type":"LineString","coordinates":[[3.431176,6.444143],[3.431208,6.444078]]}},{"type":"Feature","properties":{"highway":"primary","name":"Bourdillon Road","bridge":false,"osm_id":1059928726},"geometry":{"type":"LineString","coordinates":[[3.428919,6.443905],[3.429325,6.443815],[3.429853,6.443788],[3.430115,6.443803]]}},{"type":"Feature","properties":{"highway":"primary","name":"Bourdillon Road","bridge":false,"osm_id":1059928727},"geometry":{"type":"LineString","coordinates":[[3.427558,6.444301],[3.427764,6.4443],[3.428919,6.443905]]}},{"type":"Feature","properties":{"highway":"primary","name":"Bourdillon Road","bridge":false,"osm_id":1059928728},"geometry":{"type":"LineString","coordinates":[[3.428939,6.443979],[3.427758,6.444401],[3.427632,6.444516]]}},{"type":"Feature","properties":{"highway":"primary","name":"Bourdillon Road","bridge":false,"osm_id":1059928729},"geometry":{"type":"LineString","coordinates":[[3.429315,6.44389],[3.428939,6.443979]]}},{"type":"Feature","properties":{"highway":"secondary","name":"Ikoyi Club Road","bridge":false,"osm_id":5150235},"geometry":{"type":"LineString","coordinates":[[3.426318,6.453184],[3.429947,6.451849]]}},{"type":"Feature","properties":{"highway":"primary","name":"Alfred Rewane Road","bridge":false,"osm_id":10739754},"geometry":{"type":"LineString","coordinates":[[3.432815,6.460152],[3.432845,6.459969],[3.432811,6.459725],[3.429947,6.451849]]}},{"type":"Feature","properties":{"highway":"primary","name":"Falomo Bridge","bridge":true,"osm_id":10740237},"geometry":{"type":"LineString","coordinates":[[3.426537,6.442047],[3.427295,6.443993],[3.428036,6.446215]]}},{"type":"Feature","properties":{"highway":"secondary","name":"Adekunle Lawal Road","bridge":false,"osm_id":129730336},"geometry":{"type":"LineString","coordinates":[[3.425753,6.451644],[3.421314,6.453263]]}},{"type":"Feature","properties":{"highway":"tertiary","name":"Thompson Avenue","bridge":false,"osm_id":129730366},"geometry":{"type":"LineString","coordinates":[[3.436315,6.457623],[3.435605,6.457035],[3.433339,6.450924],[3.432617,6.448896],[3.432488,6.448345]]}},{"type":"Feature","properties":{"highway":"tertiary","name":"Thompson Avenue","bridge":false,"osm_id":129730399},"geometry":{"type":"LineString","coordinates":[[3.433299,6.444881],[3.432431,6.447311],[3.432373,6.447731]]}},{"type":"Feature","properties":{"highway":"secondary","name":"Mobolaji Johnson Road","bridge":false,"osm_id":133748762},"geometry":{"type":"LineString","coordinates":[[3.429367,6.461532],[3.425506,6.450967],[3.425328,6.450364],[3.425237,6.450278]]}},{"type":"Feature","properties":{"highway":"primary_link","name":"","bridge":false,"osm_id":133750715},"geometry":{"type":"LineString","coordinates":[[3.428195,6.447027],[3.427695,6.445771],[3.427447,6.445068],[3.427392,6.444976],[3.427152,6.444764]]}},{"type":"Feature","properties":{"highway":"primary","name":"Falomo Roundabout","bridge":false,"osm_id":133751877},"geometry":{"type":"LineString","coordinates":[[3.427016,6.444578],[3.427029,6.444387],[3.427143,6.444246],[3.427219,6.444208],[3.427302,6.444192],[3.427467,6.444228],[3.427558,6.444301],[3.427626,6.444439],[3.427625,6.444567],[3.427565,6.444694],[3.427417,6.444797],[3.427236,6.444801],[3.427152,6.444764],[3.427055,6.444666],[3.427016,6.444578]]}},{"type":"Feature","properties":{"highway":"primary_link","name":"","bridge":false,"osm_id":133751879},"geometry":{"type":"LineString","coordinates":[[3.42761,6.444615],[3.427946,6.445733],[3.428308,6.446797],[3.428349,6.447041]]}},{"type":"Feature","properties":{"highway":"tertiary","name":"Glover Road","bridge":false,"osm_id":224328446},"geometry":{"type":"LineString","coordinates":[[3.442635,6.45162],[3.441812,6.451776],[3.438913,6.452018],[3.438201,6.452138],[3.436777,6.452654],[3.435494,6.453075],[3.425092,6.456898]]}},{"type":"Feature","properties":{"highway":"trunk_link","name":"","bridge":false,"osm_id":318002792},"geometry":{"type":"LineString","coordinates":[[3.428051,6.439474],[3.427135,6.439487],[3.426557,6.439413]]}},{"type":"Feature","properties":{"highway":"primary","name":"Bourdillon Road","bridge":false,"osm_id":505413821},"geometry":{"type":"LineString","coordinates":[[3.438658,6.446719],[3.436182,6.445854],[3.435731,6.445743],[3.430573,6.443947],[3.430057,6.443868],[3.429779,6.443857],[3.429315,6.44389]]}},{"type":"Feature","properties":{"highway":"secondary","name":"Oba Adeyinka Oyekan Avenue","bridge":false,"osm_id":558109881},"geometry":{"type":"LineString","coordinates":[[3.428007,6.461062],[3.427178,6.460064],[3.426416,6.459017],[3.425438,6.457478],[3.424486,6.455821],[3.423753,6.454327],[3.422579,6.451224]]}},{"type":"Feature","properties":{"highway":"trunk","name":"Ozumba Mbadiwe Avenue","bridge":false,"osm_id":1061563112},"geometry":{"type":"LineString","coordinates":[[3.42604,6.43902],[3.426896,6.439224],[3.428134,6.439345]]}},{"type":"Feature","properties":{"highway":"trunk","name":"Ozumba Mbadiwe Avenue","bridge":false,"osm_id":1061563114},"geometry":{"type":"LineString","coordinates":[[3.428134,6.439345],[3.429659,6.439434],[3.430596,6.439553],[3.431707,6.439825],[3.433716,6.440476],[3.434277,6.440527],[3.434543,6.440504],[3.43484,6.440434],[3.435349,6.440198],[3.436822,6.439046]]}},{"type":"Feature","properties":{"highway":"primary","name":"Alfred Rewane Road","bridge":false,"osm_id":1095180656},"geometry":{"type":"LineString","coordinates":[[3.429336,6.449712],[3.430188,6.452057]]}},{"type":"Feature","properties":{"highway":"primary","name":"Alfred Rewane Road","bridge":false,"osm_id":5150231},"geometry":{"type":"LineString","coordinates":[[3.428036,6.446215],[3.428926,6.448591]]}},{"type":"Feature","properties":{"highway":"tertiary","name":"Thompson Roundabout","bridge":false,"osm_id":129730338},"geometry":{"type":"LineString","coordinates":[[3.432364,6.448137],[3.432301,6.448079],[3.432298,6.44801],[3.43235,6.44795],[3.432426,6.447944],[3.432481,6.447987],[3.432496,6.448055],[3.432461,6.448118],[3.432364,6.448137]]}},{"type":"Feature","properties":{"highway":"secondary","name":"Ikoyi Club Road","bridge":false,"osm_id":504468137},"geometry":{"type":"LineString","coordinates":[[3.429947,6.451849],[3.430095,6.451795]]}},{"type":"Feature","properties":{"highway":"primary","name":"Alfred Rewane Road","bridge":false,"osm_id":504468138},"geometry":{"type":"LineString","coordinates":[[3.429947,6.451849],[3.428195,6.447027],[3.427935,6.446243]]}},{"type":"Feature","properties":{"highway":"primary","name":"Alfred Rewane Road","bridge":false,"osm_id":1095180655},"geometry":{"type":"LineString","coordinates":[[3.428926,6.448591],[3.429336,6.449712]]}},{"type":"Feature","properties":{"highway":"tertiary","name":"Thompson Avenue","bridge":false,"osm_id":1539924030},"geometry":{"type":"LineString","coordinates":[[3.432461,6.448118],[3.432488,6.448345]]}},{"type":"Feature","properties":{"highway":"tertiary","name":"Thompson Avenue","bridge":false,"osm_id":1539924031},"geometry":{"type":"LineString","coordinates":[[3.432488,6.448345],[3.432364,6.448137]]}},{"type":"Feature","properties":{"highway":"tertiary","name":"Thompson Avenue","bridge":false,"osm_id":1539924034},"geometry":{"type":"LineString","coordinates":[[3.432373,6.447731],[3.432426,6.447944]]}},{"type":"Feature","properties":{"highway":"tertiary","name":"Thompson Avenue","bridge":false,"osm_id":1539924035},"geometry":{"type":"LineString","coordinates":[[3.43235,6.44795],[3.432373,6.447731]]}},{"type":"Feature","properties":{"highway":"motorway_link","name":"","bridge":true,"osm_id":88669623},"geometry":{"type":"LineString","coordinates":[[3.40848,6.456427],[3.40885,6.45645],[3.408975,6.456407],[3.409143,6.456277]]}},{"type":"Feature","properties":{"highway":"motorway_link","name":"","bridge":false,"osm_id":88669663},"geometry":{"type":"LineString","coordinates":[[3.408629,6.453176],[3.408936,6.454658],[3.409077,6.455148],[3.409285,6.45571],[3.409655,6.456529],[3.409943,6.457019],[3.410281,6.45747],[3.410552,6.457737]]}},{"type":"Feature","properties":{"highway":"motorway_link","name":"","bridge":false,"osm_id":93855611},"geometry":{"type":"LineString","coordinates":[[3.409143,6.456277],[3.40923,6.456098],[3.409231,6.455843],[3.409112,6.455629],[3.409006,6.455549],[3.408764,6.455477],[3.408544,6.455531],[3.408403,6.455637],[3.408229,6.455838]]}},{"type":"Feature","properties":{"highway":"motorway_link","name":"","bridge":true,"osm_id":93855612},"geometry":{"type":"LineString","coordinates":[[3.408577,6.457222],[3.408617,6.457099],[3.408613,6.456892],[3.408536,6.456689],[3.408429,6.456527]]}},{"type":"Feature","properties":{"highway":"primary","name":"Osborne Road","bridge":false,"osm_id":215492887},"geometry":{"type":"LineString","coordinates":[[3.411056,6.458286],[3.410708,6.458053]]}},{"type":"Feature","properties":{"highway":"motorway","name":"Ring Road","bridge":false,"osm_id":215492889},"geometry":{"type":"LineString","coordinates":[[3.408072,6.455696],[3.408306,6.455132],[3.40841,6.454752],[3.408472,6.454334],[3.40849,6.453616],[3.408396,6.452938]]}},{"type":"Feature","properties":{"highway":"motorway_link","name":"","bridge":false,"osm_id":507242118},"geometry":{"type":"LineString","coordinates":[[3.41079,6.457932],[3.411058,6.458119],[3.411106,6.458196]]}},{"type":"Feature","properties":{"highway":"motorway_link","name":"","bridge":true,"osm_id":507242121},"geometry":{"type":"LineString","coordinates":[[3.410552,6.457737],[3.41079,6.457932]]}},{"type":"Feature","properties":{"highway":"primary","name":"Osborne Road","bridge":true,"osm_id":507242126},"geometry":{"type":"LineString","coordinates":[[3.410515,6.457818],[3.410752,6.45798]]}},{"type":"Feature","properties":{"highway":"primary","name":"Osborne Road","bridge":false,"osm_id":507242131},"geometry":{"type":"LineString","coordinates":[[3.410274,6.457656],[3.410515,6.457818]]}},{"type":"Feature","properties":{"highway":"primary","name":"Osborne Road","bridge":false,"osm_id":507242135},"geometry":{"type":"LineString","coordinates":[[3.410458,6.457893],[3.410205,6.457726]]}},{"type":"Feature","properties":{"highway":"primary","name":"Osborne Road","bridge":true,"osm_id":507242140},"geometry":{"type":"LineString","coordinates":[[3.410708,6.458053],[3.410458,6.457893]]}},{"type":"Feature","properties":{"highway":"motorway_link","name":"F265","bridge":true,"osm_id":507242145},"geometry":{"type":"LineString","coordinates":[[3.410678,6.45809],[3.410425,6.457932]]}},{"type":"Feature","properties":{"highway":"motorway_link","name":"F265","bridge":false,"osm_id":507242149},"geometry":{"type":"LineString","coordinates":[[3.411056,6.458286],[3.410932,6.458253],[3.410678,6.45809]]}},{"type":"Feature","properties":{"highway":"secondary","name":"","bridge":false,"osm_id":585735988},"geometry":{"type":"LineString","coordinates":[[3.419011,6.452536],[3.419103,6.452465]]}},{"type":"Feature","properties":{"highway":"secondary_link","name":"","bridge":false,"osm_id":1413619759},"geometry":{"type":"LineString","coordinates":[[3.41932,6.452393],[3.419279,6.452477],[3.419306,6.452552]]}},{"type":"Feature","properties":{"highway":"primary","name":"Osborne Road","bridge":false,"osm_id":5150230},"geometry":{"type":"LineString","coordinates":[[3.427599,6.462326],[3.424695,6.463384],[3.423692,6.463663],[3.42301,6.463776],[3.422167,6.463807],[3.421618,6.463782],[3.421101,6.463718],[3.420078,6.463486],[3.419285,6.46322]]}},{"type":"Feature","properties":{"highway":"secondary","name":"Federal Secretariat Road","bridge":false,"osm_id":23711002},"geometry":{"type":"LineString","coordinates":[[3.419513,6.46131],[3.420999,6.457622],[3.421098,6.457266],[3.421175,6.456768],[3.421179,6.455829]]}},{"type":"Feature","properties":{"highway":"primary","name":"Osborne Road","bridge":false,"osm_id":93855615},"geometry":{"type":"LineString","coordinates":[[3.410752,6.45798],[3.411106,6.458196],[3.412668,6.459276],[3.415469,6.461142],[3.41619,6.461607],[3.417247,6.462201],[3.418185,6.462652],[3.419171,6.463067],[3.419914,6.463326],[3.420808,6.463568],[3.421568,6.463682],[3.42217,6.463715],[3.422843,6.463698],[3.423696,6.463567],[3.424406,6.463378],[3.424956,6.463192],[3.426959,6.462481],[3.428083,6.462024]]}},{"type":"Feature","properties":{"highway":"secondary","name":"Federal Secretariat Road","bridge":false,"osm_id":133748767},"geometry":{"type":"LineString","coordinates":[[3.421285,6.456122],[3.421271,6.45677],[3.421193,6.457268],[3.421119,6.457548],[3.419615,6.461353]]}},{"type":"Feature","properties":{"highway":"secondary","name":"Forest Street","bridge":false,"osm_id":215135596},"geometry":{"type":"LineString","coordinates":[[3.421314,6.453263],[3.421163,6.453326],[3.420965,6.453344]]}},{"type":"Feature","properties":{"highway":"primary","name":"Osborne Road","bridge":false,"osm_id":1064180918},"geometry":{"type":"LineString","coordinates":[[3.417303,6.462342],[3.416442,6.461863],[3.415566,6.461323],[3.411056,6.458286]]}},{"type":"Feature","properties":{"highway":"primary_link","name":"","bridge":false,"osm_id":1364212653},"geometry":{"type":"LineString","coordinates":[[3.420798,6.463488],[3.421101,6.463565],[3.421281,6.46365]]}},{"type":"Feature","properties":{"highway":"primary_link","name":"","bridge":false,"osm_id":88669557},"geometry":{"type":"LineString","coordinates":[[3.417303,6.462342],[3.416827,6.462187],[3.416594,6.462202],[3.416417,6.462301],[3.416321,6.46242],[3.416265,6.4626],[3.416269,6.462758],[3.416389,6.462987],[3.416627,6.463144],[3.416883,6.463191],[3.417454,6.463147]]}},{"type":"Feature","properties":{"highway":"primary_link","name":"","bridge":true,"osm_id":88669561},"geometry":{"type":"LineString","coordinates":[[3.416746,6.46192],[3.41746,6.462199],[3.417731,6.462242],[3.417995,6.462246],[3.418378,6.462164],[3.418781,6.462],[3.41908,6.461785],[3.419391,6.461467]]}},{"type":"Feature","properties":{"highway":"primary_link","name":"","bridge":true,"osm_id":88669581},"geometry":{"type":"LineString","coordinates":[[3.419602,6.461565],[3.419598,6.461836],[3.419634,6.462164],[3.419753,6.462517],[3.419906,6.462803],[3.4201,6.463041],[3.420348,6.463256],[3.42048,6.463345],[3.420798,6.463488]]}},{"type":"Feature","properties":{"highway":"primary_link","name":"","bridge":true,"osm_id":88669599},"geometry":{"type":"LineString","coordinates":[[3.418792,6.462624],[3.4186,6.462888],[3.418542,6.463012],[3.418481,6.463245],[3.418478,6.463382]]}},{"type":"Feature","properties":{"highway":"primary_link","name":"","bridge":true,"osm_id":88669617},"geometry":{"type":"LineString","coordinates":[[3.418685,6.462536],[3.419088,6.46211],[3.419193,6.461962],[3.419439,6.46149]]}},{"type":"Feature","properties":{"highway":"primary_link","name":"","bridge":true,"osm_id":88669628},"geometry":{"type":"LineString","coordinates":[[3.418478,6.463382],[3.418546,6.46373],[3.418673,6.463947],[3.418944,6.464192],[3.419141,6.464281]]}},{"type":"Feature","properties":{"highway":"secondary_link","name":"","bridge":false,"osm_id":129730356},"geometry":{"type":"LineString","coordinates":[[3.420057,6.459967],[3.420008,6.459231],[3.420028,6.459188]]}},{"type":"Feature","properties":{"highway":"primary_link","name":"","bridge":true,"osm_id":133748764},"geometry":{"type":"LineString","coordinates":[[3.419524,6.461538],[3.419187,6.46215],[3.418792,6.462624]]}},{"type":"Feature","properties":{"highway":"primary_link","name":"","bridge":true,"osm_id":133748766},"geometry":{"type":"LineString","coordinates":[[3.417454,6.463147],[3.417682,6.463086],[3.418155,6.462896],[3.418373,6.46277],[3.418685,6.462536]]}},{"type":"Feature","properties":{"highway":"primary_link","name":"","bridge":false,"osm_id":180425230},"geometry":{"type":"LineString","coordinates":[[3.418956,6.463094],[3.418583,6.46306],[3.418447,6.4631],[3.418173,6.463468]]}},{"type":"Feature","properties":{"highway":"primary_link","name":"","bridge":false,"osm_id":180425235},"geometry":{"type":"LineString","coordinates":[[3.418064,6.463355],[3.418101,6.463108],[3.418017,6.462842],[3.417939,6.462744],[3.417632,6.462506]]}},{"type":"Feature","properties":{"highway":"secondary_link","name":"","bridge":false,"osm_id":560577490},"geometry":{"type":"LineString","coordinates":[[3.420028,6.459188],[3.420481,6.458902]]}},{"type":"Feature","properties":{"highway":"primary","name":"Osborne Road","bridge":false,"osm_id":1064180919},"geometry":{"type":"LineString","coordinates":[[3.417632,6.462506],[3.417303,6.462342]]}},{"type":"Feature","properties":{"highway":"primary","name":"Osborne Road","bridge":false,"osm_id":1064198325},"geometry":{"type":"LineString","coordinates":[[3.418956,6.463094],[3.417632,6.462506]]}},{"type":"Feature","properties":{"highway":"primary","name":"Osborne Road","bridge":false,"osm_id":1064198326},"geometry":{"type":"LineString","coordinates":[[3.419285,6.463221],[3.418956,6.463095]]}},{"type":"Feature","properties":{"highway":"primary_link","name":"","bridge":false,"osm_id":1364212654},"geometry":{"type":"LineString","coordinates":[[3.419615,6.461353],[3.419602,6.461565]]}},{"type":"Feature","properties":{"highway":"primary_link","name":"","bridge":false,"osm_id":1364212655},"geometry":{"type":"LineString","coordinates":[[3.419439,6.46149],[3.419513,6.46131]]}},{"type":"Feature","properties":{"highway":"primary_link","name":"","bridge":false,"osm_id":1364212656},"geometry":{"type":"LineString","coordinates":[[3.419615,6.461353],[3.419524,6.461538]]}},{"type":"Feature","properties":{"highway":"primary_link","name":"","bridge":false,"osm_id":1364212657},"geometry":{"type":"LineString","coordinates":[[3.419141,6.464281],[3.419367,6.464302],[3.419544,6.464243],[3.419638,6.464182],[3.419759,6.464024],[3.419806,6.463824],[3.419799,6.463729],[3.419728,6.463537],[3.419584,6.463398],[3.419285,6.46322]]}},{"type":"Feature","properties":{"highway":"primary_link","name":"","bridge":false,"osm_id":1364392697},"geometry":{"type":"LineString","coordinates":[[3.419391,6.461467],[3.419513,6.46131]]}},{"type":"Feature","properties":{"highway":"secondary","name":"Forest Street","bridge":false,"osm_id":215135594},"geometry":{"type":"LineString","coordinates":[[3.421011,6.453262],[3.421314,6.453263]]}},{"type":"Feature","properties":{"highway":"secondary","name":"Federal Secretariat Road","bridge":false,"osm_id":893295233},"geometry":{"type":"LineString","coordinates":[[3.421257,6.455423],[3.421285,6.456122]]}},{"type":"Feature","properties":{"highway":"secondary","name":"Federal Secretariat Road","bridge":false,"osm_id":893295234},"geometry":{"type":"LineString","coordinates":[[3.421179,6.455829],[3.421163,6.455396],[3.4212,6.455367],[3.421257,6.455423]]}},{"type":"Feature","properties":{"highway":"primary_link","name":"","bridge":false,"osm_id":504468134},"geometry":{"type":"LineString","coordinates":[[3.430433,6.453213],[3.430569,6.453132]]}},{"type":"Feature","properties":{"highway":"primary_link","name":"","bridge":false,"osm_id":504468136},"geometry":{"type":"LineString","coordinates":[[3.43075,6.453628],[3.430613,6.453721]]}},{"type":"Feature","properties":{"highway":"primary","name":"Alfred Rewane Road","bridge":false,"osm_id":529444323},"geometry":{"type":"LineString","coordinates":[[3.430188,6.452057],[3.430645,6.45336]]}},{"type":"Feature","properties":{"highway":"primary","name":"Alfred Rewane Road","bridge":false,"osm_id":504468135},"geometry":{"type":"LineString","coordinates":[[3.430645,6.45336],[3.432936,6.459661],[3.432977,6.45994],[3.432934,6.46016],[3.432817,6.460348],[3.432574,6.460549]]}},{"type":"Feature","properties":{"highway":"primary","name":"Gerrard Road","bridge":false,"osm_id":504468143},"geometry":{"type":"LineString","coordinates":[[3.432977,6.45994],[3.433098,6.460118],[3.433234,6.460166],[3.43334,6.460144],[3.435266,6.459446],[3.43546,6.459345]]}},{"type":"Feature","properties":{"highway":"primary","name":"Gerrard Road","bridge":false,"osm_id":504468144},"geometry":{"type":"LineString","coordinates":[[3.435501,6.45944],[3.435379,6.459507],[3.434958,6.45963],[3.433366,6.460219],[3.432574,6.460549]]}},{"type":"Feature","properties":{"highway":"secondary","name":"Oba Adeyinka Oyekan Avenue","bridge":false,"osm_id":133748763},"geometry":{"type":"LineString","coordinates":[[3.428538,6.461964],[3.42851,6.461865]]}},{"type":"Feature","properties":{"highway":"primary_link","name":"","bridge":false,"osm_id":530740412},"geometry":{"type":"LineString","coordinates":[[3.428083,6.462024],[3.428343,6.461832],[3.428409,6.461703],[3.428406,6.461602]]}},{"type":"Feature","properties":{"highway":"secondary","name":"Oba Adeyinka Oyekan Avenue","bridge":false,"osm_id":558109882},"geometry":{"type":"LineString","coordinates":[[3.42851,6.461865],[3.428363,6.461524],[3.428007,6.461062]]}},{"type":"Feature","properties":{"highway":"secondary","name":"","bridge":false,"osm_id":558109883},"geometry":{"type":"LineString","coordinates":[[3.428007,6.461062],[3.428112,6.461085],[3.428409,6.461435],[3.428557,6.461672],[3.428615,6.461821]]}},{"type":"Feature","properties":{"highway":"secondary","name":"Oba Adeyinka Oyekan Avenue","bridge":false,"osm_id":607522836},"geometry":{"type":"LineString","coordinates":[[3.428615,6.461821],[3.428641,6.461926]]}},{"type":"Feature","properties":{"highway":"primary","name":"Osborne Road","bridge":false,"osm_id":893295235},"geometry":{"type":"LineString","coordinates":[[3.432574,6.460549],[3.429414,6.461625],[3.428641,6.461926]]}},{"type":"Feature","properties":{"highway":"primary","name":"Osborne Road","bridge":false,"osm_id":893295236},"geometry":{"type":"LineString","coordinates":[[3.428615,6.461821],[3.429367,6.461532],[3.432478,6.460481],[3.432672,6.46035],[3.432815,6.460152]]}},{"type":"Feature","properties":{"highway":"primary","name":"Osborne Road","bridge":false,"osm_id":1056148275},"geometry":{"type":"LineString","coordinates":[[3.428538,6.461964],[3.427599,6.462326]]}},{"type":"Feature","properties":{"highway":"primary","name":"Osborne Road","bridge":false,"osm_id":1056148276},"geometry":{"type":"LineString","coordinates":[[3.428641,6.461926],[3.428538,6.461964]]}},{"type":"Feature","properties":{"highway":"primary","name":"Osborne Road","bridge":false,"osm_id":1056148277},"geometry":{"type":"LineString","coordinates":[[3.42851,6.461865],[3.428615,6.461821]]}},{"type":"Feature","properties":{"highway":"primary","name":"Osborne Road","bridge":false,"osm_id":1056148278},"geometry":{"type":"LineString","coordinates":[[3.428083,6.462024],[3.42851,6.461865]]}},{"type":"Feature","properties":{"highway":"primary_link","name":"","bridge":false,"osm_id":1267309315},"geometry":{"type":"LineString","coordinates":[[3.428409,6.461435],[3.428643,6.461648],[3.428785,6.461713],[3.428898,6.461704]]}},{"type":"Feature","properties":{"highway":"tertiary","name":"Mekunwen Road","bridge":false,"osm_id":560190803},"geometry":{"type":"LineString","coordinates":[[3.434493,6.44346],[3.434555,6.443807],[3.434695,6.44396],[3.437262,6.444847]]}},{"type":"Feature","properties":{"highway":"trunk","name":"Ozumba Mbadiwe Avenue","bridge":false,"osm_id":1066546780},"geometry":{"type":"LineString","coordinates":[[3.436892,6.439173],[3.436469,6.439464],[3.435954,6.439891]]}},{"type":"Feature","properties":{"highway":"tertiary","name":"MacPherson Avenue","bridge":false,"osm_id":129730335},"geometry":{"type":"LineString","coordinates":[[3.443757,6.44716],[3.443019,6.446049],[3.442823,6.445808],[3.442188,6.444873],[3.441626,6.444146],[3.439994,6.442237]]}},{"type":"Feature","properties":{"highway":"tertiary","name":"Lateef Jakande Avenue","bridge":false,"osm_id":129730359},"geometry":{"type":"LineString","coordinates":[[3.438496,6.452073],[3.438379,6.450726],[3.438304,6.450167],[3.438176,6.448565],[3.438209,6.448171],[3.438272,6.447866],[3.438658,6.446719]]}},{"type":"Feature","properties":{"highway":"tertiary","name":"Lawrence Road","bridge":false,"osm_id":129730371},"geometry":{"type":"LineString","coordinates":[[3.44719,6.454009],[3.443576,6.452]]}},{"type":"Feature","properties":{"highway":"tertiary","name":"Mekunwen Road","bridge":false,"osm_id":129730394},"geometry":{"type":"LineString","coordinates":[[3.442188,6.444873],[3.441827,6.44514],[3.44093,6.445957],[3.440765,6.446031],[3.440626,6.446052],[3.44043,6.446033],[3.439206,6.44563],[3.437883,6.445058],[3.437262,6.444847]]}},{"type":"Feature","properties":{"highway":"tertiary","name":"Ipeu Street","bridge":false,"osm_id":129730397},"geometry":{"type":"LineString","coordinates":[[3.437262,6.444847],[3.436886,6.446014]]}},{"type":"Feature","properties":{"highway":"primary","name":"Alexander Avenue","bridge":false,"osm_id":216689327},"geometry":{"type":"LineString","coordinates":[[3.449308,6.449824],[3.449249,6.450032],[3.449219,6.450861],[3.449126,6.451886],[3.449061,6.452195],[3.448964,6.452402],[3.448703,6.452722],[3.447769,6.453475],[3.447482,6.453739],[3.447327,6.453928],[3.446612,6.455053],[3.446206,6.455588],[3.445803,6.455918],[3.445574,6.456035],[3.445233,6.456152]]}},{"type":"Feature","properties":{"highway":"primary","name":"Bourdillon Road","bridge":false,"osm_id":294599764},"geometry":{"type":"LineString","coordinates":[[3.449718,6.444903],[3.449585,6.444686],[3.449394,6.444486],[3.449224,6.444378],[3.448959,6.444291],[3.448672,6.444262],[3.448239,6.444289],[3.447776,6.444377],[3.447447,6.444479],[3.44704,6.444668],[3.446796,6.444823],[3.444192,6.44695],[3.443863,6.44719],[3.44352,6.447364],[3.443109,6.447528],[3.442429,6.447683],[3.442193,6.447697],[3.44185,6.447667],[3.44107,6.447534],[3.44048,6.447356],[3.438658,6.446719]]}},{"type":"Feature","properties":{"highway":"tertiary","name":"Milverton Road","bridge":false,"osm_id":370693357},"geometry":{"type":"LineString","coordinates":[[3.443511,6.451223],[3.445175,6.449826],[3.446994,6.448232],[3.447877,6.44752],[3.448152,6.44735],[3.448578,6.447161],[3.448842,6.447082],[3.449491,6.446959]]}},{"type":"Feature","properties":{"highway":"primary","name":"Alexander Avenue","bridge":false,"osm_id":538086581},"geometry":{"type":"LineString","coordinates":[[3.445193,6.45609],[3.445755,6.455875],[3.445954,6.455733],[3.446154,6.455539],[3.446447,6.455166],[3.44719,6.454009],[3.447463,6.45364],[3.448572,6.452739],[3.448729,6.452595],[3.448923,6.452326],[3.449032,6.452054],[3.449141,6.450984],[3.449174,6.450142],[3.449167,6.450041],[3.449087,6.449858]]}},{"type":"Feature","properties":{"highway":"secondary_link","name":"","bridge":false,"osm_id":504468139},"geometry":{"type":"LineString","coordinates":[[3.440113,6.447147],[3.440084,6.447219]]}},{"type":"Feature","properties":{"highway":"tertiary","name":"Oloto Road","bridge":false,"osm_id":129730389},"geometry":{"type":"LineString","coordinates":[[3.444126,6.450713],[3.442494,6.448766],[3.442452,6.448696],[3.442314,6.447696]]}},{"type":"Feature","properties":{"highway":"tertiary","name":"","bridge":false,"osm_id":529795577},"geometry":{"type":"LineString","coordinates":[[3.443095,6.451791],[3.443016,6.45175],[3.442994,6.45169],[3.442973,6.451554],[3.442995,6.451488],[3.443032,6.451428],[3.443171,6.451366],[3.443315,6.451397],[3.44341,6.45151],[3.443425,6.451586],[3.443375,6.45173],[3.443245,6.45181],[3.443095,6.451791]]}},{"type":"Feature","properties":{"highway":"tertiary","name":"Milverton Road","bridge":false,"osm_id":529795578},"geometry":{"type":"LineString","coordinates":[[3.443511,6.451223],[3.44343,6.451331],[3.44341,6.45151]]}},{"type":"Feature","properties":{"highway":"tertiary","name":"Milverton Road","bridge":false,"osm_id":529795579},"geometry":{"type":"LineString","coordinates":[[3.443171,6.451366],[3.443267,6.45137],[3.443511,6.451223]]}},{"type":"Feature","properties":{"highway":"tertiary","name":"Lawrence Road","bridge":false,"osm_id":529795580},"geometry":{"type":"LineString","coordinates":[[3.443412,6.451662],[3.443454,6.451862],[3.443576,6.452]]}},{"type":"Feature","properties":{"highway":"tertiary","name":"Lawrence Road","bridge":false,"osm_id":529795581},"geometry":{"type":"LineString","coordinates":[[3.443576,6.452],[3.443167,6.451813]]}},{"type":"Feature","properties":{"highway":"tertiary","name":"Glover Road","bridge":false,"osm_id":529795582},"geometry":{"type":"LineString","coordinates":[[3.443016,6.45175],[3.442635,6.45162]]}},{"type":"Feature","properties":{"highway":"tertiary","name":"Glover Road","bridge":false,"osm_id":529795583},"geometry":{"type":"LineString","coordinates":[[3.442635,6.45162],[3.442774,6.451574],[3.443032,6.451428]]}},{"type":"Feature","properties":{"highway":"tertiary","name":"2nd Avenue","bridge":false,"osm_id":146603139},"geometry":{"type":"LineString","coordinates":[[3.45868,6.452435],[3.458158,6.452173],[3.458131,6.452094],[3.458167,6.45201],[3.458235,6.451971],[3.458321,6.451979],[3.459876,6.452688],[3.459953,6.452733],[3.459988,6.452808]]}},{"type":"Feature","properties":{"highway":"tertiary","name":"Onikoyi Road","bridge":false,"osm_id":166767390},"geometry":{"type":"LineString","coordinates":[[3.449108,6.452019],[3.44961,6.452278],[3.449656,6.45233],[3.449708,6.452518],[3.449682,6.452762],[3.449584,6.453199],[3.449462,6.453586],[3.44921,6.453948],[3.448441,6.454675],[3.447623,6.455901]]}},{"type":"Feature","properties":{"highway":"primary","name":"Alexander Avenue","bridge":false,"osm_id":216689320},"geometry":{"type":"LineString","coordinates":[[3.4498,6.444907],[3.449839,6.445168],[3.449826,6.445459],[3.44928,6.448812],[3.449263,6.44928],[3.449342,6.449479]]}},{"type":"Feature","properties":{"highway":"primary","name":"Alexander Avenue","bridge":false,"osm_id":216689323},"geometry":{"type":"LineString","coordinates":[[3.449054,6.44943],[3.449128,6.44936],[3.449172,6.449265],[3.449261,6.448386],[3.449746,6.445481],[3.449759,6.4451],[3.449718,6.444903]]}},{"type":"Feature","properties":{"highway":"primary","name":"Lekki - Ikoyi Bridge","bridge":true,"osm_id":499678924},"geometry":{"type":"LineString","coordinates":[[3.460985,6.447169],[3.460682,6.447587],[3.460398,6.447869],[3.457933,6.449618],[3.457451,6.449901],[3.457191,6.450017],[3.456702,6.450174],[3.456203,6.450259],[3.455404,6.450257],[3.449624,6.449726]]}},{"type":"Feature","properties":{"highway":"primary","name":"Lekki - Ikoyi Bridge","bridge":true,"osm_id":499678925},"geometry":{"type":"LineString","coordinates":[[3.44964,6.449637],[3.455718,6.450197],[3.456182,6.450188],[3.456684,6.450104],[3.45743,6.449826],[3.457919,6.449535],[3.460339,6.4478],[3.460613,6.447528],[3.460918,6.447119]]}},{"type":"Feature","properties":{"highway":"primary","name":"Admiralty Way","bridge":false,"osm_id":1024775165},"geometry":{"type":"LineString","coordinates":[[3.458755,6.445859],[3.459397,6.446183],[3.459839,6.446355],[3.460693,6.446605],[3.460915,6.446642],[3.461047,6.44662]]}},{"type":"Feature","properties":{"highway":"primary","name":"Admiralty Way","bridge":false,"osm_id":1066545359},"geometry":{"type":"LineString","coordinates":[[3.460612,6.446687],[3.459875,6.446472],[3.45946,6.446307],[3.458704,6.445935]]}},{"type":"Feature","properties":{"highway":"primary","name":"","bridge":false,"osm_id":216689331},"geometry":{"type":"LineString","coordinates":[[3.449384,6.449545],[3.449539,6.449623],[3.44964,6.449637]]}},{"type":"Feature","properties":{"highway":"primary","name":"","bridge":false,"osm_id":216689338},"geometry":{"type":"LineString","coordinates":[[3.449624,6.449726],[3.449362,6.449768]]}},{"type":"Feature","properties":{"highway":"secondary_link","name":"Alexander Avenue","bridge":false,"osm_id":386837647},"geometry":{"type":"LineString","coordinates":[[3.449629,6.446194],[3.449707,6.446205]]}},{"type":"Feature","properties":{"highway":"primary","name":"Alexander Roundabout","bridge":false,"osm_id":529795584},"geometry":{"type":"LineString","coordinates":[[3.449163,6.449872],[3.449046,6.449839],[3.448978,6.449779],[3.448931,6.449609],[3.449016,6.449455],[3.449184,6.449402],[3.449342,6.449479],[3.449396,6.449582],[3.449401,6.449659],[3.449338,6.449798],[3.449276,6.449845],[3.449163,6.449872]]}},{"type":"Feature","properties":{"highway":"tertiary","name":"1st Avenue","bridge":false,"osm_id":146603137},"geometry":{"type":"LineString","coordinates":[[3.445938,6.466941],[3.445885,6.46684],[3.44588,6.466602],[3.445936,6.466485],[3.446044,6.466389],[3.451469,6.463359]]}},{"type":"Feature","properties":{"highway":"primary","name":"Osborne Road","bridge":false,"osm_id":216689317},"geometry":{"type":"LineString","coordinates":[[3.43548,6.459322],[3.435543,6.458779],[3.435639,6.458512],[3.435773,6.458296],[3.437928,6.455612],[3.438189,6.455325],[3.438561,6.455027],[3.438871,6.454848],[3.439273,6.454676],[3.439757,6.454543],[3.440343,6.454465],[3.441166,6.4545],[3.441616,6.454589],[3.442136,6.454761],[3.442741,6.455051],[3.444414,6.456015],[3.444717,6.456098],[3.444925,6.456117],[3.445193,6.45609]]}},{"type":"Feature","properties":{"highway":"primary","name":"Gerrard Road","bridge":false,"osm_id":538086580},"geometry":{"type":"LineString","coordinates":[[3.445233,6.456152],[3.444828,6.456181],[3.444451,6.4561],[3.442367,6.454941],[3.441733,6.4547],[3.441343,6.454604],[3.441114,6.454555],[3.440331,6.454535],[3.439831,6.454603],[3.439385,6.454717],[3.438866,6.454933],[3.438569,6.455112],[3.43827,6.455358],[3.437997,6.455648],[3.435938,6.458202],[3.435792,6.458416],[3.435676,6.458642],[3.435606,6.458873],[3.435584,6.459356]]}},{"type":"Feature","properties":{"highway":"tertiary","name":"1st Avenue","bridge":false,"osm_id":583266942},"geometry":{"type":"LineString","coordinates":[[3.451519,6.463448],[3.446073,6.466468],[3.445992,6.466548],[3.445972,6.466629],[3.446005,6.466865]]}},{"type":"Feature","properties":{"highway":"tertiary","name":"Turnbull Road","bridge":false,"osm_id":593494151},"geometry":{"type":"LineString","coordinates":[[3.447623,6.455901],[3.447427,6.456158],[3.447161,6.456439],[3.446932,6.456611],[3.446498,6.456818],[3.446183,6.456886],[3.445467,6.456925],[3.445381,6.456901],[3.445289,6.456786],[3.445233,6.456152]]}},{"type":"Feature","properties":{"highway":"primary","name":"Gerrard Road","bridge":false,"osm_id":379417098},"geometry":{"type":"LineString","coordinates":[[3.43552,6.459309],[3.435568,6.459329],[3.435587,6.459378],[3.43557,6.459421],[3.435518,6.459443],[3.435453,6.459383],[3.435469,6.459333],[3.43552,6.459309]]}},{"type":"Feature","properties":{"highway":"tertiary","name":"2nd Avenue","bridge":false,"osm_id":583523391},"geometry":{"type":"LineString","coordinates":[[3.459988,6.452808],[3.459886,6.452945],[3.459841,6.452942],[3.45868,6.452435]]}},{"type":"Feature","properties":{"highway":"tertiary","name":"Banana Island Road","bridge":false,"osm_id":146603155},"geometry":{"type":"LineString","coordinates":[[3.451159,6.462472],[3.449513,6.459546],[3.447623,6.455901]]}},{"type":"Feature","properties":{"highway":"tertiary","name":"2nd Avenue","bridge":false,"osm_id":146603191},"geometry":{"type":"LineString","coordinates":[[3.459988,6.452808],[3.461102,6.453337],[3.461283,6.45347],[3.461426,6.453588],[3.46167,6.453891],[3.461804,6.454132],[3.461883,6.454345],[3.461949,6.454647],[3.461963,6.454933],[3.461686,6.456828],[3.461558,6.457338],[3.461312,6.457761],[3.460928,6.458169],[3.460586,6.458399],[3.453976,6.462096],[3.451853,6.463244]]}},{"type":"Feature","properties":{"highway":"tertiary","name":"3rd Avenue","bridge":false,"osm_id":146603192},"geometry":{"type":"LineString","coordinates":[[3.461799,6.456115],[3.462506,6.456223],[3.462662,6.456276],[3.462752,6.456338],[3.462862,6.456506],[3.46287,6.457372],[3.462748,6.458394],[3.462529,6.459447],[3.462372,6.460001],[3.462226,6.460469],[3.461828,6.461458],[3.461361,6.46237],[3.460286,6.464111],[3.460044,6.464371],[3.45967,6.464656],[3.459266,6.464804],[3.453389,6.466044]]}},{"type":"Feature","properties":{"highway":"tertiary","name":"Banana Island Road","bridge":false,"osm_id":536234748},"geometry":{"type":"LineString","coordinates":[[3.447663,6.455846],[3.449598,6.45954],[3.451224,6.462444]]}},{"type":"Feature","properties":{"highway":"tertiary","name":"2nd Avenue","bridge":false,"osm_id":583257978},"geometry":{"type":"LineString","coordinates":[[3.451794,6.463132],[3.460488,6.458311],[3.460841,6.458057],[3.461037,6.457877],[3.461191,6.457682],[3.46142,6.457313],[3.461533,6.457003],[3.461623,6.456593],[3.461839,6.45501],[3.461836,6.454619],[3.461789,6.454393],[3.46169,6.454122],[3.461562,6.453902],[3.461402,6.45368],[3.46125,6.453538],[3.460869,6.453305],[3.459926,6.452878]]}},{"type":"Feature","properties":{"highway":"tertiary","name":"3rd Avenue","bridge":false,"osm_id":583266944},"geometry":{"type":"LineString","coordinates":[[3.453338,6.465948],[3.45914,6.464724],[3.459615,6.464556],[3.460192,6.464042],[3.461263,6.462305],[3.461719,6.46141],[3.46213,6.460431],[3.462429,6.459423],[3.462541,6.458938],[3.46265,6.45835],[3.462757,6.457362],[3.462776,6.456525],[3.462653,6.456378],[3.4625,6.456323],[3.461781,6.456215]]}},{"type":"Feature","properties":{"highway":"tertiary","name":"Banana Island Roundabout","bridge":false,"osm_id":482187910},"geometry":{"type":"LineString","coordinates":[[3.451589,6.463548],[3.451469,6.463359],[3.451101,6.462617],[3.451116,6.462519],[3.451224,6.462444],[3.451348,6.462454],[3.451497,6.462628],[3.451925,6.463402],[3.451952,6.463536],[3.451928,6.463616],[3.451856,6.463671],[3.451766,6.463686],[3.451679,6.463646],[3.451589,6.463548]]}},{"type":"Feature","properties":{"highway":"secondary","name":"Gaskiya College Road","bridge":false,"osm_id":1218697073},"geometry":{"type":"LineString","coordinates":[[3.35573,6.466633],[3.355692,6.466634]]}},{"type":"Feature","properties":{"highway":"secondary","name":"Gaskiya Road","bridge":false,"osm_id":90288334},"geometry":{"type":"LineString","coordinates":[[3.362797,6.466297],[3.363446,6.466523],[3.363605,6.466519],[3.363709,6.466439]]}},{"type":"Feature","properties":{"highway":"motorway_link","name":"","bridge":true,"osm_id":133795059},"geometry":{"type":"LineString","coordinates":[[3.363803,6.466866],[3.36393,6.46587],[3.363933,6.465655]]}},{"type":"Feature","properties":{"highway":"motorway_link","name":"","bridge":true,"osm_id":133795065},"geometry":{"type":"LineString","coordinates":[[3.365978,6.468697],[3.365582,6.468608],[3.364275,6.468442]]}},{"type":"Feature","properties":{"highway":"motorway_link","name":"","bridge":true,"osm_id":133795078},"geometry":{"type":"LineString","coordinates":[[3.364275,6.468442],[3.363978,6.468291],[3.363786,6.468059],[3.363742,6.467938],[3.363702,6.46779],[3.363699,6.467486],[3.363803,6.466866]]}},{"type":"Feature","properties":{"highway":"motorway_link","name":"","bridge":true,"osm_id":133795085},"geometry":{"type":"LineString","coordinates":[[3.365978,6.468697],[3.365584,6.468682],[3.364477,6.468566],[3.364236,6.46857],[3.363954,6.468629],[3.363769,6.468734],[3.36361,6.468933],[3.363364,6.469646]]}},{"type":"Feature","properties":{"highway":"tertiary","name":"","bridge":false,"osm_id":133795090},"geometry":{"type":"LineString","coordinates":[[3.363477,6.468058],[3.3638,6.468151],[3.365979,6.4683],[3.367845,6.468567]]}},{"type":"Feature","properties":{"highway":"motorway_link","name":"","bridge":false,"osm_id":133800605},"geometry":{"type":"LineString","coordinates":[[3.363806,6.465774],[3.363913,6.465221]]}},{"type":"Feature","properties":{"highway":"motorway","name":"Apapa Road","bridge":true,"osm_id":264916640},"geometry":{"type":"LineString","coordinates":[[3.364016,6.466015],[3.363913,6.466564],[3.363727,6.467974],[3.363364,6.469646]]}},{"type":"Feature","properties":{"highway":"motorway","name":"Apapa Road","bridge":true,"osm_id":264916641},"geometry":{"type":"LineString","coordinates":[[3.363364,6.469646],[3.363156,6.470673]]}},{"type":"Feature","properties":{"highway":"secondary","name":"Gaskiya College Road","bridge":false,"osm_id":280570896},"geometry":{"type":"LineString","coordinates":[[3.362706,6.466273],[3.362797,6.466297]]}},{"type":"Feature","properties":{"highway":"tertiary_link","name":"","bridge":false,"osm_id":587090409},"geometry":{"type":"LineString","coordinates":[[3.367696,6.468544],[3.367831,6.468685]]}},{"type":"Feature","properties":{"highway":"motorway_link","name":"","bridge":true,"osm_id":1222390333},"geometry":{"type":"LineString","coordinates":[[3.364016,6.466015],[3.364033,6.466543],[3.364154,6.466924],[3.364446,6.467325],[3.36465,6.467529],[3.365065,6.467888],[3.365856,6.468345],[3.366099,6.468454],[3.366366,6.468533],[3.367019,6.46867]]}},{"type":"Feature","properties":{"highway":"secondary","name":"Gaskiya College Road","bridge":false,"osm_id":1290913942},"geometry":{"type":"LineString","coordinates":[[3.362779,6.466374],[3.362685,6.466341]]}},{"type":"Feature","properties":{"highway":"secondary","name":"Gaskiya College Road","bridge":false,"osm_id":1290913943},"geometry":{"type":"LineString","coordinates":[[3.363672,6.466735],[3.363618,6.466677],[3.362779,6.466374]]}},{"type":"Feature","properties":{"highway":"primary","name":"","bridge":false,"osm_id":1545148117},"geometry":{"type":"LineString","coordinates":[[3.363354,6.468644],[3.363477,6.468058],[3.363672,6.466735]]}},{"type":"Feature","properties":{"highway":"primary","name":"","bridge":false,"osm_id":1545148118},"geometry":{"type":"LineString","coordinates":[[3.363672,6.466735],[3.363806,6.465774]]}},{"type":"Feature","properties":{"highway":"tertiary","name":"","bridge":false,"osm_id":1545148120},"geometry":{"type":"LineString","coordinates":[[3.363699,6.468697],[3.363587,6.468773],[3.363532,6.468779],[3.36347,6.468761],[3.363354,6.468644]]}},{"type":"Feature","properties":{"highway":"primary","name":"Ijora Causeway","bridge":true,"osm_id":133766199},"geometry":{"type":"LineString","coordinates":[[3.367019,6.46867],[3.369715,6.468977]]}},{"type":"Feature","properties":{"highway":"primary","name":"Ijora Causeway","bridge":true,"osm_id":133792632},"geometry":{"type":"LineString","coordinates":[[3.36965,6.469072],[3.367799,6.468849],[3.365978,6.468697]]}},{"type":"Feature","properties":{"highway":"tertiary","name":"","bridge":false,"osm_id":133795056},"geometry":{"type":"LineString","coordinates":[[3.370283,6.469383],[3.364912,6.468669],[3.364254,6.46861],[3.363911,6.468612],[3.363699,6.468697]]}},{"type":"Feature","properties":{"highway":"motorway","name":"Apapa Road","bridge":false,"osm_id":133795069},"geometry":{"type":"LineString","coordinates":[[3.363156,6.470673],[3.363043,6.471286],[3.362986,6.472307],[3.363096,6.473028],[3.363242,6.473528],[3.363321,6.473706]]}},{"type":"Feature","properties":{"highway":"motorway","name":"Apapa Road","bridge":false,"osm_id":133795089},"geometry":{"type":"LineString","coordinates":[[3.365556,6.478662],[3.363231,6.473896],[3.362998,6.473197],[3.362859,6.47254]]}},{"type":"Feature","properties":{"highway":"tertiary","name":"","bridge":true,"osm_id":133797430},"geometry":{"type":"LineString","coordinates":[[3.361417,6.478222],[3.362,6.477363],[3.362325,6.477019],[3.362694,6.476823],[3.363371,6.476717],[3.363687,6.476626]]}},{"type":"Feature","properties":{"highway":"trunk_link","name":"","bridge":false,"osm_id":133799108},"geometry":{"type":"LineString","coordinates":[[3.364898,6.478369],[3.364723,6.477862]]}},{"type":"Feature","properties":{"highway":"trunk_link","name":"","bridge":false,"osm_id":133799117},"geometry":{"type":"LineString","coordinates":[[3.361471,6.477656],[3.361779,6.477426],[3.362018,6.477197]]}},{"type":"Feature","properties":{"highway":"motorway","name":"Apapa Road","bridge":false,"osm_id":264916642},"geometry":{"type":"LineString","coordinates":[[3.363321,6.473706],[3.363444,6.474008],[3.36568,6.478618]]}},{"type":"Feature","properties":{"highway":"motorway","name":"Apapa Road","bridge":false,"osm_id":264916644},"geometry":{"type":"LineString","coordinates":[[3.362859,6.47254],[3.362927,6.471304],[3.363048,6.470622]]}},{"type":"Feature","properties":{"highway":"primary","name":"","bridge":false,"osm_id":264916670},"geometry":{"type":"LineString","coordinates":[[3.363703,6.474264],[3.36412,6.474866],[3.364775,6.475937],[3.36514,6.476755],[3.365468,6.477763],[3.365557,6.478128],[3.366086,6.479137],[3.366227,6.479352],[3.366431,6.479631],[3.366939,6.480124],[3.36729,6.480334],[3.367808,6.480433]]}},{"type":"Feature","properties":{"highway":"primary","name":"","bridge":false,"osm_id":264916672},"geometry":{"type":"LineString","coordinates":[[3.362765,6.47293],[3.362653,6.472347],[3.362667,6.471866],[3.363354,6.468644]]}},{"type":"Feature","properties":{"highway":"secondary","name":"Gaskiya College Road","bridge":false,"osm_id":280570894},"geometry":{"type":"LineString","coordinates":[[3.355688,6.466527],[3.35618,6.466537],[3.35786,6.466439],[3.358689,6.466509],[3.359299,6.466483],[3.360256,6.466389],[3.361118,6.466236],[3.362002,6.466158],[3.36248,6.4662],[3.362706,6.466273]]}},{"type":"Feature","properties":{"highway":"primary","name":"","bridge":false,"osm_id":280570909},"geometry":{"type":"LineString","coordinates":[[3.364898,6.478369],[3.363285,6.475029],[3.363225,6.474754]]}},{"type":"Feature","properties":{"highway":"tertiary","name":"","bridge":false,"osm_id":587090407},"geometry":{"type":"LineString","coordinates":[[3.367845,6.468567],[3.369152,6.468739],[3.370843,6.469004],[3.371719,6.469192]]}},{"type":"Feature","properties":{"highway":"tertiary","name":"Eric Moore Road","bridge":false,"osm_id":685566692},"geometry":{"type":"LineString","coordinates":[[3.360504,6.479572],[3.361417,6.478222]]}},{"type":"Feature","properties":{"highway":"secondary","name":"Gaskiya College Road","bridge":false,"osm_id":1218697074},"geometry":{"type":"LineString","coordinates":[[3.362685,6.466341],[3.362424,6.466262],[3.362002,6.46623],[3.361128,6.466307],[3.36024,6.466459],[3.359304,6.466555],[3.358671,6.466589],[3.35786,6.466511],[3.35573,6.466633]]}},{"type":"Feature","properties":{"highway":"primary","name":"Murtula Muhammed Way","bridge":false,"osm_id":215667111},"geometry":{"type":"LineString","coordinates":[[3.369187,6.515391],[3.369471,6.514762],[3.369844,6.513694],[3.370028,6.513321],[3.370408,6.512328],[3.370576,6.511804],[3.371781,6.509068],[3.372038,6.508577],[3.372312,6.508193],[3.372529,6.507761],[3.37622,6.49871],[3.379665,6.49015]]}},{"type":"Feature","properties":{"highway":"trunk","name":"Herbert Macaulay Way","bridge":false,"osm_id":215667122},"geometry":{"type":"LineString","coordinates":[[3.36874,6.516632],[3.369297,6.516898],[3.371053,6.517582],[3.37125,6.517635],[3.371458,6.517648],[3.371571,6.517622],[3.374946,6.516186],[3.375224,6.516032],[3.375334,6.515939],[3.37556,6.515664],[3.376015,6.514658],[3.377684,6.510404],[3.378335,6.508819],[3.378417,6.508556],[3.378402,6.50825],[3.377232,6.502614],[3.377214,6.502321],[3.377236,6.502077],[3.379074,6.497614],[3.379224,6.497421],[3.379338,6.497327],[3.380006,6.496996],[3.380156,6.496842],[3.380253,6.496656],[3.381312,6.493872],[3.381799,6.49267],[3.382209,6.491492]]}},{"type":"Feature","properties":{"highway":"primary","name":"Western Avenue","bridge":false,"osm_id":231756320},"geometry":{"type":"LineString","coordinates":[[3.363439,6.490129],[3.362462,6.492802],[3.361976,6.494243],[3.361881,6.494634],[3.361822,6.495062],[3.361807,6.49627],[3.361894,6.496935],[3.362079,6.49789],[3.362471,6.499495],[3.362923,6.500818],[3.363021,6.501197],[3.363904,6.503458],[3.364099,6.504064],[3.364167,6.504377],[3.364179,6.504975],[3.364087,6.505706],[3.364006,6.506062],[3.363784,6.506738],[3.363369,6.508449],[3.363261,6.509091],[3.363257,6.509666],[3.363302,6.510069],[3.363394,6.510425],[3.364631,6.51423]]}},{"type":"Feature","properties":{"highway":"trunk","name":"Herbert Macaulay Way","bridge":false,"osm_id":534993359},"geometry":{"type":"LineString","coordinates":[[3.383623,6.48797],[3.383393,6.488463],[3.383223,6.48912],[3.382518,6.490868],[3.380273,6.496811],[3.380114,6.497031],[3.379405,6.497387],[3.379308,6.497456],[3.379152,6.497636],[3.378191,6.49992],[3.377336,6.502086],[3.3773,6.502388],[3.377325,6.502619],[3.378038,6.506005],[3.378191,6.506899],[3.378474,6.508258],[3.378488,6.508541],[3.378439,6.50877],[3.377624,6.510754],[3.377472,6.511185],[3.377063,6.512119],[3.376074,6.514676],[3.375576,6.515763],[3.375295,6.516064],[3.374963,6.516254],[3.371523,6.517692],[3.371407,6.517713],[3.371181,6.517717],[3.370891,6.517644],[3.368692,6.516732]]}},{"type":"Feature","properties":{"highway":"tertiary","name":"Eric Moore Road","bridge":false,"osm_id":133797428},"geometry":{"type":"LineString","coordinates":[[3.36252,6.477309],[3.36226,6.47754],[3.362067,6.477775]]}},{"type":"Feature","properties":{"highway":"trunk_link","name":"","bridge":true,"osm_id":133799107},"geometry":{"type":"LineString","coordinates":[[3.364002,6.474932],[3.364579,6.476182]]}},{"type":"Feature","properties":{"highway":"trunk_link","name":"","bridge":false,"osm_id":133799109},"geometry":{"type":"LineString","coordinates":[[3.363391,6.477047],[3.362425,6.477524],[3.362067,6.477775]]}},{"type":"Feature","properties":{"highway":"trunk_link","name":"","bridge":true,"osm_id":133799114},"geometry":{"type":"LineString","coordinates":[[3.364723,6.477862],[3.364107,6.476541]]}},{"type":"Feature","properties":{"highway":"primary_link","name":"","bridge":false,"osm_id":133799122},"geometry":{"type":"LineString","coordinates":[[3.363703,6.474264],[3.363803,6.474499]]}},{"type":"Feature","properties":{"highway":"trunk_link","name":"","bridge":false,"osm_id":133799125},"geometry":{"type":"LineString","coordinates":[[3.365282,6.477578],[3.365557,6.478128]]}},{"type":"Feature","properties":{"highway":"trunk_link","name":"","bridge":false,"osm_id":133799126},"geometry":{"type":"LineString","coordinates":[[3.363395,6.475106],[3.363225,6.474754]]}},{"type":"Feature","properties":{"highway":"motorway_link","name":"","bridge":false,"osm_id":133800603},"geometry":{"type":"LineString","coordinates":[[3.363321,6.473706],[3.363703,6.474264]]}},{"type":"Feature","properties":{"highway":"motorway_link","name":"","bridge":false,"osm_id":133800604},"geometry":{"type":"LineString","coordinates":[[3.363145,6.473692],[3.363005,6.473483],[3.362771,6.472968]]}},{"type":"Feature","properties":{"highway":"motorway_link","name":"","bridge":false,"osm_id":133800622},"geometry":{"type":"LineString","coordinates":[[3.363803,6.474499],[3.36376,6.474651]]}},{"type":"Feature","properties":{"highway":"motorway_link","name":"","bridge":false,"osm_id":133800626},"geometry":{"type":"LineString","coordinates":[[3.362765,6.47293],[3.362859,6.47254]]}},{"type":"Feature","properties":{"highway":"trunk","name":"Lagos Badagry Expressway","bridge":true,"osm_id":207462073},"geometry":{"type":"LineString","coordinates":[[3.362643,6.477117],[3.364057,6.476432]]}},{"type":"Feature","properties":{"highway":"trunk","name":"Lagos Badagry Expressway","bridge":true,"osm_id":207462074},"geometry":{"type":"LineString","coordinates":[[3.364107,6.476541],[3.362685,6.477223]]}},{"type":"Feature","properties":{"highway":"trunk","name":"Lagos Badagry Expressway","bridge":true,"osm_id":264916645},"geometry":{"type":"LineString","coordinates":[[3.364057,6.476432],[3.364579,6.476182]]}},{"type":"Feature","properties":{"highway":"trunk_link","name":"","bridge":true,"osm_id":264916673},"geometry":{"type":"LineString","coordinates":[[3.364057,6.476432],[3.363395,6.475106]]}},{"type":"Feature","properties":{"highway":"trunk_link","name":"","bridge":true,"osm_id":264916674},"geometry":{"type":"LineString","coordinates":[[3.36464,6.4763],[3.365282,6.477578]]}},{"type":"Feature","properties":{"highway":"trunk_link","name":"","bridge":false,"osm_id":685546678},"geometry":{"type":"LineString","coordinates":[[3.362018,6.477197],[3.362136,6.47707],[3.362394,6.476901],[3.362903,6.476681],[3.363119,6.476633],[3.363419,6.476657],[3.363487,6.47671],[3.363525,6.476797],[3.363513,6.476883],[3.363391,6.477047]]}},{"type":"Feature","properties":{"highway":"trunk_link","name":"","bridge":true,"osm_id":893293880},"geometry":{"type":"LineString","coordinates":[[3.364107,6.476541],[3.364057,6.476432]]}},{"type":"Feature","properties":{"highway":"trunk","name":"Lagos Badagry Expressway","bridge":true,"osm_id":893293881},"geometry":{"type":"LineString","coordinates":[[3.36464,6.4763],[3.364107,6.476541]]}},{"type":"Feature","properties":{"highway":"trunk_link","name":"","bridge":true,"osm_id":893293883},"geometry":{"type":"LineString","coordinates":[[3.364579,6.476182],[3.36464,6.4763]]}},{"type":"Feature","properties":{"highway":"primary","name":"","bridge":false,"osm_id":893293884},"geometry":{"type":"LineString","coordinates":[[3.363225,6.474754],[3.362836,6.473409],[3.362765,6.47293]]}},{"type":"Feature","properties":{"highway":"trunk_link","name":"","bridge":false,"osm_id":1222843738},"geometry":{"type":"LineString","coordinates":[[3.363803,6.474499],[3.364002,6.474932]]}},{"type":"Feature","properties":{"highway":"primary_link","name":"","bridge":false,"osm_id":133792618},"geometry":{"type":"LineString","coordinates":[[3.373503,6.469897],[3.373428,6.469823],[3.373426,6.469678],[3.373515,6.46961],[3.373626,6.469592]]}},{"type":"Feature","properties":{"highway":"primary","name":"Ijora Causeway","bridge":false,"osm_id":133792636},"geometry":{"type":"LineString","coordinates":[[3.369715,6.468977],[3.371784,6.46927]]}},{"type":"Feature","properties":{"highway":"primary","name":"Ijora Causeway","bridge":false,"osm_id":133795063},"geometry":{"type":"LineString","coordinates":[[3.371478,6.469504],[3.370943,6.469324],[3.36965,6.469072]]}},{"type":"Feature","properties":{"highway":"primary","name":"Ijora Causeway","bridge":true,"osm_id":133795067},"geometry":{"type":"LineString","coordinates":[[3.371784,6.46927],[3.37247,6.469386]]}},{"type":"Feature","properties":{"highway":"primary_link","name":"","bridge":false,"osm_id":133795076},"geometry":{"type":"LineString","coordinates":[[3.369152,6.468739],[3.370409,6.469018],[3.37059,6.469089]]}},{"type":"Feature","properties":{"highway":"primary","name":"Ijora Causeway","bridge":true,"osm_id":133795079},"geometry":{"type":"LineString","coordinates":[[3.372628,6.469768],[3.372007,6.46963]]}},{"type":"Feature","properties":{"highway":"primary","name":"Ijora Causeway","bridge":false,"osm_id":133795081},"geometry":{"type":"LineString","coordinates":[[3.372007,6.46963],[3.371478,6.469504]]}},{"type":"Feature","properties":{"highway":"tertiary","name":"","bridge":false,"osm_id":133795082},"geometry":{"type":"LineString","coordinates":[[3.372123,6.46918],[3.372361,6.469058],[3.373078,6.468509],[3.373269,6.468392],[3.373961,6.468104]]}},{"type":"Feature","properties":{"highway":"tertiary","name":"","bridge":true,"osm_id":133795086},"geometry":{"type":"LineString","coordinates":[[3.371719,6.469192],[3.37196,6.469206],[3.372123,6.46918]]}},{"type":"Feature","properties":{"highway":"tertiary","name":"","bridge":false,"osm_id":133795094},"geometry":{"type":"LineString","coordinates":[[3.371478,6.469504],[3.371291,6.469514],[3.370283,6.469383]]}},{"type":"Feature","properties":{"highway":"primary","name":"Ijora Causeway","bridge":false,"osm_id":559174568},"geometry":{"type":"LineString","coordinates":[[3.37247,6.469386],[3.373972,6.469649]]}},{"type":"Feature","properties":{"highway":"primary","name":"Ijora Causeway","bridge":false,"osm_id":559174569},"geometry":{"type":"LineString","coordinates":[[3.374784,6.470112],[3.372628,6.469768]]}},{"type":"Feature","properties":{"highway":"motorway_link","name":"","bridge":true,"osm_id":133792620},"geometry":{"type":"LineString","coordinates":[[3.375266,6.469669],[3.375808,6.469612],[3.377182,6.46927],[3.377503,6.469116],[3.377627,6.469017],[3.377969,6.468543]]}},{"type":"Feature","properties":{"highway":"primary_link","name":"","bridge":false,"osm_id":133792622},"geometry":{"type":"LineString","coordinates":[[3.376488,6.469714],[3.376598,6.46949]]}},{"type":"Feature","properties":{"highway":"primary_link","name":"","bridge":false,"osm_id":133792626},"geometry":{"type":"LineString","coordinates":[[3.377747,6.469407],[3.377908,6.469462],[3.377969,6.469538],[3.378011,6.469666]]}},{"type":"Feature","properties":{"highway":"primary_link","name":"","bridge":false,"osm_id":133792628},"geometry":{"type":"LineString","coordinates":[[3.378011,6.469666],[3.378226,6.47025],[3.378374,6.470556]]}},{"type":"Feature","properties":{"highway":"motorway_link","name":"","bridge":true,"osm_id":133792633},"geometry":{"type":"LineString","coordinates":[[3.37598,6.470605],[3.376069,6.47084],[3.376229,6.470993],[3.376466,6.471083],[3.376718,6.471075],[3.376926,6.471],[3.377035,6.470906],[3.377312,6.470502],[3.377386,6.470435]]}},{"type":"Feature","properties":{"highway":"primary_link","name":"","bridge":false,"osm_id":133792634},"geometry":{"type":"LineString","coordinates":[[3.376598,6.46949],[3.37668,6.469593],[3.376791,6.469637]]}},{"type":"Feature","properties":{"highway":"motorway_link","name":"","bridge":false,"osm_id":133792635},"geometry":{"type":"LineString","coordinates":[[3.376302,6.470101],[3.376058,6.470263],[3.37599,6.470406],[3.37598,6.470605]]}},{"type":"Feature","properties":{"highway":"primary_link","name":"","bridge":false,"osm_id":217574055},"geometry":{"type":"LineString","coordinates":[[3.37822,6.469623],[3.378074,6.469865]]}},{"type":"Feature","properties":{"highway":"trunk_link","name":"A5","bridge":false,"osm_id":133766192},"geometry":{"type":"LineString","coordinates":[[3.382861,6.469539],[3.382352,6.469324],[3.381745,6.469158],[3.38144,6.468972],[3.381364,6.468856],[3.381328,6.468702],[3.381351,6.468564],[3.381463,6.468433],[3.381548,6.468384],[3.381673,6.468342],[3.381791,6.468342],[3.381933,6.468366],[3.382072,6.46846],[3.382451,6.469034]]}},{"type":"Feature","properties":{"highway":"primary","name":"A151","bridge":true,"osm_id":133766195},"geometry":{"type":"LineString","coordinates":[[3.379841,6.468886],[3.38067,6.468713],[3.381276,6.468682],[3.381567,6.468712],[3.381811,6.468775],[3.382302,6.468972]]}},{"type":"Feature","properties":{"highway":"primary","name":"Ijora Causeway","bridge":false,"osm_id":133766198},"geometry":{"type":"LineString","coordinates":[[3.379833,6.469004],[3.379398,6.469092],[3.379194,6.469161],[3.37822,6.469623],[3.376302,6.470101],[3.375692,6.470146],[3.374784,6.470112]]}},{"type":"Feature","properties":{"highway":"motorway_link","name":"","bridge":false,"osm_id":133792617},"geometry":{"type":"LineString","coordinates":[[3.373972,6.469649],[3.37423,6.469621],[3.374987,6.469678],[3.375266,6.469669]]}},{"type":"Feature","properties":{"highway":"motorway_link","name":"","bridge":false,"osm_id":133792619},"geometry":{"type":"LineString","coordinates":[[3.378124,6.471818],[3.378331,6.471634],[3.378393,6.47151],[3.378444,6.471285],[3.378406,6.471027],[3.378058,6.470368],[3.377886,6.47011],[3.377692,6.469971],[3.377303,6.469861]]}},{"type":"Feature","properties":{"highway":"motorway_link","name":"","bridge":true,"osm_id":133792621},"geometry":{"type":"LineString","coordinates":[[3.376561,6.473022],[3.376752,6.472044],[3.37673,6.47176],[3.376688,6.471623],[3.376531,6.471388],[3.376415,6.471276],[3.375474,6.470496]]}},{"type":"Feature","properties":{"highway":"motorway_link","name":"","bridge":false,"osm_id":133792624},"geometry":{"type":"LineString","coordinates":[[3.375474,6.470496],[3.375178,6.470297],[3.374784,6.470112]]}},{"type":"Feature","properties":{"highway":"tertiary","name":"Oba Fatai Aromire Way","bridge":false,"osm_id":133792627},"geometry":{"type":"LineString","coordinates":[[3.376598,6.46949],[3.376537,6.469292],[3.375799,6.469213],[3.375506,6.469099],[3.374288,6.468301],[3.374127,6.468241],[3.373961,6.468104]]}},{"type":"Feature","properties":{"highway":"motorway_link","name":"","bridge":true,"osm_id":133792629},"geometry":{"type":"LineString","coordinates":[[3.377404,6.47078],[3.377377,6.471393],[3.377484,6.471636],[3.377637,6.471789],[3.377743,6.471844],[3.377948,6.471873],[3.378124,6.471818]]}},{"type":"Feature","properties":{"highway":"primary","name":"Ijora Causeway","bridge":false,"osm_id":133795083},"geometry":{"type":"LineString","coordinates":[[3.373972,6.469649],[3.375206,6.469827],[3.375681,6.469838],[3.376059,6.469794],[3.376488,6.469714],[3.379841,6.468886]]}},{"type":"Feature","properties":{"highway":"primary","name":"Carter Bridge","bridge":true,"osm_id":207402234},"geometry":{"type":"LineString","coordinates":[[3.384681,6.467558],[3.383884,6.469045],[3.383793,6.46917],[3.383479,6.469365],[3.383316,6.4694],[3.38312,6.4694],[3.382944,6.469359],[3.382113,6.468964],[3.381458,6.468793],[3.380969,6.468783],[3.380698,6.468817],[3.379833,6.469004]]}},{"type":"Feature","properties":{"highway":"trunk","name":"Iddo Road","bridge":false,"osm_id":215667118},"geometry":{"type":"LineString","coordinates":[[3.383474,6.480114],[3.381907,6.477185],[3.381704,6.476603],[3.381657,6.476275],[3.381696,6.475871],[3.38188,6.475141],[3.382571,6.471504],[3.382736,6.470977],[3.382974,6.470398],[3.38302,6.470146],[3.383037,6.469863],[3.382998,6.469717],[3.382861,6.469539]]}},{"type":"Feature","properties":{"highway":"motorway_link","name":"","bridge":false,"osm_id":217574050},"geometry":{"type":"LineString","coordinates":[[3.378374,6.470556],[3.378596,6.471093],[3.378567,6.471452],[3.378391,6.471782],[3.378301,6.471868],[3.378085,6.471985]]}},{"type":"Feature","properties":{"highway":"motorway_link","name":"","bridge":true,"osm_id":133792625},"geometry":{"type":"LineString","coordinates":[[3.378085,6.471985],[3.377467,6.472041],[3.377239,6.472135],[3.377141,6.472209],[3.376999,6.472401],[3.376692,6.473102],[3.376531,6.473383]]}},{"type":"Feature","properties":{"highway":"trunk_link","name":"","bridge":false,"osm_id":133797425},"geometry":{"type":"LineString","coordinates":[[3.360504,6.479572],[3.360573,6.479374],[3.360572,6.479068],[3.360505,6.478854],[3.36042,6.478716],[3.360174,6.478519],[3.360016,6.478475],[3.359585,6.478452]]}},{"type":"Feature","properties":{"highway":"motorway","name":"Apapa Road","bridge":true,"osm_id":133795061},"geometry":{"type":"LineString","coordinates":[[3.36568,6.478618],[3.365943,6.479144],[3.366117,6.479569],[3.366337,6.480335],[3.366414,6.480769],[3.366457,6.481515],[3.36636,6.482431]]}},{"type":"Feature","properties":{"highway":"motorway","name":"Eko Bridge","bridge":true,"osm_id":133795074},"geometry":{"type":"LineString","coordinates":[[3.365578,6.484047],[3.366075,6.483244],[3.366573,6.482627],[3.367255,6.481939]]}},{"type":"Feature","properties":{"highway":"primary_link","name":"","bridge":false,"osm_id":133799120},"geometry":{"type":"LineString","coordinates":[[3.366407,6.480571],[3.366762,6.480407],[3.36684,6.480334],[3.366939,6.480124]]}},{"type":"Feature","properties":{"highway":"primary","name":"","bridge":true,"osm_id":280570911},"geometry":{"type":"LineString","coordinates":[[3.367808,6.480433],[3.36801,6.480435]]}},{"type":"Feature","properties":{"highway":"primary","name":"","bridge":true,"osm_id":280570915},"geometry":{"type":"LineString","coordinates":[[3.367581,6.481002],[3.367391,6.480947]]}},{"type":"Feature","properties":{"highway":"primary","name":"","bridge":false,"osm_id":280570922},"geometry":{"type":"LineString","coordinates":[[3.36801,6.480435],[3.368482,6.48032]]}},{"type":"Feature","properties":{"highway":"primary_link","name":"","bridge":false,"osm_id":592415156},"geometry":{"type":"LineString","coordinates":[[3.36715,6.480261],[3.367023,6.480554],[3.367044,6.480837]]}},{"type":"Feature","properties":{"highway":"primary","name":"","bridge":false,"osm_id":893293882},"geometry":{"type":"LineString","coordinates":[[3.367391,6.480947],[3.366825,6.480774],[3.366527,6.480638],[3.366099,6.480356],[3.36583,6.480104],[3.365644,6.479878],[3.365476,6.47958],[3.364898,6.478369]]}},{"type":"Feature","properties":{"highway":"primary","name":"Western Avenue","bridge":true,"osm_id":907495983},"geometry":{"type":"LineString","coordinates":[[3.368034,6.483454],[3.368541,6.483034]]}},{"type":"Feature","properties":{"highway":"motorway","name":"Apapa Road","bridge":true,"osm_id":1287699024},"geometry":{"type":"LineString","coordinates":[[3.366308,6.481399],[3.366289,6.480817],[3.366154,6.480131],[3.365819,6.479192],[3.365556,6.478662]]}},{"type":"Feature","properties":{"highway":"motorway","name":"Apapa Road","bridge":true,"osm_id":1287699025},"geometry":{"type":"LineString","coordinates":[[3.366306,6.481622],[3.366308,6.481399]]}},{"type":"Feature","properties":{"highway":"secondary","name":"Adeniran Ogunsanya Street","bridge":false,"osm_id":9719406},"geometry":{"type":"LineString","coordinates":[[3.358287,6.498774],[3.358151,6.498635],[3.357737,6.497375],[3.357648,6.495936],[3.357544,6.495389],[3.35713,6.493716],[3.356642,6.492307],[3.356458,6.491313],[3.356062,6.489824]]}},{"type":"Feature","properties":{"highway":"secondary","name":"Adeniran Ogunsanya Street","bridge":false,"osm_id":10636727},"geometry":{"type":"LineString","coordinates":[[3.356172,6.489799],[3.356255,6.49027],[3.356547,6.491341],[3.356732,6.492348],[3.357012,6.493056],[3.357175,6.493556],[3.357711,6.495798],[3.357808,6.49737],[3.358222,6.49862],[3.358288,6.4987],[3.358437,6.498726]]}},{"type":"Feature","properties":{"highway":"motorway","name":"Apapa Road","bridge":true,"osm_id":89929130},"geometry":{"type":"LineString","coordinates":[[3.364629,6.486223],[3.36483,6.485519],[3.365106,6.484798],[3.365911,6.483196],[3.366053,6.48285],[3.366161,6.482497],[3.366306,6.481622]]}},{"type":"Feature","properties":{"highway":"secondary","name":"Bode Thomas Street","bridge":false,"osm_id":133792623},"geometry":{"type":"LineString","coordinates":[[3.363526,6.488989],[3.361583,6.488182],[3.361399,6.488171],[3.361236,6.488199]]}},{"type":"Feature","properties":{"highway":"primary","name":"Western Avenue","bridge":false,"osm_id":133795071},"geometry":{"type":"LineString","coordinates":[[3.368121,6.483529],[3.367427,6.48401],[3.365975,6.485252],[3.365349,6.485862],[3.365004,6.4863],[3.364543,6.487062],[3.364422,6.487334],[3.363536,6.489849]]}},{"type":"Feature","properties":{"highway":"primary","name":"","bridge":false,"osm_id":133795073},"geometry":{"type":"LineString","coordinates":[[3.36952,6.481158],[3.369543,6.481412],[3.369496,6.481593],[3.369372,6.481728],[3.36923,6.481754],[3.369105,6.481732],[3.368885,6.481614],[3.368597,6.48137],[3.36844,6.481166],[3.368289,6.480901],[3.368247,6.480766],[3.368289,6.480534],[3.368354,6.480427],[3.368482,6.48032],[3.36864,6.480252],[3.368822,6.480264],[3.368937,6.480303],[3.369058,6.480401],[3.369166,6.480517],[3.36942,6.480905]]}},{"type":"Feature","properties":{"highway":"motorway","name":"Eko Bridge","bridge":true,"osm_id":133795093},"geometry":{"type":"LineString","coordinates":[[3.364629,6.486223],[3.365129,6.48496],[3.365578,6.484047]]}},{"type":"Feature","properties":{"highway":"primary","name":"","bridge":false,"osm_id":133799115},"geometry":{"type":"LineString","coordinates":[[3.368714,6.48147],[3.368245,6.481208],[3.367581,6.481002]]}},{"type":"Feature","properties":{"highway":"motorway","name":"Western Avenue","bridge":false,"osm_id":133803781},"geometry":{"type":"LineString","coordinates":[[3.361558,6.496392],[3.361536,6.495581],[3.361634,6.494758],[3.361715,6.494363],[3.361826,6.493971],[3.362268,6.49272],[3.363241,6.490066]]}},{"type":"Feature","properties":{"highway":"motorway_link","name":"","bridge":false,"osm_id":133803789},"geometry":{"type":"LineString","coordinates":[[3.36317,6.490624],[3.362911,6.491563]]}},{"type":"Feature","properties":{"highway":"motorway_link","name":"","bridge":false,"osm_id":133803790},"geometry":{"type":"LineString","coordinates":[[3.363232,6.490656],[3.362855,6.491544]]}},{"type":"Feature","properties":{"highway":"motorway_link","name":"","bridge":false,"osm_id":133803794},"geometry":{"type":"LineString","coordinates":[[3.362647,6.491468],[3.363089,6.490485]]}},{"type":"Feature","properties":{"highway":"motorway","name":"Western Avenue","bridge":false,"osm_id":231756295},"geometry":{"type":"LineString","coordinates":[[3.363354,6.490107],[3.362855,6.491544],[3.361985,6.493882],[3.361816,6.494483],[3.361677,6.495459],[3.361674,6.496387]]}},{"type":"Feature","properties":{"highway":"motorway_link","name":"","bridge":false,"osm_id":231756301},"geometry":{"type":"LineString","coordinates":[[3.362727,6.491504],[3.362849,6.491001],[3.363018,6.490475]]}},{"type":"Feature","properties":{"highway":"primary","name":"Western Avenue","bridge":false,"osm_id":231756330},"geometry":{"type":"LineString","coordinates":[[3.363252,6.48977],[3.363848,6.488089],[3.364368,6.486784],[3.364829,6.486267],[3.364939,6.486088],[3.365375,6.485651],[3.367091,6.484152],[3.368034,6.483454]]}},{"type":"Feature","properties":{"highway":"primary","name":"Western Avenue","bridge":true,"osm_id":907495984},"geometry":{"type":"LineString","coordinates":[[3.368612,6.483116],[3.368121,6.483529]]}},{"type":"Feature","properties":{"highway":"primary","name":"Western Avenue","bridge":false,"osm_id":907495985},"geometry":{"type":"LineString","coordinates":[[3.368541,6.483034],[3.368873,6.48268],[3.369152,6.482245],[3.369159,6.482062],[3.369109,6.4819],[3.368885,6.481614]]}},{"type":"Feature","properties":{"highway":"motorway","name":"Apapa Road","bridge":true,"osm_id":1071098801},"geometry":{"type":"LineString","coordinates":[[3.36636,6.482431],[3.366153,6.483242],[3.366052,6.483494],[3.365306,6.484919],[3.365109,6.485385]]}},{"type":"Feature","properties":{"highway":"primary","name":"Western Avenue","bridge":false,"osm_id":1541019433},"geometry":{"type":"LineString","coordinates":[[3.361554,6.497852],[3.361439,6.497046],[3.361367,6.496286],[3.361411,6.495464],[3.36154,6.494616],[3.36176,6.49393],[3.36273,6.491181],[3.363018,6.490475],[3.363154,6.490036]]}},{"type":"Feature","properties":{"highway":"secondary","name":"Bode Thomas Street","bridge":true,"osm_id":280398138},"geometry":{"type":"LineString","coordinates":[[3.361236,6.488199],[3.36105,6.488274]]}},{"type":"Feature","properties":{"highway":"secondary_link","name":"","bridge":false,"osm_id":535043104},"geometry":{"type":"LineString","coordinates":[[3.356471,6.491059],[3.35639,6.49108]]}},{"type":"Feature","properties":{"highway":"secondary_link","name":"","bridge":false,"osm_id":535043105},"geometry":{"type":"LineString","coordinates":[[3.356378,6.491037],[3.356463,6.491021]]}},{"type":"Feature","properties":{"highway":"secondary_link","name":"","bridge":false,"osm_id":535066064},"geometry":{"type":"LineString","coordinates":[[3.356345,6.48975],[3.356213,6.490065]]}},{"type":"Feature","properties":{"highway":"secondary_link","name":"","bridge":false,"osm_id":535066066},"geometry":{"type":"LineString","coordinates":[[3.356127,6.490078],[3.35591,6.489937],[3.355807,6.489903]]}},{"type":"Feature","properties":{"highway":"motorway","name":"Western Avenue","bridge":true,"osm_id":5150272},"geometry":{"type":"LineString","coordinates":[[3.363759,6.488585],[3.364629,6.486223]]}},{"type":"Feature","properties":{"highway":"motorway","name":"Western Avenue","bridge":false,"osm_id":8064810},"geometry":{"type":"LineString","coordinates":[[3.363888,6.488616],[3.363459,6.489834]]}},{"type":"Feature","properties":{"highway":"motorway","name":"Western Avenue","bridge":true,"osm_id":133795057},"geometry":{"type":"LineString","coordinates":[[3.365109,6.485385],[3.364688,6.486404],[3.363888,6.488616]]}},{"type":"Feature","properties":{"highway":"motorway","name":"Western Avenue","bridge":true,"osm_id":231756298},"geometry":{"type":"LineString","coordinates":[[3.363241,6.490066],[3.363338,6.489789]]}},{"type":"Feature","properties":{"highway":"motorway","name":"Western Avenue","bridge":false,"osm_id":231756306},"geometry":{"type":"LineString","coordinates":[[3.363338,6.489789],[3.363759,6.488585]]}},{"type":"Feature","properties":{"highway":"motorway","name":"Western Avenue","bridge":true,"osm_id":231756310},"geometry":{"type":"LineString","coordinates":[[3.363459,6.489834],[3.363354,6.490107]]}},{"type":"Feature","properties":{"highway":"primary","name":"Western Avenue","bridge":true,"osm_id":231756314},"geometry":{"type":"LineString","coordinates":[[3.363154,6.490036],[3.363252,6.48977]]}},{"type":"Feature","properties":{"highway":"primary","name":"Western Avenue","bridge":true,"osm_id":231756317},"geometry":{"type":"LineString","coordinates":[[3.363536,6.489849],[3.363439,6.490129]]}},{"type":"Feature","properties":{"highway":"primary_link","name":"","bridge":false,"osm_id":592415155},"geometry":{"type":"LineString","coordinates":[[3.364562,6.48656],[3.364782,6.486652]]}},{"type":"Feature","properties":{"highway":"motorway_link","name":"","bridge":true,"osm_id":133795058},"geometry":{"type":"LineString","coordinates":[[3.371384,6.478829],[3.369638,6.480397]]}},{"type":"Feature","properties":{"highway":"motorway_link","name":"","bridge":false,"osm_id":133795064},"geometry":{"type":"LineString","coordinates":[[3.369537,6.480517],[3.369435,6.480673],[3.36942,6.480905]]}},{"type":"Feature","properties":{"highway":"motorway_link","name":"","bridge":true,"osm_id":133795080},"geometry":{"type":"LineString","coordinates":[[3.369561,6.479818],[3.370885,6.478939],[3.371459,6.478609]]}},{"type":"Feature","properties":{"highway":"motorway_link","name":"","bridge":false,"osm_id":133795087},"geometry":{"type":"LineString","coordinates":[[3.36864,6.480252],[3.368973,6.480146],[3.36923,6.480028],[3.369561,6.479818]]}},{"type":"Feature","properties":{"highway":"tertiary","name":"Apapa Road","bridge":false,"osm_id":133797418},"geometry":{"type":"LineString","coordinates":[[3.369836,6.481634],[3.369577,6.481714],[3.369397,6.481718]]}},{"type":"Feature","properties":{"highway":"tertiary","name":"Apapa Road","bridge":false,"osm_id":133797429},"geometry":{"type":"LineString","coordinates":[[3.369659,6.481394],[3.369718,6.481509],[3.369836,6.481634]]}},{"type":"Feature","properties":{"highway":"primary","name":"Western Avenue","bridge":false,"osm_id":907495986},"geometry":{"type":"LineString","coordinates":[[3.369372,6.481728],[3.369398,6.481821],[3.369384,6.481946],[3.369136,6.482517],[3.368982,6.482726],[3.368612,6.483116]]}},{"type":"Feature","properties":{"highway":"primary","name":"","bridge":false,"osm_id":1465598397},"geometry":{"type":"LineString","coordinates":[[3.36942,6.480905],[3.36952,6.481158]]}},{"type":"Feature","properties":{"highway":"tertiary","name":"Apapa Road","bridge":false,"osm_id":1465598398},"geometry":{"type":"LineString","coordinates":[[3.36952,6.481158],[3.369659,6.481394]]}},{"type":"Feature","properties":{"highway":"motorway_link","name":"","bridge":false,"osm_id":1465598399},"geometry":{"type":"LineString","coordinates":[[3.369638,6.480397],[3.369537,6.480517]]}},{"type":"Feature","properties":{"highway":"tertiary","name":"Apapa Road","bridge":false,"osm_id":207402240},"geometry":{"type":"LineString","coordinates":[[3.376719,6.481655],[3.378596,6.481626],[3.379086,6.48148],[3.379498,6.481305],[3.379994,6.481179],[3.380143,6.481189],[3.380275,6.481233],[3.380982,6.481529]]}},{"type":"Feature","properties":{"highway":"trunk","name":"Wright Street","bridge":false,"osm_id":180448479},"geometry":{"type":"LineString","coordinates":[[3.382209,6.491492],[3.382275,6.491256],[3.382194,6.491151],[3.379665,6.49015]]}},{"type":"Feature","properties":{"highway":"tertiary","name":"Apapa Road","bridge":false,"osm_id":530724619},"geometry":{"type":"LineString","coordinates":[[3.376719,6.481655],[3.375817,6.48167],[3.374724,6.481742],[3.370834,6.481808],[3.370371,6.481784],[3.369836,6.481634]]}},{"type":"Feature","properties":{"highway":"tertiary","name":"Apapa Road","bridge":false,"osm_id":1157080490},"geometry":{"type":"LineString","coordinates":[[3.380982,6.481529],[3.38125,6.481694],[3.382003,6.48199]]}},{"type":"Feature","properties":{"highway":"trunk","name":"Murtula Muhammed Way","bridge":false,"osm_id":1222843737},"geometry":{"type":"LineString","coordinates":[[3.379665,6.49015],[3.380276,6.488704],[3.380585,6.487837],[3.380997,6.486813],[3.381588,6.485513],[3.381758,6.485052],[3.382084,6.484399],[3.383371,6.48149],[3.383497,6.481083],[3.383552,6.480691],[3.383474,6.480114]]}},{"type":"Feature","properties":{"highway":"trunk_link","name":"","bridge":false,"osm_id":133766185},"geometry":{"type":"LineString","coordinates":[[3.382861,6.469539],[3.382566,6.469292],[3.382266,6.469132]]}},{"type":"Feature","properties":{"highway":"primary","name":"Carter Bridge","bridge":true,"osm_id":133766187},"geometry":{"type":"LineString","coordinates":[[3.383583,6.469076],[3.383693,6.469005],[3.3838,6.468886],[3.384175,6.468226],[3.385298,6.466011],[3.385641,6.465233]]}},{"type":"Feature","properties":{"highway":"trunk_link","name":"Carter Bridge","bridge":true,"osm_id":133766188},"geometry":{"type":"LineString","coordinates":[[3.384681,6.467558],[3.384513,6.468025],[3.383761,6.469415]]}},{"type":"Feature","properties":{"highway":"primary","name":"A151","bridge":false,"osm_id":133766189},"geometry":{"type":"LineString","coordinates":[[3.382302,6.468972],[3.382451,6.469034]]}},{"type":"Feature","properties":{"highway":"trunk_link","name":"","bridge":true,"osm_id":133766191},"geometry":{"type":"LineString","coordinates":[[3.382266,6.469132],[3.381977,6.468998],[3.381845,6.468892]]}},{"type":"Feature","properties":{"highway":"primary_link","name":"","bridge":false,"osm_id":133766194},"geometry":{"type":"LineString","coordinates":[[3.383465,6.469436],[3.38343,6.469597],[3.383349,6.469675],[3.383262,6.469698],[3.383149,6.469683],[3.382986,6.469603]]}},{"type":"Feature","properties":{"highway":"trunk_link","name":"","bridge":false,"osm_id":133766200},"geometry":{"type":"LineString","coordinates":[[3.383465,6.469436],[3.383518,6.469628],[3.383467,6.469814]]}},{"type":"Feature","properties":{"highway":"primary","name":"A5","bridge":false,"osm_id":207402246},"geometry":{"type":"LineString","coordinates":[[3.382451,6.469034],[3.382964,6.469246],[3.383309,6.469205],[3.383583,6.469076]]}},{"type":"Feature","properties":{"highway":"primary","name":"Carter Bridge","bridge":true,"osm_id":328558539},"geometry":{"type":"LineString","coordinates":[[3.385713,6.465519],[3.384681,6.467558]]}},{"type":"Feature","properties":{"highway":"trunk_link","name":"A5","bridge":false,"osm_id":567791463},"geometry":{"type":"LineString","coordinates":[[3.383761,6.469415],[3.383467,6.469814]]}},{"type":"Feature","properties":{"highway":"trunk_link","name":"","bridge":false,"osm_id":606870724},"geometry":{"type":"LineString","coordinates":[[3.382974,6.470398],[3.383092,6.469958],[3.383096,6.469829],[3.383049,6.469669],[3.382986,6.469603],[3.382861,6.469539]]}},{"type":"Feature","properties":{"highway":"primary_link","name":"","bridge":false,"osm_id":1222548746},"geometry":{"type":"LineString","coordinates":[[3.382964,6.469246],[3.383284,6.469293],[3.383413,6.469346],[3.383465,6.469436]]}},{"type":"Feature","properties":{"highway":"trunk","name":"Iddo Road","bridge":false,"osm_id":112513501},"geometry":{"type":"LineString","coordinates":[[3.383467,6.469814],[3.383202,6.470148],[3.38306,6.470413],[3.38291,6.470727],[3.382672,6.471407],[3.38249,6.472266],[3.381991,6.475033],[3.38179,6.475854],[3.381737,6.476216],[3.381775,6.476556],[3.381887,6.476917],[3.382344,6.477842],[3.383336,6.479625],[3.383415,6.479756],[3.383626,6.479993]]}},{"type":"Feature","properties":{"highway":"trunk_link","name":"F266","bridge":false,"osm_id":207402238},"geometry":{"type":"LineString","coordinates":[[3.383512,6.480388],[3.383571,6.480267],[3.38366,6.480203],[3.38377,6.480207],[3.383906,6.480295]]}},{"type":"Feature","properties":{"highway":"trunk_link","name":"","bridge":false,"osm_id":207402239},"geometry":{"type":"LineString","coordinates":[[3.383626,6.479993],[3.383622,6.480121],[3.38357,6.480138],[3.383474,6.480114]]}},{"type":"Feature","properties":{"highway":"trunk","name":"Oyingbo Street","bridge":false,"osm_id":215667104},"geometry":{"type":"LineString","coordinates":[[3.383626,6.479993],[3.383826,6.480179],[3.384297,6.480871],[3.385048,6.482282]]}},{"type":"Feature","properties":{"highway":"trunk","name":"Oyingbo Street","bridge":false,"osm_id":534989419},"geometry":{"type":"LineString","coordinates":[[3.385048,6.482282],[3.385581,6.483267],[3.385622,6.483421],[3.38562,6.483571]]}},{"type":"Feature","properties":{"highway":"tertiary","name":"Oyingbo Flyover Bridge","bridge":true,"osm_id":1157080487},"geometry":{"type":"LineString","coordinates":[[3.382003,6.48199],[3.382931,6.482329]]}},{"type":"Feature","properties":{"highway":"tertiary","name":"","bridge":true,"osm_id":1157080491},"geometry":{"type":"LineString","coordinates":[[3.38249,6.483324],[3.383325,6.481441],[3.383432,6.481113]]}},{"type":"Feature","properties":{"highway":"tertiary","name":"","bridge":false,"osm_id":1157080492},"geometry":{"type":"LineString","coordinates":[[3.383506,6.480718],[3.383512,6.480389]]}},{"type":"Feature","properties":{"highway":"tertiary","name":"","bridge":false,"osm_id":1157080493},"geometry":{"type":"LineString","coordinates":[[3.383432,6.481113],[3.383506,6.480718]]}},{"type":"Feature","properties":{"highway":"tertiary","name":"","bridge":false,"osm_id":1157080494},"geometry":{"type":"LineString","coordinates":[[3.382104,6.484234],[3.38249,6.483324]]}},{"type":"Feature","properties":{"highway":"tertiary","name":"","bridge":false,"osm_id":1157080495},"geometry":{"type":"LineString","coordinates":[[3.382084,6.484399],[3.382104,6.484234]]}},{"type":"Feature","properties":{"highway":"trunk","name":"Herbert Macaulay Way","bridge":false,"osm_id":133805222},"geometry":{"type":"LineString","coordinates":[[3.38562,6.483571],[3.385199,6.484424],[3.383623,6.48797]]}},{"type":"Feature","properties":{"highway":"motorway_link","name":"","bridge":true,"osm_id":134234987},"geometry":{"type":"LineString","coordinates":[[3.392044,6.489121],[3.392292,6.488751],[3.393759,6.486852],[3.393936,6.486484],[3.394057,6.486018],[3.394079,6.485465],[3.393956,6.484906],[3.393822,6.484597],[3.393385,6.483806],[3.393115,6.4832]]}},{"type":"Feature","properties":{"highway":"motorway_link","name":"","bridge":true,"osm_id":134234990},"geometry":{"type":"LineString","coordinates":[[3.392803,6.482145],[3.393594,6.483244],[3.394374,6.483934],[3.394565,6.484155],[3.394802,6.484549],[3.39495,6.484944],[3.394999,6.485201]]}},{"type":"Feature","properties":{"highway":"motorway_link","name":"","bridge":true,"osm_id":134234991},"geometry":{"type":"LineString","coordinates":[[3.392044,6.489121],[3.392933,6.488139],[3.393346,6.487791],[3.39364,6.487633],[3.393988,6.4875],[3.394417,6.487422],[3.394838,6.487388],[3.395199,6.487405]]}},{"type":"Feature","properties":{"highway":"primary","name":"Clinic Road Lagos Mainland","bridge":false,"osm_id":134234993},"geometry":{"type":"LineString","coordinates":[[3.387451,6.492431],[3.387186,6.492479],[3.386283,6.492554],[3.385353,6.492497],[3.384755,6.492378],[3.3839,6.492118],[3.382252,6.491353]]}},{"type":"Feature","properties":{"highway":"motorway_link","name":"","bridge":true,"osm_id":134234994},"geometry":{"type":"LineString","coordinates":[[3.396963,6.489774],[3.396194,6.488712],[3.395957,6.488454],[3.395742,6.488272],[3.395463,6.488094],[3.395142,6.487942],[3.394794,6.48785],[3.394427,6.487805],[3.394035,6.487826],[3.393649,6.487921],[3.393257,6.488106],[3.392973,6.488308],[3.392602,6.488671],[3.390808,6.490686]]}},{"type":"Feature","properties":{"highway":"motorway_link","name":"","bridge":false,"osm_id":134234996},"geometry":{"type":"LineString","coordinates":[[3.394999,6.485201],[3.395009,6.485634],[3.394963,6.48612],[3.394764,6.48658],[3.394341,6.487313],[3.394081,6.487679],[3.393418,6.48838]]}},{"type":"Feature","properties":{"highway":"primary","name":"Clinic Road Lagos Mainland","bridge":false,"osm_id":207402242},"geometry":{"type":"LineString","coordinates":[[3.382275,6.491256],[3.383398,6.491778],[3.384002,6.492025],[3.384529,6.492195],[3.385129,6.492336],[3.38582,6.492438],[3.386191,6.492452],[3.386521,6.492443],[3.387434,6.492335]]}},{"type":"Feature","properties":{"highway":"primary","name":"Clinic Road Lagos Mainland","bridge":false,"osm_id":407972966},"geometry":{"type":"LineString","coordinates":[[3.387972,6.492206],[3.38869,6.491959],[3.389124,6.491764],[3.389969,6.491254],[3.390362,6.490946]]}},{"type":"Feature","properties":{"highway":"primary","name":"Clinic Road Lagos Mainland","bridge":false,"osm_id":407972969},"geometry":{"type":"LineString","coordinates":[[3.390576,6.490919],[3.390123,6.491289],[3.389412,6.491719],[3.388883,6.491976],[3.387988,6.492304]]}},{"type":"Feature","properties":{"highway":"primary","name":"","bridge":true,"osm_id":134234988},"geometry":{"type":"LineString","coordinates":[[3.390496,6.49082],[3.391379,6.489883],[3.392044,6.489121]]}},{"type":"Feature","properties":{"highway":"primary","name":"","bridge":true,"osm_id":134234998},"geometry":{"type":"LineString","coordinates":[[3.390808,6.490686],[3.390576,6.490919]]}},{"type":"Feature","properties":{"highway":"primary_link","name":"","bridge":false,"osm_id":134234999},"geometry":{"type":"LineString","coordinates":[[3.388938,6.490329],[3.388916,6.490488],[3.388936,6.490678],[3.389018,6.490867],[3.389186,6.49106],[3.389394,6.491175],[3.389632,6.49122],[3.389875,6.4912],[3.390049,6.491131],[3.390362,6.490946]]}},{"type":"Feature","properties":{"highway":"motorway_link","name":"","bridge":true,"osm_id":134235000},"geometry":{"type":"LineString","coordinates":[[3.393418,6.48838],[3.392458,6.489146],[3.39159,6.489993],[3.390808,6.490686]]}},{"type":"Feature","properties":{"highway":"primary","name":"Clinic Road Lagos Mainland","bridge":false,"osm_id":588150731},"geometry":{"type":"LineString","coordinates":[[3.390362,6.490946],[3.390496,6.49082]]}},{"type":"Feature","properties":{"highway":"motorway_link","name":"","bridge":true,"osm_id":134234995},"geometry":{"type":"LineString","coordinates":[[3.396594,6.487942],[3.396823,6.48815],[3.396994,6.488354],[3.397242,6.488817],[3.397357,6.489157],[3.397531,6.490038],[3.398109,6.491213],[3.398278,6.491652]]}},{"type":"Feature","properties":{"highway":"motorway_link","name":"","bridge":false,"osm_id":134234997},"geometry":{"type":"LineString","coordinates":[[3.395199,6.487405],[3.395751,6.487494],[3.396064,6.487602],[3.39623,6.487686],[3.396594,6.487942]]}},{"type":"Feature","properties":{"highway":"secondary","name":"Bassie Ogamba Street","bridge":false,"osm_id":106100725},"geometry":{"type":"LineString","coordinates":[[3.359872,6.494949],[3.359544,6.494989],[3.359162,6.494959],[3.358076,6.494643],[3.357772,6.49465],[3.357454,6.494726]]}},{"type":"Feature","properties":{"highway":"tertiary","name":"Alhaji Masha Road","bridge":false,"osm_id":16369562},"geometry":{"type":"LineString","coordinates":[[3.362079,6.49789],[3.361547,6.498005],[3.360711,6.498132],[3.360286,6.498258]]}},{"type":"Feature","properties":{"highway":"primary_link","name":"","bridge":false,"osm_id":133803784},"geometry":{"type":"LineString","coordinates":[[3.361084,6.497934],[3.361346,6.497681],[3.36144,6.497521],[3.361478,6.497368]]}},{"type":"Feature","properties":{"highway":"motorway","name":"Western Avenue","bridge":true,"osm_id":133803785},"geometry":{"type":"LineString","coordinates":[[3.361674,6.496387],[3.361862,6.497629],[3.361969,6.498145],[3.362322,6.499399]]}},{"type":"Feature","properties":{"highway":"motorway","name":"Western Avenue","bridge":false,"osm_id":133803787},"geometry":{"type":"LineString","coordinates":[[3.362322,6.499399],[3.363942,6.50392],[3.364018,6.504173],[3.364086,6.504574],[3.36408,6.505019],[3.364048,6.505222],[3.36328,6.508541]]}},{"type":"Feature","properties":{"highway":"motorway","name":"Western Avenue","bridge":true,"osm_id":133803793},"geometry":{"type":"LineString","coordinates":[[3.3622,6.499427],[3.361921,6.498497],[3.361718,6.497592],[3.361588,6.496758],[3.361558,6.496392]]}},{"type":"Feature","properties":{"highway":"primary","name":"Western Avenue","bridge":false,"osm_id":133805214},"geometry":{"type":"LineString","coordinates":[[3.364606,6.515058],[3.363123,6.51047],[3.363031,6.510046],[3.36298,6.509623],[3.362978,6.509179],[3.363048,6.508609],[3.363207,6.507891],[3.363369,6.507326],[3.363901,6.504937],[3.363919,6.504774],[3.363865,6.504361],[3.363805,6.504063],[3.363625,6.503545],[3.362905,6.501657],[3.361588,6.497994]]}},{"type":"Feature","properties":{"highway":"motorway","name":"Western Avenue","bridge":false,"osm_id":133805232},"geometry":{"type":"LineString","coordinates":[[3.36319,6.508521],[3.363432,6.507354],[3.363968,6.505158],[3.364002,6.504629],[3.363935,6.504182],[3.363862,6.503932],[3.362803,6.501171],[3.3622,6.499427]]}},{"type":"Feature","properties":{"highway":"tertiary","name":"Alhaji Masha Road","bridge":false,"osm_id":215667137},"geometry":{"type":"LineString","coordinates":[[3.360243,6.49814],[3.360804,6.497984],[3.362052,6.497748]]}},{"type":"Feature","properties":{"highway":"primary","name":"Western Avenue","bridge":false,"osm_id":1541019434},"geometry":{"type":"LineString","coordinates":[[3.361588,6.497994],[3.361554,6.497852]]}},{"type":"Feature","properties":{"highway":"tertiary","name":"Akerele Road","bridge":false,"osm_id":16369543},"geometry":{"type":"LineString","coordinates":[[3.359292,6.500664],[3.359552,6.501448],[3.359591,6.501693],[3.359546,6.502251],[3.359455,6.502563],[3.359283,6.50286],[3.359083,6.503072],[3.358786,6.503267]]}},{"type":"Feature","properties":{"highway":"primary_link","name":"","bridge":false,"osm_id":133803792},"geometry":{"type":"LineString","coordinates":[[3.36172,6.498397],[3.361572,6.498204],[3.361412,6.49811],[3.361214,6.49806]]}},{"type":"Feature","properties":{"highway":"tertiary","name":"","bridge":false,"osm_id":215667086},"geometry":{"type":"LineString","coordinates":[[3.356747,6.499321],[3.35692,6.499238],[3.358187,6.498804],[3.360243,6.49814]]}},{"type":"Feature","properties":{"highway":"tertiary","name":"","bridge":false,"osm_id":215667087},"geometry":{"type":"LineString","coordinates":[[3.358327,6.499273],[3.358113,6.499113],[3.357978,6.499076],[3.356746,6.499401]]}},{"type":"Feature","properties":{"highway":"tertiary","name":"","bridge":false,"osm_id":215667093},"geometry":{"type":"LineString","coordinates":[[3.358437,6.498726],[3.358574,6.499006]]}},{"type":"Feature","properties":{"highway":"tertiary","name":"Alhaji Masha Road","bridge":true,"osm_id":215667099},"geometry":{"type":"LineString","coordinates":[[3.359469,6.498495],[3.357369,6.499177]]}},{"type":"Feature","properties":{"highway":"tertiary","name":"","bridge":false,"osm_id":215667106},"geometry":{"type":"LineString","coordinates":[[3.360286,6.498258],[3.35889,6.498751],[3.358744,6.49886],[3.358611,6.499058]]}},{"type":"Feature","properties":{"highway":"tertiary","name":"Akerele Road","bridge":false,"osm_id":215667107},"geometry":{"type":"LineString","coordinates":[[3.358624,6.499098],[3.358756,6.499246],[3.358855,6.499432],[3.359292,6.500664]]}},{"type":"Feature","properties":{"highway":"tertiary","name":"","bridge":false,"osm_id":215667114},"geometry":{"type":"LineString","coordinates":[[3.358296,6.49903],[3.35836,6.49891],[3.358287,6.498774]]}},{"type":"Feature","properties":{"highway":"tertiary","name":"Alhaji Masha Road","bridge":false,"osm_id":215667117},"geometry":{"type":"LineString","coordinates":[[3.356747,6.499321],[3.357358,6.499144]]}},{"type":"Feature","properties":{"highway":"tertiary","name":"","bridge":false,"osm_id":215667121},"geometry":{"type":"LineString","coordinates":[[3.358382,6.499305],[3.358285,6.499221],[3.358268,6.49909],[3.358341,6.498986],[3.358399,6.49896],[3.358522,6.49897],[3.358611,6.499058],[3.358608,6.499217],[3.358486,6.499323],[3.358382,6.499305]]}},{"type":"Feature","properties":{"highway":"tertiary","name":"Alhaji Masha Road","bridge":true,"osm_id":215667123},"geometry":{"type":"LineString","coordinates":[[3.357358,6.499144],[3.359456,6.498458]]}},{"type":"Feature","properties":{"highway":"tertiary","name":"Alhaji Masha Road","bridge":false,"osm_id":215667130},"geometry":{"type":"LineString","coordinates":[[3.359456,6.498458],[3.360243,6.49814]]}},{"type":"Feature","properties":{"highway":"tertiary","name":"Alhaji Masha Road","bridge":false,"osm_id":215667131},"geometry":{"type":"LineString","coordinates":[[3.357368,6.499177],[3.356746,6.499401]]}},{"type":"Feature","properties":{"highway":"tertiary","name":"Alhaji Masha Road","bridge":false,"osm_id":215667133},"geometry":{"type":"LineString","coordinates":[[3.360286,6.498258],[3.359469,6.498495]]}},{"type":"Feature","properties":{"highway":"tertiary","name":"Akerele Road","bridge":true,"osm_id":280398133},"geometry":{"type":"LineString","coordinates":[[3.358786,6.503267],[3.358753,6.503284]]}},{"type":"Feature","properties":{"highway":"tertiary","name":"","bridge":false,"osm_id":434259988},"geometry":{"type":"LineString","coordinates":[[3.358757,6.50321],[3.359203,6.502862],[3.35936,6.502632],[3.359481,6.502274],[3.359534,6.501719],[3.35943,6.501222],[3.358816,6.499499],[3.358732,6.499399],[3.358486,6.499323]]}},{"type":"Feature","properties":{"highway":"tertiary","name":"","bridge":true,"osm_id":583328789},"geometry":{"type":"LineString","coordinates":[[3.358711,6.503231],[3.358757,6.50321]]}},{"type":"Feature","properties":{"highway":"tertiary_link","name":"","bridge":false,"osm_id":584882767},"geometry":{"type":"LineString","coordinates":[[3.359341,6.498714],[3.359202,6.498646]]}},{"type":"Feature","properties":{"highway":"tertiary_link","name":"","bridge":false,"osm_id":584882769},"geometry":{"type":"LineString","coordinates":[[3.359341,6.498714],[3.359344,6.498598]]}},{"type":"Feature","properties":{"highway":"motorway_link","name":"","bridge":false,"osm_id":133805219},"geometry":{"type":"LineString","coordinates":[[3.362803,6.501171],[3.362499,6.500505]]}},{"type":"Feature","properties":{"highway":"motorway_link","name":"","bridge":false,"osm_id":231756304},"geometry":{"type":"LineString","coordinates":[[3.363143,6.501469],[3.363341,6.50224]]}},{"type":"Feature","properties":{"highway":"motorway_link","name":"","bridge":false,"osm_id":605476217},"geometry":{"type":"LineString","coordinates":[[3.363075,6.501496],[3.363424,6.502213]]}},{"type":"Feature","properties":{"highway":"motorway_link","name":"","bridge":false,"osm_id":605476219},"geometry":{"type":"LineString","coordinates":[[3.362744,6.501193],[3.362562,6.50048]]}},{"type":"Feature","properties":{"highway":"tertiary","name":"Makoko Road","bridge":false,"osm_id":114912311},"geometry":{"type":"LineString","coordinates":[[3.381545,6.493444],[3.382903,6.493976],[3.38351,6.494242],[3.384477,6.495158],[3.384768,6.495291],[3.3857,6.49561]]}},{"type":"Feature","properties":{"highway":"tertiary","name":"Oyediran Street","bridge":false,"osm_id":138058059},"geometry":{"type":"LineString","coordinates":[[3.378308,6.50589],[3.380761,6.505439],[3.381277,6.505312],[3.381788,6.505252],[3.382339,6.505143],[3.38258,6.505051],[3.382681,6.504972],[3.382915,6.504649],[3.384152,6.502451]]}},{"type":"Feature","properties":{"highway":"tertiary","name":"Aje Street","bridge":false,"osm_id":1345120058},"geometry":{"type":"LineString","coordinates":[[3.375827,6.505181],[3.373905,6.504389]]}},{"type":"Feature","properties":{"highway":"tertiary","name":"","bridge":false,"osm_id":583328785},"geometry":{"type":"LineString","coordinates":[[3.355838,6.504851],[3.355871,6.504892]]}},{"type":"Feature","properties":{"highway":"motorway_link","name":"","bridge":false,"osm_id":133805226},"geometry":{"type":"LineString","coordinates":[[3.363758,6.506498],[3.36367,6.507186]]}},{"type":"Feature","properties":{"highway":"primary_link","name":"","bridge":false,"osm_id":133805228},"geometry":{"type":"LineString","coordinates":[[3.363257,6.509666],[3.363409,6.509889],[3.363566,6.50993],[3.363697,6.509917]]}},{"type":"Feature","properties":{"highway":"primary_link","name":"","bridge":false,"osm_id":133805231},"geometry":{"type":"LineString","coordinates":[[3.363709,6.509981],[3.363496,6.510064],[3.363436,6.51012],[3.363406,6.510176],[3.363394,6.510425]]}},{"type":"Feature","properties":{"highway":"primary_link","name":"","bridge":false,"osm_id":133805237},"geometry":{"type":"LineString","coordinates":[[3.363123,6.51047],[3.363003,6.510327],[3.362847,6.510232],[3.362551,6.510208]]}},{"type":"Feature","properties":{"highway":"motorway_link","name":"","bridge":false,"osm_id":133805241},"geometry":{"type":"LineString","coordinates":[[3.363369,6.507326],[3.3636,6.506631]]}},{"type":"Feature","properties":{"highway":"primary","name":"Ojuelegba Road","bridge":false,"osm_id":218590473},"geometry":{"type":"LineString","coordinates":[[3.368079,6.50861],[3.367844,6.508622],[3.367678,6.508666],[3.366442,6.509508],[3.36603,6.509711],[3.365457,6.509947],[3.365077,6.510005],[3.364545,6.509979]]}},{"type":"Feature","properties":{"highway":"primary_link","name":"","bridge":false,"osm_id":218590474},"geometry":{"type":"LineString","coordinates":[[3.362696,6.510118],[3.36287,6.509893],[3.36298,6.509623]]}},{"type":"Feature","properties":{"highway":"primary","name":"Ojuelegba Road","bridge":false,"osm_id":218590475},"geometry":{"type":"LineString","coordinates":[[3.364562,6.509915],[3.365132,6.509934],[3.365417,6.509887],[3.366125,6.509608],[3.366411,6.50946],[3.367621,6.50861],[3.367794,6.508559],[3.368061,6.508543],[3.36838,6.508613]]}},{"type":"Feature","properties":{"highway":"primary","name":"Ojuelegba Road","bridge":false,"osm_id":583270859},"geometry":{"type":"LineString","coordinates":[[3.368366,6.508673],[3.368079,6.50861]]}},{"type":"Feature","properties":{"highway":"primary","name":"Ojuelegba Road","bridge":true,"osm_id":585187762},"geometry":{"type":"LineString","coordinates":[[3.364464,6.509903],[3.364562,6.509915]]}},{"type":"Feature","properties":{"highway":"primary","name":"Ojuelegba Road","bridge":true,"osm_id":585187764},"geometry":{"type":"LineString","coordinates":[[3.364545,6.509979],[3.364452,6.509971]]}},{"type":"Feature","properties":{"highway":"motorway_link","name":"","bridge":false,"osm_id":605476661},"geometry":{"type":"LineString","coordinates":[[3.36384,6.506524],[3.363592,6.507175]]}},{"type":"Feature","properties":{"highway":"motorway_link","name":"","bridge":false,"osm_id":605476662},"geometry":{"type":"LineString","coordinates":[[3.363432,6.507354],[3.363532,6.506609]]}},{"type":"Feature","properties":{"highway":"tertiary","name":"Randle Avenue","bridge":false,"osm_id":10223013},"geometry":{"type":"LineString","coordinates":[[3.357531,6.512107],[3.357467,6.511841],[3.357022,6.510524],[3.357011,6.510226],[3.357114,6.509404],[3.357015,6.508706],[3.356692,6.507375],[3.356209,6.5056],[3.356048,6.505162],[3.355871,6.504892]]}},{"type":"Feature","properties":{"highway":"motorway","name":"Ikorodu Road","bridge":true,"osm_id":16369687},"geometry":{"type":"LineString","coordinates":[[3.367542,6.521087],[3.367513,6.520257],[3.367417,6.5199],[3.367088,6.519395],[3.366033,6.51825],[3.365645,6.517687],[3.365358,6.517035],[3.364844,6.51545]]}},{"type":"Feature","properties":{"highway":"motorway","name":"Ikorodu Road","bridge":true,"osm_id":133803796},"geometry":{"type":"LineString","coordinates":[[3.364941,6.515423],[3.365519,6.517174],[3.365746,6.517654],[3.366192,6.518292],[3.367285,6.519467],[3.367473,6.519783],[3.367536,6.519925],[3.367623,6.520306],[3.367618,6.521083]]}},{"type":"Feature","properties":{"highway":"primary","name":"Western Avenue","bridge":false,"osm_id":133805213},"geometry":{"type":"LineString","coordinates":[[3.364631,6.51423],[3.365142,6.515769],[3.365215,6.515935],[3.36544,6.516274],[3.36557,6.516612],[3.365636,6.517148],[3.365628,6.517258],[3.365508,6.517649]]}},{"type":"Feature","properties":{"highway":"motorway","name":"Western Avenue","bridge":true,"osm_id":133805220},"geometry":{"type":"LineString","coordinates":[[3.36328,6.508541],[3.363188,6.509235],[3.363223,6.509945],[3.363356,6.510509],[3.363685,6.511515]]}},{"type":"Feature","properties":{"highway":"motorway","name":"Western Avenue","bridge":true,"osm_id":133805227},"geometry":{"type":"LineString","coordinates":[[3.363554,6.511558],[3.363217,6.510511],[3.363101,6.509962],[3.363069,6.509682],[3.36307,6.509215],[3.36319,6.508521]]}},{"type":"Feature","properties":{"highway":"trunk","name":"Herbert Macaulay Street","bridge":false,"osm_id":133805229},"geometry":{"type":"LineString","coordinates":[[3.36515,6.516706],[3.36557,6.516612],[3.365858,6.516487],[3.366343,6.5162],[3.366668,6.516115],[3.367242,6.516186],[3.367826,6.51632],[3.367975,6.516332],[3.368223,6.516465],[3.368585,6.516569]]}},{"type":"Feature","properties":{"highway":"trunk_link","name":"","bridge":false,"osm_id":133870573},"geometry":{"type":"LineString","coordinates":[[3.368223,6.516465],[3.368524,6.516404],[3.368707,6.516299]]}},{"type":"Feature","properties":{"highway":"primary","name":"Murtula Muhammed Way","bridge":false,"osm_id":133870576},"geometry":{"type":"LineString","coordinates":[[3.367653,6.519012],[3.3678,6.518505],[3.368539,6.516676]]}},{"type":"Feature","properties":{"highway":"primary_link","name":"","bridge":false,"osm_id":133870578},"geometry":{"type":"LineString","coordinates":[[3.36906,6.516874],[3.368859,6.516913],[3.368683,6.516988],[3.368519,6.517156]]}},{"type":"Feature","properties":{"highway":"secondary","name":"Murtala Mohammed Way","bridge":true,"osm_id":133870582},"geometry":{"type":"LineString","coordinates":[[3.368346,6.517362],[3.369002,6.51578]]}},{"type":"Feature","properties":{"highway":"primary","name":"Murtula Muhammed Way","bridge":false,"osm_id":207402235},"geometry":{"type":"LineString","coordinates":[[3.368692,6.516732],[3.367915,6.518688]]}},{"type":"Feature","properties":{"highway":"secondary","name":"Murtula Muhammed Way","bridge":false,"osm_id":215667119},"geometry":{"type":"LineString","coordinates":[[3.367653,6.519012],[3.368001,6.518273],[3.368346,6.517362]]}},{"type":"Feature","properties":{"highway":"primary","name":"A5","bridge":false,"osm_id":215667125},"geometry":{"type":"LineString","coordinates":[[3.368539,6.516676],[3.368986,6.515604],[3.369062,6.515487],[3.369187,6.515391]]}},{"type":"Feature","properties":{"highway":"primary","name":"Itire Road","bridge":false,"osm_id":521871975},"geometry":{"type":"LineString","coordinates":[[3.359569,6.511436],[3.359706,6.511339],[3.35997,6.511071],[3.360149,6.510835],[3.360326,6.510691],[3.360744,6.510514],[3.361432,6.510387]]}},{"type":"Feature","properties":{"highway":"primary","name":"Ojuelegba Road","bridge":false,"osm_id":535027935},"geometry":{"type":"LineString","coordinates":[[3.368947,6.508775],[3.368847,6.508783],[3.368366,6.508673]]}},{"type":"Feature","properties":{"highway":"primary","name":"Itire Road","bridge":false,"osm_id":583259222},"geometry":{"type":"LineString","coordinates":[[3.361441,6.510436],[3.360613,6.510614],[3.360398,6.510707],[3.360174,6.510877],[3.359897,6.511218],[3.359574,6.511516]]}},{"type":"Feature","properties":{"highway":"primary","name":"Ojuelegba Road","bridge":false,"osm_id":583270860},"geometry":{"type":"LineString","coordinates":[[3.36838,6.508613],[3.368875,6.508725],[3.368947,6.508775]]}},{"type":"Feature","properties":{"highway":"primary","name":"Ojuelegba Road","bridge":false,"osm_id":585187763},"geometry":{"type":"LineString","coordinates":[[3.361432,6.510387],[3.363854,6.509886],[3.364464,6.509903]]}},{"type":"Feature","properties":{"highway":"primary","name":"Ojuelegba Road","bridge":false,"osm_id":585187765},"geometry":{"type":"LineString","coordinates":[[3.364452,6.509971],[3.363813,6.509963],[3.361441,6.510436]]}},{"type":"Feature","properties":{"highway":"trunk","name":"Herbert Macaulay Street","bridge":false,"osm_id":585731337},"geometry":{"type":"LineString","coordinates":[[3.368692,6.516732],[3.368539,6.516675]]}},{"type":"Feature","properties":{"highway":"tertiary","name":"","bridge":false,"osm_id":583688473},"geometry":{"type":"LineString","coordinates":[[3.357541,6.512162],[3.357531,6.512107]]}},{"type":"Feature","properties":{"highway":"secondary","name":"Ishaga Road","bridge":false,"osm_id":585736127},"geometry":{"type":"LineString","coordinates":[[3.358915,6.511781],[3.358896,6.511728]]}},{"type":"Feature","properties":{"highway":"secondary","name":"Ishaga Road","bridge":false,"osm_id":585736128},"geometry":{"type":"LineString","coordinates":[[3.358987,6.511702],[3.359,6.511756]]}},{"type":"Feature","properties":{"highway":"motorway","name":"Western Avenue","bridge":false,"osm_id":133803783},"geometry":{"type":"LineString","coordinates":[[3.364844,6.51545],[3.364188,6.513542],[3.363554,6.511558]]}},{"type":"Feature","properties":{"highway":"motorway_link","name":"","bridge":false,"osm_id":133805216},"geometry":{"type":"LineString","coordinates":[[3.364358,6.514309],[3.364188,6.513542]]}},{"type":"Feature","properties":{"highway":"motorway_link","name":"","bridge":false,"osm_id":133805218},"geometry":{"type":"LineString","coordinates":[[3.364363,6.513652],[3.364631,6.51423]]}},{"type":"Feature","properties":{"highway":"motorway_link","name":"","bridge":false,"osm_id":133805223},"geometry":{"type":"LineString","coordinates":[[3.364435,6.514285],[3.36413,6.513566]]}},{"type":"Feature","properties":{"highway":"trunk_link","name":"","bridge":false,"osm_id":133805224},"geometry":{"type":"LineString","coordinates":[[3.36544,6.516274],[3.365657,6.516446],[3.365858,6.516487]]}},{"type":"Feature","properties":{"highway":"motorway","name":"Western Avenue","bridge":false,"osm_id":133805233},"geometry":{"type":"LineString","coordinates":[[3.363685,6.511515],[3.364941,6.515423]]}},{"type":"Feature","properties":{"highway":"motorway_link","name":"","bridge":false,"osm_id":133805234},"geometry":{"type":"LineString","coordinates":[[3.36444,6.513642],[3.364556,6.514251]]}},{"type":"Feature","properties":{"highway":"trunk_link","name":"","bridge":false,"osm_id":133805235},"geometry":{"type":"LineString","coordinates":[[3.365985,6.516529],[3.365621,6.516907]]}},{"type":"Feature","properties":{"highway":"trunk_link","name":"","bridge":false,"osm_id":133870585},"geometry":{"type":"LineString","coordinates":[[3.368425,6.516973],[3.368355,6.516743],[3.368237,6.516555]]}},{"type":"Feature","properties":{"highway":"primary","name":"Western Avenue","bridge":false,"osm_id":207402244},"geometry":{"type":"LineString","coordinates":[[3.36515,6.516706],[3.364606,6.515058]]}},{"type":"Feature","properties":{"highway":"trunk","name":"Herbert Macaulay Street","bridge":false,"osm_id":215667088},"geometry":{"type":"LineString","coordinates":[[3.368539,6.516676],[3.368067,6.516489],[3.367983,6.516407],[3.367851,6.516404],[3.367512,6.516308],[3.366686,6.516188],[3.366402,6.516273],[3.365985,6.516529],[3.36559,6.516707],[3.365165,6.516813]]}},{"type":"Feature","properties":{"highway":"primary","name":"Yaba Flyover Bridge","bridge":true,"osm_id":535027936},"geometry":{"type":"LineString","coordinates":[[3.370158,6.509137],[3.371215,6.509671]]}},{"type":"Feature","properties":{"highway":"primary","name":"Ojuelegba Road","bridge":true,"osm_id":1157078040},"geometry":{"type":"LineString","coordinates":[[3.369028,6.508792],[3.369486,6.508884],[3.370158,6.509137]]}},{"type":"Feature","properties":{"highway":"primary","name":"","bridge":false,"osm_id":1157078042},"geometry":{"type":"LineString","coordinates":[[3.372233,6.508179],[3.372529,6.507761]]}},{"type":"Feature","properties":{"highway":"primary","name":"","bridge":false,"osm_id":1157078044},"geometry":{"type":"LineString","coordinates":[[3.371658,6.509208],[3.371992,6.508506],[3.372233,6.508179]]}},{"type":"Feature","properties":{"highway":"primary","name":"","bridge":true,"osm_id":1157078045},"geometry":{"type":"LineString","coordinates":[[3.371205,6.510247],[3.371658,6.509208]]}},{"type":"Feature","properties":{"highway":"primary","name":"Ojuelegba Road","bridge":false,"osm_id":1489667624},"geometry":{"type":"LineString","coordinates":[[3.368947,6.508775],[3.369028,6.508792]]}},{"type":"Feature","properties":{"highway":"primary","name":"Yaba Flyover Bridge","bridge":true,"osm_id":1489667625},"geometry":{"type":"LineString","coordinates":[[3.371215,6.509671],[3.371457,6.509659]]}},{"type":"Feature","properties":{"highway":"primary","name":"Yaba Flyover Bridge","bridge":true,"osm_id":1489667626},"geometry":{"type":"LineString","coordinates":[[3.371379,6.50984],[3.371215,6.509671]]}},{"type":"Feature","properties":{"highway":"tertiary","name":"","bridge":false,"osm_id":217801528},"geometry":{"type":"LineString","coordinates":[[3.378803,6.508774],[3.378585,6.508739],[3.378439,6.50877]]}},{"type":"Feature","properties":{"highway":"tertiary","name":"","bridge":false,"osm_id":217801588},"geometry":{"type":"LineString","coordinates":[[3.378482,6.508572],[3.378605,6.508624],[3.378803,6.508774]]}},{"type":"Feature","properties":{"highway":"tertiary","name":"Birrel Avenue","bridge":false,"osm_id":217801603},"geometry":{"type":"LineString","coordinates":[[3.378803,6.508774],[3.380156,6.509314],[3.380505,6.509398]]}},{"type":"Feature","properties":{"highway":"tertiary","name":"Aje Street","bridge":false,"osm_id":218010779},"geometry":{"type":"LineString","coordinates":[[3.377556,6.506031],[3.377503,6.505913],[3.377405,6.505823],[3.375827,6.505181]]}},{"type":"Feature","properties":{"highway":"tertiary","name":"","bridge":false,"osm_id":218010782},"geometry":{"type":"LineString","coordinates":[[3.378308,6.50589],[3.378266,6.505948],[3.378038,6.506005]]}},{"type":"Feature","properties":{"highway":"tertiary","name":"","bridge":false,"osm_id":585456780},"geometry":{"type":"LineString","coordinates":[[3.378008,6.505867],[3.378198,6.505839],[3.378308,6.50589]]}},{"type":"Feature","properties":{"highway":"tertiary","name":"","bridge":false,"osm_id":585456782},"geometry":{"type":"LineString","coordinates":[[3.377944,6.506026],[3.377661,6.506086],[3.377592,6.506032]]}},{"type":"Feature","properties":{"highway":"tertiary","name":"","bridge":false,"osm_id":585456783},"geometry":{"type":"LineString","coordinates":[[3.378038,6.506005],[3.377944,6.506026]]}},{"type":"Feature","properties":{"highway":"tertiary","name":"","bridge":false,"osm_id":585456784},"geometry":{"type":"LineString","coordinates":[[3.377913,6.505885],[3.378008,6.505867]]}},{"type":"Feature","properties":{"highway":"tertiary","name":"","bridge":false,"osm_id":585456786},"geometry":{"type":"LineString","coordinates":[[3.377592,6.506032],[3.377604,6.50597],[3.37768,6.505925],[3.377913,6.505885]]}},{"type":"Feature","properties":{"highway":"tertiary","name":"Commercial Avenue","bridge":false,"osm_id":218010797},"geometry":{"type":"LineString","coordinates":[[3.377592,6.506032],[3.376915,6.506144],[3.375476,6.506469],[3.375264,6.506496],[3.373355,6.505745]]}},{"type":"Feature","properties":{"highway":"tertiary","name":"Birikisu Iyede Street","bridge":false,"osm_id":286142727},"geometry":{"type":"LineString","coordinates":[[3.381143,6.516807],[3.381868,6.515111]]}},{"type":"Feature","properties":{"highway":"tertiary","name":"Aggrey Avenue","bridge":false,"osm_id":334647318},"geometry":{"type":"LineString","coordinates":[[3.37553,6.516166],[3.376742,6.519111],[3.377244,6.520168],[3.377434,6.520279],[3.379728,6.521212],[3.380767,6.521665]]}},{"type":"Feature","properties":{"highway":"primary","name":"University Road","bridge":false,"osm_id":828120718},"geometry":{"type":"LineString","coordinates":[[3.382627,6.517251],[3.381802,6.517051],[3.381143,6.516807]]}},{"type":"Feature","properties":{"highway":"primary","name":"","bridge":false,"osm_id":1157078041},"geometry":{"type":"LineString","coordinates":[[3.37072,6.511331],[3.371205,6.510247]]}},{"type":"Feature","properties":{"highway":"tertiary","name":"","bridge":false,"osm_id":1298345475},"geometry":{"type":"LineString","coordinates":[[3.383407,6.509376],[3.383072,6.509411],[3.382244,6.509676],[3.381997,6.509715],[3.381682,6.509717],[3.381193,6.509632],[3.380505,6.509398]]}},{"type":"Feature","properties":{"highway":"secondary","name":"Murtala Mohammed Way","bridge":false,"osm_id":133870580},"geometry":{"type":"LineString","coordinates":[[3.369002,6.51578],[3.369187,6.515391]]}},{"type":"Feature","properties":{"highway":"primary","name":"A5","bridge":false,"osm_id":584946933},"geometry":{"type":"LineString","coordinates":[[3.36874,6.516632],[3.368692,6.516732]]}},{"type":"Feature","properties":{"highway":"trunk","name":"Herbert Macaulay Street","bridge":false,"osm_id":585731338},"geometry":{"type":"LineString","coordinates":[[3.368585,6.516569],[3.36874,6.516632]]}},{"type":"Feature","properties":{"highway":"primary","name":"","bridge":false,"osm_id":1157078043},"geometry":{"type":"LineString","coordinates":[[3.370576,6.511804],[3.37072,6.511331]]}},{"type":"Feature","properties":{"highway":"trunk_link","name":"","bridge":false,"osm_id":1453541531},"geometry":{"type":"LineString","coordinates":[[3.368989,6.516747],[3.368928,6.516442],[3.368935,6.516242],[3.369225,6.515466],[3.36926,6.515218]]}},{"type":"Feature","properties":{"highway":"primary","name":"University Road","bridge":false,"osm_id":207402243},"geometry":{"type":"LineString","coordinates":[[3.376241,6.514741],[3.377455,6.51525],[3.378156,6.515491],[3.381143,6.516807]]}},{"type":"Feature","properties":{"highway":"trunk_link","name":"","bridge":false,"osm_id":585411590},"geometry":{"type":"LineString","coordinates":[[3.375559,6.516234],[3.375395,6.516146],[3.375178,6.516149]]}},{"type":"Feature","properties":{"highway":"tertiary","name":"","bridge":false,"osm_id":585411591},"geometry":{"type":"LineString","coordinates":[[3.375576,6.515763],[3.37553,6.516166]]}},{"type":"Feature","properties":{"highway":"tertiary","name":"","bridge":false,"osm_id":585411592},"geometry":{"type":"LineString","coordinates":[[3.37553,6.516166],[3.375379,6.515993]]}},{"type":"Feature","properties":{"highway":"primary","name":"","bridge":false,"osm_id":586376681},"geometry":{"type":"LineString","coordinates":[[3.376107,6.514583],[3.376241,6.514741]]}},{"type":"Feature","properties":{"highway":"primary","name":"","bridge":false,"osm_id":586376683},"geometry":{"type":"LineString","coordinates":[[3.376241,6.514741],[3.376036,6.51476]]}},{"type":"Feature","properties":{"highway":"tertiary","name":"Makoko Road","bridge":true,"osm_id":217793808},"geometry":{"type":"LineString","coordinates":[[3.3857,6.49561],[3.385927,6.495686]]}},{"type":"Feature","properties":{"highway":"primary","name":"Clinic Road Lagos Mainland","bridge":true,"osm_id":407972976},"geometry":{"type":"LineString","coordinates":[[3.387434,6.492335],[3.387972,6.492206]]}},{"type":"Feature","properties":{"highway":"primary","name":"Clinic Road Lagos Mainland","bridge":true,"osm_id":407972980},"geometry":{"type":"LineString","coordinates":[[3.387988,6.492305],[3.387451,6.492431]]}},{"type":"Feature","properties":{"highway":"tertiary","name":"Makoko Road","bridge":false,"osm_id":585456787},"geometry":{"type":"LineString","coordinates":[[3.385927,6.495686],[3.386961,6.496039]]}},{"type":"Feature","properties":{"highway":"tertiary","name":"Church Street","bridge":false,"osm_id":745665068},"geometry":{"type":"LineString","coordinates":[[3.386587,6.49701],[3.386797,6.496615],[3.386961,6.496039]]}},{"type":"Feature","properties":{"highway":"tertiary","name":"Igbehinadun Street","bridge":false,"osm_id":138057980},"geometry":{"type":"LineString","coordinates":[[3.386945,6.499351],[3.38769,6.499555],[3.389343,6.500151]]}},{"type":"Feature","properties":{"highway":"tertiary","name":"Iwaya Road","bridge":false,"osm_id":138057985},"geometry":{"type":"LineString","coordinates":[[3.38974,6.500519],[3.389757,6.500618],[3.389729,6.501006],[3.389569,6.50143],[3.389253,6.501688],[3.388982,6.502176],[3.388241,6.502786],[3.387873,6.503176],[3.387709,6.503464],[3.387625,6.503683],[3.387521,6.504208],[3.387472,6.504779],[3.387507,6.505412]]}},{"type":"Feature","properties":{"highway":"tertiary","name":"Church Street","bridge":false,"osm_id":745665069},"geometry":{"type":"LineString","coordinates":[[3.386858,6.499353],[3.38666,6.498336],[3.386552,6.49749],[3.386539,6.497191],[3.386587,6.49701]]}},{"type":"Feature","properties":{"highway":"tertiary","name":"Sariyu Street","bridge":false,"osm_id":138057991},"geometry":{"type":"LineString","coordinates":[[3.383912,6.502287],[3.383891,6.502172],[3.383977,6.501481],[3.384496,6.501204],[3.38511,6.500935],[3.385714,6.500714],[3.386265,6.500345],[3.386903,6.499838]]}},{"type":"Feature","properties":{"highway":"tertiary","name":"","bridge":false,"osm_id":585460393},"geometry":{"type":"LineString","coordinates":[[3.386903,6.499839],[3.386877,6.499413]]}},{"type":"Feature","properties":{"highway":"tertiary","name":"","bridge":false,"osm_id":585460394},"geometry":{"type":"LineString","coordinates":[[3.386877,6.499413],[3.386858,6.499353],[3.386892,6.499326],[3.386932,6.499335],[3.386946,6.499391],[3.386877,6.499413]]}},{"type":"Feature","properties":{"highway":"tertiary","name":"Iwaya Road","bridge":false,"osm_id":217793812},"geometry":{"type":"LineString","coordinates":[[3.389526,6.500266],[3.389664,6.500359],[3.38974,6.500519]]}},{"type":"Feature","properties":{"highway":"tertiary","name":"","bridge":true,"osm_id":217793817},"geometry":{"type":"LineString","coordinates":[[3.389343,6.500151],[3.389526,6.500266]]}},{"type":"Feature","properties":{"highway":"tertiary","name":"","bridge":false,"osm_id":217801501},"geometry":{"type":"LineString","coordinates":[[3.383988,6.50939],[3.384171,6.509346],[3.384262,6.509376]]}},{"type":"Feature","properties":{"highway":"tertiary","name":"Iwaya Road","bridge":false,"osm_id":217801533},"geometry":{"type":"LineString","coordinates":[[3.385565,6.509836],[3.385663,6.509756],[3.385734,6.509635],[3.385777,6.509458],[3.385883,6.509318],[3.387144,6.508372],[3.387436,6.507917],[3.387516,6.507613],[3.387551,6.507231],[3.387507,6.505412]]}},{"type":"Feature","properties":{"highway":"tertiary","name":"","bridge":false,"osm_id":217801558},"geometry":{"type":"LineString","coordinates":[[3.384262,6.509376],[3.384174,6.509408],[3.38407,6.509523]]}},{"type":"Feature","properties":{"highway":"tertiary","name":"","bridge":false,"osm_id":217801591},"geometry":{"type":"LineString","coordinates":[[3.383988,6.50939],[3.384046,6.509446],[3.38407,6.509523],[3.384053,6.509601],[3.384001,6.509662],[3.383905,6.509691],[3.38381,6.509659],[3.383759,6.509595],[3.383746,6.509514],[3.383773,6.509439],[3.383833,6.509386],[3.383911,6.509369],[3.383988,6.50939]]}},{"type":"Feature","properties":{"highway":"tertiary","name":"Birikisu Iyede Street","bridge":false,"osm_id":1298345471},"geometry":{"type":"LineString","coordinates":[[3.383874,6.510024],[3.38381,6.509659]]}},{"type":"Feature","properties":{"highway":"tertiary","name":"","bridge":false,"osm_id":1298345472},"geometry":{"type":"LineString","coordinates":[[3.383407,6.509376],[3.383723,6.509363],[3.383833,6.509386]]}},{"type":"Feature","properties":{"highway":"tertiary","name":"","bridge":false,"osm_id":1298345473},"geometry":{"type":"LineString","coordinates":[[3.383746,6.509514],[3.383597,6.509434],[3.383407,6.509376]]}},{"type":"Feature","properties":{"highway":"tertiary","name":"Birikisu Iyede Street","bridge":false,"osm_id":1298345474},"geometry":{"type":"LineString","coordinates":[[3.384001,6.509662],[3.383874,6.510024]]}},{"type":"Feature","properties":{"highway":"secondary","name":"University Road","bridge":false,"osm_id":216470248},"geometry":{"type":"LineString","coordinates":[[3.391365,6.519073],[3.390819,6.518946],[3.390418,6.518786],[3.38954,6.518152],[3.38906,6.517896],[3.388064,6.517578],[3.387763,6.517508],[3.387262,6.51744],[3.386962,6.517448],[3.385663,6.517632],[3.385213,6.517747],[3.384819,6.517757],[3.384509,6.517705]]}},{"type":"Feature","properties":{"highway":"primary","name":"Akoka Road","bridge":false,"osm_id":216470250},"geometry":{"type":"LineString","coordinates":[[3.383888,6.517539],[3.384523,6.517639],[3.38467,6.517709],[3.384987,6.518702],[3.385367,6.52009],[3.38564,6.521378],[3.385633,6.522929],[3.385523,6.524038]]}},{"type":"Feature","properties":{"highway":"primary","name":"","bridge":false,"osm_id":216470252},"geometry":{"type":"LineString","coordinates":[[3.385463,6.524038],[3.385567,6.523128],[3.385594,6.52212],[3.385569,6.521192],[3.385123,6.51941],[3.384633,6.517793],[3.384509,6.517705],[3.383888,6.517539]]}},{"type":"Feature","properties":{"highway":"secondary","name":"University Road","bridge":false,"osm_id":216470253},"geometry":{"type":"LineString","coordinates":[[3.384224,6.517586],[3.384932,6.51761],[3.385307,6.517566],[3.385742,6.51756],[3.386942,6.517392],[3.38729,6.51739],[3.387809,6.51746],[3.389168,6.51787],[3.389591,6.518106],[3.390429,6.518714],[3.390723,6.518853],[3.391006,6.518938],[3.391336,6.518987]]}},{"type":"Feature","properties":{"highway":"tertiary","name":"Olumo Street","bridge":false,"osm_id":217801607},"geometry":{"type":"LineString","coordinates":[[3.388315,6.511084],[3.388087,6.510935],[3.38724,6.510546],[3.386868,6.51043],[3.385565,6.509836],[3.385333,6.509797],[3.384262,6.509376]]}},{"type":"Feature","properties":{"highway":"tertiary","name":"Akinpelu Adesola Road","bridge":false,"osm_id":217853780},"geometry":{"type":"LineString","coordinates":[[3.391185,6.512636],[3.39145,6.512786],[3.39183,6.512901],[3.395289,6.513668],[3.395942,6.513732],[3.397399,6.513708]]}},{"type":"Feature","properties":{"highway":"tertiary","name":"Commercial Road","bridge":false,"osm_id":217853784},"geometry":{"type":"LineString","coordinates":[[3.39136,6.518953],[3.391429,6.518556],[3.391696,6.516271],[3.39171,6.515659],[3.391657,6.515251],[3.391196,6.513372],[3.390996,6.512754]]}},{"type":"Feature","properties":{"highway":"tertiary","name":"Akinpelu Adesola Road","bridge":false,"osm_id":217853789},"geometry":{"type":"LineString","coordinates":[[3.397393,6.513805],[3.395799,6.5138],[3.395255,6.513733],[3.39195,6.512997],[3.391138,6.512766]]}},{"type":"Feature","properties":{"highway":"tertiary","name":"Commercial Road","bridge":false,"osm_id":217853798},"geometry":{"type":"LineString","coordinates":[[3.391119,6.512776],[3.391667,6.514902],[3.39179,6.515646],[3.391781,6.516234],[3.391456,6.518958]]}},{"type":"Feature","properties":{"highway":"secondary_link","name":"","bridge":false,"osm_id":693550308},"geometry":{"type":"LineString","coordinates":[[3.385366,6.517708],[3.385292,6.517694],[3.385266,6.517651],[3.385307,6.517566]]}},{"type":"Feature","properties":{"highway":"tertiary","name":"Birikisu Iyede Street","bridge":false,"osm_id":1292528580},"geometry":{"type":"LineString","coordinates":[[3.383874,6.510024],[3.383815,6.510332],[3.383662,6.510779],[3.383457,6.511334],[3.383189,6.511934]]}},{"type":"Feature","properties":{"highway":"tertiary","name":"Birikisu Iyede Street","bridge":false,"osm_id":10294839},"geometry":{"type":"LineString","coordinates":[[3.383189,6.511934],[3.382686,6.513097],[3.382513,6.513597],[3.381868,6.515111]]}},{"type":"Feature","properties":{"highway":"tertiary_link","name":"","bridge":false,"osm_id":217801547},"geometry":{"type":"LineString","coordinates":[[3.382181,6.514339],[3.382174,6.513921]]}},{"type":"Feature","properties":{"highway":"tertiary_link","name":"","bridge":false,"osm_id":217801554},"geometry":{"type":"LineString","coordinates":[[3.382136,6.513813],[3.382284,6.513903],[3.382394,6.513882]]}},{"type":"Feature","properties":{"highway":"primary","name":"University Road","bridge":true,"osm_id":693550311},"geometry":{"type":"LineString","coordinates":[[3.383726,6.517512],[3.383888,6.517539]]}},{"type":"Feature","properties":{"highway":"primary","name":"University Road","bridge":false,"osm_id":828120717},"geometry":{"type":"LineString","coordinates":[[3.382627,6.517251],[3.383726,6.517512]]}},{"type":"Feature","properties":{"highway":"tertiary","name":"","bridge":false,"osm_id":217853777},"geometry":{"type":"LineString","coordinates":[[3.390959,6.512669],[3.390982,6.512601],[3.391078,6.512556],[3.391145,6.512579],[3.391189,6.512685],[3.391138,6.512766],[3.391076,6.512785],[3.390996,6.512754],[3.390959,6.512669]]}},{"type":"Feature","properties":{"highway":"tertiary","name":"International School Road","bridge":true,"osm_id":217853787},"geometry":{"type":"LineString","coordinates":[[3.388587,6.511218],[3.388846,6.511361]]}},{"type":"Feature","properties":{"highway":"tertiary","name":"International School Road","bridge":false,"osm_id":217853790},"geometry":{"type":"LineString","coordinates":[[3.388846,6.511361],[3.39068,6.51241],[3.391078,6.512556]]}},{"type":"Feature","properties":{"highway":"tertiary","name":"International School Road","bridge":true,"osm_id":217853791},"geometry":{"type":"LineString","coordinates":[[3.388796,6.511426],[3.388542,6.511285]]}},{"type":"Feature","properties":{"highway":"tertiary","name":"International School Road","bridge":false,"osm_id":217853795},"geometry":{"type":"LineString","coordinates":[[3.390965,6.512705],[3.390774,6.512534],[3.390633,6.512449],[3.388796,6.511426]]}},{"type":"Feature","properties":{"highway":"tertiary","name":"International School Road","bridge":false,"osm_id":217853799},"geometry":{"type":"LineString","coordinates":[[3.388403,6.511113],[3.388587,6.511218]]}},{"type":"Feature","properties":{"highway":"tertiary","name":"International School Road","bridge":false,"osm_id":217853802},"geometry":{"type":"LineString","coordinates":[[3.388542,6.511285],[3.388355,6.511182]]}},{"type":"Feature","properties":{"highway":"tertiary","name":"Olumo Street","bridge":false,"osm_id":585456788},"geometry":{"type":"LineString","coordinates":[[3.388355,6.511182],[3.388315,6.511084]]}},{"type":"Feature","properties":{"highway":"tertiary","name":"","bridge":false,"osm_id":585456793},"geometry":{"type":"LineString","coordinates":[[3.388315,6.511084],[3.388403,6.511113]]}},{"type":"Feature","properties":{"highway":"tertiary_link","name":"","bridge":false,"osm_id":1510200864},"geometry":{"type":"LineString","coordinates":[[3.39068,6.512665],[3.390741,6.512514]]}},{"type":"Feature","properties":{"highway":"tertiary","name":"Tafawa Balewa Way","bridge":false,"osm_id":217950012},"geometry":{"type":"LineString","coordinates":[[3.396952,6.518885],[3.397097,6.518558],[3.397207,6.51809],[3.397172,6.517197],[3.397218,6.516738],[3.397558,6.515735],[3.39762,6.515395],[3.397631,6.515248],[3.397589,6.514929],[3.397432,6.514274],[3.397392,6.513939],[3.397399,6.513708]]}},{"type":"Feature","properties":{"highway":"tertiary","name":"4th Avenue","bridge":false,"osm_id":152339977},"geometry":{"type":"LineString","coordinates":[[3.453007,6.466116],[3.446755,6.467441],[3.446499,6.467471],[3.446286,6.467426],[3.446187,6.467332],[3.445938,6.466941]]}},{"type":"Feature","properties":{"highway":"tertiary","name":"4th Avenue","bridge":false,"osm_id":583266943},"geometry":{"type":"LineString","coordinates":[[3.446005,6.466865],[3.446295,6.467317],[3.446414,6.467367],[3.446637,6.467361],[3.450796,6.466496],[3.452958,6.466018]]}},{"type":"Feature","properties":{"highway":"tertiary","name":"Banana Island Roundabout","bridge":false,"osm_id":482187914},"geometry":{"type":"LineString","coordinates":[[3.452881,6.465861],[3.452892,6.465683],[3.452948,6.465633],[3.453039,6.46561],[3.453147,6.465654],[3.453216,6.465719]]}},{"type":"Feature","properties":{"highway":"tertiary","name":"Banana Island Roundabout","bridge":false,"osm_id":482187919},"geometry":{"type":"LineString","coordinates":[[3.453216,6.465719],[3.453609,6.466434],[3.45362,6.466547],[3.453538,6.466653],[3.453415,6.466677],[3.453307,6.466599],[3.453007,6.466116],[3.452881,6.465861]]}},{"type":"Feature","properties":{"highway":"tertiary","name":"","bridge":false,"osm_id":1342550034},"geometry":{"type":"LineString","coordinates":[[3.453466,6.466182],[3.453473,6.466279],[3.453442,6.466342],[3.453376,6.466387],[3.453288,6.466403],[3.453135,6.466321]]}},{"type":"Feature","properties":{"highway":"secondary","name":"Remi Olowude Way","bridge":false,"osm_id":138040532},"geometry":{"type":"LineString","coordinates":[[3.46803,6.430751],[3.468081,6.430114],[3.468272,6.425671],[3.468205,6.425555],[3.468092,6.425463]]}},{"type":"Feature","properties":{"highway":"secondary","name":"Remi Olowude Way","bridge":false,"osm_id":536457597},"geometry":{"type":"LineString","coordinates":[[3.468469,6.42547],[3.468391,6.425559],[3.468349,6.425673],[3.468159,6.429986],[3.468152,6.43077]]}},{"type":"Feature","properties":{"highway":"trunk","name":"Lekki-Epe Expressway","bridge":false,"osm_id":294869754},"geometry":{"type":"LineString","coordinates":[[3.46906,6.430909],[3.474505,6.431776],[3.48069,6.432667],[3.482665,6.432906],[3.488484,6.43381]]}},{"type":"Feature","properties":{"highway":"tertiary_link","name":"","bridge":false,"osm_id":536506103},"geometry":{"type":"LineString","coordinates":[[3.462962,6.431785],[3.462961,6.431865]]}},{"type":"Feature","properties":{"highway":"tertiary_link","name":"","bridge":false,"osm_id":1230778629},"geometry":{"type":"LineString","coordinates":[[3.461314,6.431859],[3.461313,6.431783]]}},{"type":"Feature","properties":{"highway":"tertiary_link","name":"","bridge":false,"osm_id":536506105},"geometry":{"type":"LineString","coordinates":[[3.466887,6.431926],[3.466887,6.431846]]}},{"type":"Feature","properties":{"highway":"tertiary_link","name":"","bridge":false,"osm_id":591626853},"geometry":{"type":"LineString","coordinates":[[3.468843,6.432094],[3.468747,6.432094]]}},{"type":"Feature","properties":{"highway":"trunk","name":"Lekki-Epe Expressway","bridge":false,"osm_id":1426055773},"geometry":{"type":"LineString","coordinates":[[3.469002,6.431189],[3.468379,6.43111]]}},{"type":"Feature","properties":{"highway":"trunk","name":"Lekki-Epe Expressway","bridge":false,"osm_id":1426055774},"geometry":{"type":"LineString","coordinates":[[3.468379,6.43111],[3.467768,6.430997]]}},{"type":"Feature","properties":{"highway":"trunk","name":"Lekki-Epe Expressway","bridge":false,"osm_id":1426055775},"geometry":{"type":"LineString","coordinates":[[3.467466,6.43068],[3.46803,6.430751]]}},{"type":"Feature","properties":{"highway":"trunk","name":"Lekki-Epe Expressway","bridge":false,"osm_id":1426055776},"geometry":{"type":"LineString","coordinates":[[3.46803,6.430751],[3.46906,6.430909]]}},{"type":"Feature","properties":{"highway":"trunk_link","name":"","bridge":false,"osm_id":1426995273},"geometry":{"type":"LineString","coordinates":[[3.467005,6.430645],[3.467093,6.430704],[3.46722,6.430737],[3.468064,6.430855]]}},{"type":"Feature","properties":{"highway":"trunk_link","name":"","bridge":false,"osm_id":1426995274},"geometry":{"type":"LineString","coordinates":[[3.469921,6.431276],[3.469735,6.431185],[3.468834,6.431075]]}},{"type":"Feature","properties":{"highway":"trunk_link","name":"","bridge":false,"osm_id":1426995275},"geometry":{"type":"LineString","coordinates":[[3.468751,6.431557],[3.468594,6.431317],[3.46848,6.431246],[3.467828,6.431009]]}},{"type":"Feature","properties":{"highway":"trunk_link","name":"","bridge":false,"osm_id":1426995276},"geometry":{"type":"LineString","coordinates":[[3.469425,6.431226],[3.469039,6.431335],[3.468955,6.4314],[3.468844,6.431569]]}},{"type":"Feature","properties":{"highway":"trunk_link","name":"","bridge":false,"osm_id":1426995277},"geometry":{"type":"LineString","coordinates":[[3.468064,6.430855],[3.4687,6.430971],[3.468834,6.431075],[3.468863,6.431172]]}},{"type":"Feature","properties":{"highway":"trunk_link","name":"","bridge":false,"osm_id":1426995278},"geometry":{"type":"LineString","coordinates":[[3.468774,6.431157],[3.468834,6.431075],[3.468969,6.431024],[3.469093,6.431013],[3.469958,6.431114],[3.470101,6.431086]]}},{"type":"Feature","properties":{"highway":"trunk_link","name":"","bridge":false,"osm_id":1426995279},"geometry":{"type":"LineString","coordinates":[[3.468834,6.431075],[3.468165,6.430951],[3.468064,6.430855],[3.46803,6.430751]]}},{"type":"Feature","properties":{"highway":"trunk_link","name":"","bridge":false,"osm_id":1426995280},"geometry":{"type":"LineString","coordinates":[[3.468152,6.43077],[3.468064,6.430855],[3.46791,6.430919],[3.467344,6.430846],[3.467114,6.430849]]}},{"type":"Feature","properties":{"highway":"trunk_link","name":"","bridge":false,"osm_id":1426995281},"geometry":{"type":"LineString","coordinates":[[3.467466,6.43068],[3.467871,6.430605],[3.467957,6.430542],[3.468054,6.430351]]}},{"type":"Feature","properties":{"highway":"trunk_link","name":"","bridge":false,"osm_id":1426995282},"geometry":{"type":"LineString","coordinates":[[3.468156,6.430263],[3.468295,6.430509],[3.468406,6.430611],[3.46906,6.430909]]}},{"type":"Feature","properties":{"highway":"tertiary","name":"Adebayo Doherty Road","bridge":false,"osm_id":138040465},"geometry":{"type":"LineString","coordinates":[[3.464084,6.437093],[3.464113,6.438051],[3.464125,6.447125],[3.464105,6.447234]]}},{"type":"Feature","properties":{"highway":"secondary","name":"Adewunmi Adebimpe Street","bridge":false,"osm_id":294869720},"geometry":{"type":"LineString","coordinates":[[3.468863,6.431172],[3.468843,6.432526],[3.468882,6.436907]]}},{"type":"Feature","properties":{"highway":"secondary","name":"Adewunmi Adebimpe Street","bridge":false,"osm_id":294869777},"geometry":{"type":"LineString","coordinates":[[3.46881,6.43692],[3.468774,6.436353],[3.468745,6.431821],[3.468774,6.431157]]}},{"type":"Feature","properties":{"highway":"trunk","name":"Lekki-Epe Expressway","bridge":false,"osm_id":294887046},"geometry":{"type":"LineString","coordinates":[[3.485183,6.433468],[3.482815,6.43312],[3.48219,6.433067],[3.481411,6.432928],[3.478133,6.432439],[3.476143,6.432103],[3.474503,6.431907],[3.470497,6.431334],[3.469002,6.431189]]}},{"type":"Feature","properties":{"highway":"trunk","name":"Lekki-Epe Expressway","bridge":false,"osm_id":1097281914},"geometry":{"type":"LineString","coordinates":[[3.466072,6.430538],[3.467466,6.43068]]}},{"type":"Feature","properties":{"highway":"secondary","name":"Adewunmi Adebimpe Street","bridge":false,"osm_id":625147461},"geometry":{"type":"LineString","coordinates":[[3.468881,6.437051],[3.468821,6.437169]]}},{"type":"Feature","properties":{"highway":"secondary","name":"Adewunmi Adebimpe Street","bridge":false,"osm_id":625147462},"geometry":{"type":"LineString","coordinates":[[3.468692,6.437168],[3.468775,6.437046]]}},{"type":"Feature","properties":{"highway":"secondary","name":"Adewunmi Adebimpe Street","bridge":true,"osm_id":1426055783},"geometry":{"type":"LineString","coordinates":[[3.468884,6.436959],[3.468885,6.437]]}},{"type":"Feature","properties":{"highway":"secondary","name":"Adewunmi Adebimpe Street","bridge":false,"osm_id":1426055784},"geometry":{"type":"LineString","coordinates":[[3.468885,6.437],[3.468881,6.437051]]}},{"type":"Feature","properties":{"highway":"secondary","name":"Adewunmi Adebimpe Street","bridge":false,"osm_id":1426055785},"geometry":{"type":"LineString","coordinates":[[3.468775,6.437046],[3.468789,6.437004]]}},{"type":"Feature","properties":{"highway":"secondary","name":"Adewunmi Adebimpe Street","bridge":true,"osm_id":1426055786},"geometry":{"type":"LineString","coordinates":[[3.468789,6.437004],[3.468802,6.436961]]}},{"type":"Feature","properties":{"highway":"secondary","name":"Adewunmi Adebimpe Street","bridge":false,"osm_id":1426055787},"geometry":{"type":"LineString","coordinates":[[3.468802,6.436961],[3.46881,6.43692]]}},{"type":"Feature","properties":{"highway":"secondary","name":"Adewunmi Adebimpe Street","bridge":false,"osm_id":1426055788},"geometry":{"type":"LineString","coordinates":[[3.468882,6.436907],[3.468884,6.436959]]}},{"type":"Feature","properties":{"highway":"secondary","name":"Hakeem Dickson Road","bridge":false,"osm_id":152415210},"geometry":{"type":"LineString","coordinates":[[3.474758,6.431929],[3.474654,6.432048],[3.474621,6.432234],[3.474592,6.435605],[3.474614,6.437165]]}},{"type":"Feature","properties":{"highway":"primary","name":"Freedom Way","bridge":false,"osm_id":1096474990},"geometry":{"type":"LineString","coordinates":[[3.482177,6.433389],[3.482097,6.433621],[3.481733,6.435818],[3.481782,6.439449]]}},{"type":"Feature","properties":{"highway":"primary","name":"Freedom Way","bridge":false,"osm_id":1096475422},"geometry":{"type":"LineString","coordinates":[[3.481695,6.439884],[3.481663,6.437769]]}},{"type":"Feature","properties":{"highway":"trunk","name":"Lekki-Epe Expressway","bridge":false,"osm_id":1098501467},"geometry":{"type":"LineString","coordinates":[[3.489092,6.434023],[3.485183,6.433468]]}},{"type":"Feature","properties":{"highway":"tertiary","name":"Hakeem Dickson Road","bridge":false,"osm_id":1268607546},"geometry":{"type":"LineString","coordinates":[[3.474596,6.43731],[3.47458,6.439495]]}},{"type":"Feature","properties":{"highway":"secondary","name":"Hakeem Dickson Road","bridge":false,"osm_id":1268607548},"geometry":{"type":"LineString","coordinates":[[3.47453,6.437164],[3.474536,6.432685],[3.474577,6.432076],[3.474503,6.431907]]}},{"type":"Feature","properties":{"highway":"tertiary","name":"Hakeem Dickson Road","bridge":false,"osm_id":1268607547},"geometry":{"type":"LineString","coordinates":[[3.474596,6.43731],[3.47453,6.437164]]}},{"type":"Feature","properties":{"highway":"tertiary_link","name":"","bridge":false,"osm_id":1289022463},"geometry":{"type":"LineString","coordinates":[[3.474597,6.433257],[3.474535,6.433254]]}},{"type":"Feature","properties":{"highway":"tertiary","name":"Hakeem Dickson Road","bridge":false,"osm_id":1444628187},"geometry":{"type":"LineString","coordinates":[[3.474614,6.437165],[3.474596,6.43731]]}},{"type":"Feature","properties":{"highway":"trunk_link","name":"Freedom Way","bridge":false,"osm_id":294599753},"geometry":{"type":"LineString","coordinates":[[3.482815,6.43312],[3.482355,6.433185],[3.482177,6.433389]]}},{"type":"Feature","properties":{"highway":"trunk_link","name":"Elegushi Beach Road","bridge":false,"osm_id":294943647},"geometry":{"type":"LineString","coordinates":[[3.481684,6.43277],[3.481858,6.43272],[3.481968,6.432647],[3.482122,6.432482]]}},{"type":"Feature","properties":{"highway":"primary","name":"Freedom Way","bridge":false,"osm_id":530891113},"geometry":{"type":"LineString","coordinates":[[3.482022,6.433509],[3.48219,6.433067]]}},{"type":"Feature","properties":{"highway":"primary","name":"Freedom Way","bridge":false,"osm_id":530891119},"geometry":{"type":"LineString","coordinates":[[3.482244,6.43307],[3.48225,6.433154],[3.482177,6.433389]]}},{"type":"Feature","properties":{"highway":"trunk_link","name":"Freedom Way","bridge":false,"osm_id":530891121},"geometry":{"type":"LineString","coordinates":[[3.482022,6.433509],[3.481964,6.43326],[3.481859,6.433123],[3.481804,6.433084],[3.481494,6.433001],[3.481411,6.432928]]}},{"type":"Feature","properties":{"highway":"trunk_link","name":"Elegushi Beach Road","bridge":false,"osm_id":530891123},"geometry":{"type":"LineString","coordinates":[[3.482291,6.432486],[3.482435,6.43268],[3.482665,6.432906]]}},{"type":"Feature","properties":{"highway":"trunk_link","name":"","bridge":false,"osm_id":534625772},"geometry":{"type":"LineString","coordinates":[[3.48069,6.432667],[3.480982,6.432762],[3.48195,6.432897],[3.482196,6.432983],[3.482244,6.43307]]}},{"type":"Feature","properties":{"highway":"trunk_link","name":"","bridge":false,"osm_id":534625773},"geometry":{"type":"LineString","coordinates":[[3.483742,6.433256],[3.48359,6.433188],[3.482531,6.433037],[3.482241,6.432923],[3.482122,6.432841]]}},{"type":"Feature","properties":{"highway":"trunk_link","name":"","bridge":false,"osm_id":606201195},"geometry":{"type":"LineString","coordinates":[[3.48219,6.433067],[3.482343,6.432872]]}},{"type":"Feature","properties":{"highway":"primary","name":"Freedom Way","bridge":false,"osm_id":1096475423},"geometry":{"type":"LineString","coordinates":[[3.481663,6.437769],[3.481647,6.435934],[3.481665,6.435584],[3.482022,6.433509]]}},{"type":"Feature","properties":{"highway":"trunk_link","name":"","bridge":false,"osm_id":1242735566},"geometry":{"type":"LineString","coordinates":[[3.48214,6.432844],[3.481982,6.43303]]}},{"type":"Feature","properties":{"highway":"tertiary","name":"Meadow Hall Way","bridge":false,"osm_id":294887049},"geometry":{"type":"LineString","coordinates":[[3.488148,6.433477],[3.488533,6.430953],[3.488855,6.429644],[3.488879,6.429412],[3.48887,6.425666]]}},{"type":"Feature","properties":{"highway":"tertiary","name":"","bridge":false,"osm_id":294996614},"geometry":{"type":"LineString","coordinates":[[3.49091,6.433478],[3.490884,6.433178],[3.490912,6.425696],[3.490937,6.425614],[3.491068,6.425477]]}},{"type":"Feature","properties":{"highway":"trunk","name":"Lagos-Calabar Coastal Highway","bridge":false,"osm_id":1450410158},"geometry":{"type":"LineString","coordinates":[[3.488882,6.425378],[3.491995,6.425238],[3.493958,6.425184],[3.495922,6.425219],[3.497624,6.425341],[3.500558,6.425463]]}},{"type":"Feature","properties":{"highway":"trunk","name":"Lagos-Calabar Coastal Highway","bridge":false,"osm_id":1450410159},"geometry":{"type":"LineString","coordinates":[[3.502947,6.426257],[3.50049,6.426012],[3.497473,6.425568],[3.495905,6.425432],[3.493961,6.42539],[3.488877,6.425561]]}},{"type":"Feature","properties":{"highway":"trunk","name":"Lagos-Calabar Coastal Highway","bridge":false,"osm_id":1434341606},"geometry":{"type":"LineString","coordinates":[[3.500558,6.425463],[3.504724,6.425872],[3.506937,6.426185],[3.50923,6.426375],[3.511191,6.426601],[3.513657,6.426833],[3.516199,6.426984],[3.522563,6.427528]]}},{"type":"Feature","properties":{"highway":"trunk_link","name":"","bridge":false,"osm_id":1450410160},"geometry":{"type":"LineString","coordinates":[[3.500491,6.426012],[3.500558,6.425463]]}},{"type":"Feature","properties":{"highway":"tertiary","name":"Yemi Adetayo Street","bridge":false,"osm_id":1450410176},"geometry":{"type":"LineString","coordinates":[[3.497281,6.426086],[3.4976,6.427517],[3.497525,6.428548],[3.497669,6.429486],[3.497866,6.431786]]}},{"type":"Feature","properties":{"highway":"secondary","name":"Kusenla Road","bridge":false,"osm_id":152882173},"geometry":{"type":"LineString","coordinates":[[3.490601,6.451721],[3.490601,6.451267],[3.490772,6.450553],[3.490788,6.450359],[3.490865,6.435215],[3.490892,6.434745]]}},{"type":"Feature","properties":{"highway":"tertiary","name":"Palm Springs Road","bridge":false,"osm_id":294603130},"geometry":{"type":"LineString","coordinates":[[3.497535,6.435507],[3.497515,6.440652],[3.497483,6.440777]]}},{"type":"Feature","properties":{"highway":"tertiary","name":"","bridge":false,"osm_id":294996662},"geometry":{"type":"LineString","coordinates":[[3.497559,6.435141],[3.497604,6.434367],[3.497603,6.431965],[3.497608,6.431909],[3.497668,6.431824],[3.497767,6.431787],[3.497866,6.431786]]}},{"type":"Feature","properties":{"highway":"trunk","name":"Lekki-Epe Expressway","bridge":false,"osm_id":1066274596},"geometry":{"type":"LineString","coordinates":[[3.491376,6.434184],[3.493319,6.434495]]}},{"type":"Feature","properties":{"highway":"trunk","name":"Lekki-Epe Expressway","bridge":false,"osm_id":1066274599},"geometry":{"type":"LineString","coordinates":[[3.497266,6.435227],[3.4928,6.434586]]}},{"type":"Feature","properties":{"highway":"trunk","name":"Lekki-Epe Expressway","bridge":false,"osm_id":1097167753},"geometry":{"type":"LineString","coordinates":[[3.493853,6.434579],[3.503625,6.436022]]}},{"type":"Feature","properties":{"highway":"trunk","name":"Lekki-Epe Expressway","bridge":false,"osm_id":1097171650},"geometry":{"type":"LineString","coordinates":[[3.503679,6.436175],[3.497266,6.435227]]}},{"type":"Feature","properties":{"highway":"tertiary","name":"Meadow Holloway Street","bridge":false,"osm_id":193596799},"geometry":{"type":"LineString","coordinates":[[3.487733,6.433702],[3.487872,6.433697],[3.488036,6.433637],[3.488148,6.433477]]}},{"type":"Feature","properties":{"highway":"tertiary","name":"Meadow Holloway Street","bridge":false,"osm_id":294887042},"geometry":{"type":"LineString","coordinates":[[3.488148,6.433477],[3.488148,6.433583],[3.488234,6.433711],[3.488484,6.43381]]}},{"type":"Feature","properties":{"highway":"trunk_link","name":"","bridge":false,"osm_id":530891125},"geometry":{"type":"LineString","coordinates":[[3.490544,6.434058],[3.490808,6.433896]]}},{"type":"Feature","properties":{"highway":"trunk_link","name":"","bridge":false,"osm_id":530891126},"geometry":{"type":"LineString","coordinates":[[3.490943,6.433712],[3.491376,6.434184]]}},{"type":"Feature","properties":{"highway":"trunk_link","name":"","bridge":false,"osm_id":530891127},"geometry":{"type":"LineString","coordinates":[[3.48958,6.433953],[3.489772,6.434052],[3.490694,6.434166],[3.490823,6.434211],[3.490988,6.434335]]}},{"type":"Feature","properties":{"highway":"trunk_link","name":"","bridge":false,"osm_id":530891128},"geometry":{"type":"LineString","coordinates":[[3.4928,6.434586],[3.492662,6.434517],[3.491036,6.434249],[3.490802,6.43409]]}},{"type":"Feature","properties":{"highway":"trunk","name":"Lekki-Epe Expressway","bridge":false,"osm_id":1066274589},"geometry":{"type":"LineString","coordinates":[[3.48958,6.433953],[3.490908,6.434098],[3.491376,6.434184]]}},{"type":"Feature","properties":{"highway":"trunk","name":"Lekki-Epe Expressway","bridge":false,"osm_id":1066274590},"geometry":{"type":"LineString","coordinates":[[3.488484,6.43381],[3.48958,6.433953]]}},{"type":"Feature","properties":{"highway":"tertiary","name":"Kusenla Road","bridge":false,"osm_id":1066274592},"geometry":{"type":"LineString","coordinates":[[3.490877,6.434324],[3.490823,6.434211],[3.490802,6.433957]]}},{"type":"Feature","properties":{"highway":"trunk","name":"Lekki-Epe Expressway","bridge":false,"osm_id":1066274593},"geometry":{"type":"LineString","coordinates":[[3.490988,6.434335],[3.490524,6.434291],[3.489584,6.434123]]}},{"type":"Feature","properties":{"highway":"trunk","name":"Lekki-Epe Expressway","bridge":false,"osm_id":1066274594},"geometry":{"type":"LineString","coordinates":[[3.4928,6.434586],[3.490988,6.434335]]}},{"type":"Feature","properties":{"highway":"tertiary","name":"","bridge":false,"osm_id":1066274597},"geometry":{"type":"LineString","coordinates":[[3.490915,6.433541],[3.490909,6.433478]]}},{"type":"Feature","properties":{"highway":"tertiary","name":"","bridge":false,"osm_id":1066274598},"geometry":{"type":"LineString","coordinates":[[3.490802,6.433957],[3.490915,6.433541]]}},{"type":"Feature","properties":{"highway":"trunk","name":"Lekki-Epe Expressway","bridge":false,"osm_id":1097171651},"geometry":{"type":"LineString","coordinates":[[3.489584,6.434123],[3.489092,6.434023]]}},{"type":"Feature","properties":{"highway":"trunk_link","name":"","bridge":false,"osm_id":1114865721},"geometry":{"type":"LineString","coordinates":[[3.490858,6.434602],[3.490745,6.434458],[3.490524,6.434291]]}},{"type":"Feature","properties":{"highway":"trunk_link","name":"","bridge":false,"osm_id":1114865725},"geometry":{"type":"LineString","coordinates":[[3.491212,6.434375],[3.491021,6.434488],[3.49095,6.434564]]}},{"type":"Feature","properties":{"highway":"tertiary","name":"","bridge":false,"osm_id":1396560427},"geometry":{"type":"LineString","coordinates":[[3.490915,6.433541],[3.490943,6.433712],[3.490894,6.433982],[3.490908,6.434098]]}},{"type":"Feature","properties":{"highway":"tertiary","name":"Kusenla Road","bridge":false,"osm_id":1396560428},"geometry":{"type":"LineString","coordinates":[[3.490988,6.434335],[3.490941,6.434648],[3.490892,6.434745]]}},{"type":"Feature","properties":{"highway":"tertiary","name":"Kusenla Road","bridge":false,"osm_id":1396560429},"geometry":{"type":"LineString","coordinates":[[3.490908,6.434098],[3.490988,6.434335]]}},{"type":"Feature","properties":{"highway":"tertiary","name":"Kusenla Road","bridge":false,"osm_id":1396560430},"geometry":{"type":"LineString","coordinates":[[3.490892,6.434745],[3.490859,6.434656],[3.490877,6.434324]]}},{"type":"Feature","properties":{"highway":"tertiary","name":"Palm Springs Road","bridge":false,"osm_id":294603094},"geometry":{"type":"LineString","coordinates":[[3.497535,6.435507],[3.497474,6.435371],[3.497266,6.435227]]}},{"type":"Feature","properties":{"highway":"tertiary","name":"Palm Springs Road","bridge":false,"osm_id":294603150},"geometry":{"type":"LineString","coordinates":[[3.49786,6.435315],[3.497641,6.435355],[3.497587,6.435392],[3.497535,6.435507]]}},{"type":"Feature","properties":{"highway":"trunk","name":"Lekki-Epe Expressway","bridge":false,"osm_id":1097170243},"geometry":{"type":"LineString","coordinates":[[3.493319,6.434495],[3.493853,6.434579]]}},{"type":"Feature","properties":{"highway":"tertiary","name":"","bridge":false,"osm_id":1557850815},"geometry":{"type":"LineString","coordinates":[[3.502678,6.426544],[3.502662,6.426397],[3.502547,6.426217]]}},{"type":"Feature","properties":{"highway":"tertiary","name":"Silverbird Road","bridge":false,"osm_id":1557850816},"geometry":{"type":"LineString","coordinates":[[3.502947,6.426257],[3.502756,6.426381],[3.502735,6.426548]]}},{"type":"Feature","properties":{"highway":"tertiary","name":"","bridge":false,"osm_id":1559266871},"geometry":{"type":"LineString","coordinates":[[3.502673,6.427974],[3.502725,6.427974]]}},{"type":"Feature","properties":{"highway":"tertiary","name":"Platinum Way","bridge":false,"osm_id":286066471},"geometry":{"type":"LineString","coordinates":[[3.502431,6.436166],[3.502396,6.449161],[3.50235,6.449639],[3.502179,6.450153]]}},{"type":"Feature","properties":{"highway":"tertiary","name":"Silverbird Road","bridge":false,"osm_id":294887047},"geometry":{"type":"LineString","coordinates":[[3.502735,6.426548],[3.502675,6.433808],[3.502715,6.435604]]}},{"type":"Feature","properties":{"highway":"trunk","name":"Lekki-Epe Expressway","bridge":false,"osm_id":1066274595},"geometry":{"type":"LineString","coordinates":[[3.503625,6.436022],[3.509276,6.436852]]}},{"type":"Feature","properties":{"highway":"trunk","name":"Lekki-Epe Expressway","bridge":false,"osm_id":1066274600},"geometry":{"type":"LineString","coordinates":[[3.510389,6.437139],[3.507144,6.436692],[3.503679,6.436175]]}},{"type":"Feature","properties":{"highway":"trunk","name":"Lagos-Calabar Coastal Highway","bridge":false,"osm_id":1434341608},"geometry":{"type":"LineString","coordinates":[[3.522635,6.427839],[3.51941,6.427559],[3.516186,6.427221],[3.5092,6.426636],[3.506808,6.426478],[3.505004,6.426436],[3.502947,6.426257]]}},{"type":"Feature","properties":{"highway":"tertiary","name":"Silverbird Road","bridge":false,"osm_id":1559266872},"geometry":{"type":"LineString","coordinates":[[3.502676,6.435608],[3.502616,6.433229],[3.502678,6.426544]]}},{"type":"Feature","properties":{"highway":"tertiary","name":"","bridge":false,"osm_id":88273333},"geometry":{"type":"LineString","coordinates":[[3.502344,6.435843],[3.502492,6.435826],[3.502586,6.435774],[3.502652,6.435696],[3.502676,6.435608]]}},{"type":"Feature","properties":{"highway":"tertiary","name":"","bridge":false,"osm_id":294887131},"geometry":{"type":"LineString","coordinates":[[3.502715,6.435604],[3.502736,6.435732],[3.502788,6.435813],[3.502856,6.435864],[3.503077,6.435941]]}},{"type":"Feature","properties":{"highway":"tertiary","name":"Platinum Way","bridge":false,"osm_id":599933046},"geometry":{"type":"LineString","coordinates":[[3.502707,6.436035],[3.502604,6.43605],[3.502431,6.436166]]}},{"type":"Feature","properties":{"highway":"tertiary","name":"Platinum Way","bridge":false,"osm_id":599933047},"geometry":{"type":"LineString","coordinates":[[3.502431,6.436166],[3.502394,6.436056],[3.502298,6.435976]]}},{"type":"Feature","properties":{"highway":"tertiary","name":"Fola Osibo Street","bridge":true,"osm_id":294603096},"geometry":{"type":"LineString","coordinates":[[3.47124,6.442643],[3.471476,6.44264]]}},{"type":"Feature","properties":{"highway":"tertiary","name":"Fatai Idowu Arobieke Street","bridge":false,"osm_id":87096525},"geometry":{"type":"LineString","coordinates":[[3.470208,6.447818],[3.470228,6.452765],[3.470205,6.455848],[3.470236,6.456213],[3.470333,6.45657],[3.471848,6.459313],[3.471828,6.459366]]}},{"type":"Feature","properties":{"highway":"tertiary","name":"Fola Osibo Street","bridge":false,"osm_id":138040470},"geometry":{"type":"LineString","coordinates":[[3.464118,6.44267],[3.465006,6.442643],[3.47124,6.442643]]}},{"type":"Feature","properties":{"highway":"primary","name":"Admiralty Way","bridge":false,"osm_id":294599763},"geometry":{"type":"LineString","coordinates":[[3.481888,6.447906],[3.470107,6.447919],[3.46928,6.447885],[3.46843,6.447811],[3.466374,6.447517]]}},{"type":"Feature","properties":{"highway":"tertiary","name":"Admiralty Road","bridge":false,"osm_id":294599769},"geometry":{"type":"LineString","coordinates":[[3.471828,6.459366],[3.471767,6.459353],[3.471589,6.459061],[3.470529,6.457173],[3.47024,6.45657],[3.470114,6.456004],[3.47011,6.447817]]}},{"type":"Feature","properties":{"highway":"primary","name":"Admiralty Way","bridge":false,"osm_id":294599770},"geometry":{"type":"LineString","coordinates":[[3.46642,6.447418],[3.468465,6.44772],[3.469667,6.447808],[3.481886,6.447826]]}},{"type":"Feature","properties":{"highway":"tertiary","name":"Emma Abimbola Cole Street","bridge":false,"osm_id":334645555},"geometry":{"type":"LineString","coordinates":[[3.471476,6.44264],[3.474611,6.442611],[3.481717,6.442649]]}},{"type":"Feature","properties":{"highway":"primary","name":"","bridge":false,"osm_id":216689321},"geometry":{"type":"LineString","coordinates":[[3.460918,6.447119],[3.460968,6.447032],[3.460976,6.446908]]}},{"type":"Feature","properties":{"highway":"primary","name":"","bridge":false,"osm_id":216689325},"geometry":{"type":"LineString","coordinates":[[3.46117,6.447037],[3.461085,6.447074],[3.460985,6.447169]]}},{"type":"Feature","properties":{"highway":"primary","name":"Ikoyi Bridge Roundabout","bridge":false,"osm_id":216689339},"geometry":{"type":"LineString","coordinates":[[3.461047,6.44662],[3.461176,6.446576],[3.461244,6.446584],[3.46136,6.446656],[3.461416,6.44679],[3.46141,6.446863],[3.46134,6.446978],[3.46117,6.447037],[3.461009,6.446959],[3.460953,6.446788],[3.460968,6.446724],[3.461047,6.44662]]}},{"type":"Feature","properties":{"highway":"primary","name":"Admiralty Way","bridge":false,"osm_id":216882040},"geometry":{"type":"LineString","coordinates":[[3.460957,6.446854],[3.460849,6.446767],[3.460612,6.446687]]}},{"type":"Feature","properties":{"highway":"primary","name":"Admiralty Way","bridge":false,"osm_id":294599755},"geometry":{"type":"LineString","coordinates":[[3.466104,6.447481],[3.464105,6.447234],[3.461742,6.446884],[3.461584,6.446867],[3.46138,6.446931]]}},{"type":"Feature","properties":{"highway":"primary","name":"Admiralty Way","bridge":false,"osm_id":294599766},"geometry":{"type":"LineString","coordinates":[[3.46136,6.446656],[3.4616,6.446762],[3.46616,6.447384]]}},{"type":"Feature","properties":{"highway":"primary","name":"Admiralty Way","bridge":true,"osm_id":294599771},"geometry":{"type":"LineString","coordinates":[[3.466374,6.447517],[3.466104,6.447481]]}},{"type":"Feature","properties":{"highway":"primary","name":"Admiralty Way","bridge":true,"osm_id":294599773},"geometry":{"type":"LineString","coordinates":[[3.466159,6.447384],[3.46642,6.447418]]}},{"type":"Feature","properties":{"highway":"primary_link","name":"","bridge":false,"osm_id":587075543},"geometry":{"type":"LineString","coordinates":[[3.470109,6.448043],[3.469956,6.447914]]}},{"type":"Feature","properties":{"highway":"primary_link","name":"","bridge":false,"osm_id":587075544},"geometry":{"type":"LineString","coordinates":[[3.470517,6.447918],[3.470296,6.448047],[3.470206,6.448202]]}},{"type":"Feature","properties":{"highway":"tertiary","name":"Hakeem Dickson Road","bridge":true,"osm_id":294603116},"geometry":{"type":"LineString","coordinates":[[3.47458,6.439495],[3.474603,6.439774]]}},{"type":"Feature","properties":{"highway":"tertiary","name":"Hakeem Dickson Road","bridge":false,"osm_id":294603117},"geometry":{"type":"LineString","coordinates":[[3.474603,6.439774],[3.474611,6.442611]]}},{"type":"Feature","properties":{"highway":"tertiary","name":"Freedom Way","bridge":false,"osm_id":334646086},"geometry":{"type":"LineString","coordinates":[[3.481717,6.442649],[3.48183,6.442644]]}},{"type":"Feature","properties":{"highway":"primary","name":"Freedom Way","bridge":false,"osm_id":1096475740},"geometry":{"type":"LineString","coordinates":[[3.48171,6.441756],[3.481695,6.439884]]}},{"type":"Feature","properties":{"highway":"primary","name":"Freedom Way","bridge":false,"osm_id":530891122},"geometry":{"type":"LineString","coordinates":[[3.481888,6.447906],[3.481965,6.454023]]}},{"type":"Feature","properties":{"highway":"primary","name":"Freedom Way","bridge":false,"osm_id":544212503},"geometry":{"type":"LineString","coordinates":[[3.481859,6.45402],[3.481778,6.447906]]}},{"type":"Feature","properties":{"highway":"primary","name":"Freedom Way","bridge":false,"osm_id":1096474989},"geometry":{"type":"LineString","coordinates":[[3.481782,6.439449],[3.48186,6.445561]]}},{"type":"Feature","properties":{"highway":"primary","name":"Freedom Way","bridge":false,"osm_id":1427160042},"geometry":{"type":"LineString","coordinates":[[3.481778,6.447906],[3.48171,6.441756]]}},{"type":"Feature","properties":{"highway":"primary_link","name":"","bridge":false,"osm_id":587075545},"geometry":{"type":"LineString","coordinates":[[3.473563,6.447903],[3.473565,6.447802]]}},{"type":"Feature","properties":{"highway":"primary","name":"Freedom Way","bridge":false,"osm_id":1096476460},"geometry":{"type":"LineString","coordinates":[[3.48186,6.445561],[3.481873,6.446798]]}},{"type":"Feature","properties":{"highway":"primary","name":"Freedom Way","bridge":false,"osm_id":1427160041},"geometry":{"type":"LineString","coordinates":[[3.481873,6.446798],[3.481888,6.447906]]}},{"type":"Feature","properties":{"highway":"tertiary","name":"","bridge":false,"osm_id":583775779},"geometry":{"type":"LineString","coordinates":[[3.461781,6.456215],[3.461682,6.456191]]}},{"type":"Feature","properties":{"highway":"tertiary","name":"","bridge":false,"osm_id":583775780},"geometry":{"type":"LineString","coordinates":[[3.461699,6.456094],[3.461799,6.456115]]}},{"type":"Feature","properties":{"highway":"primary","name":"Freedom Way","bridge":false,"osm_id":294599762},"geometry":{"type":"LineString","coordinates":[[3.481913,6.457981],[3.481859,6.45402]]}},{"type":"Feature","properties":{"highway":"primary","name":"Freedom Way","bridge":false,"osm_id":544212500},"geometry":{"type":"LineString","coordinates":[[3.481965,6.454023],[3.481998,6.457982]]}},{"type":"Feature","properties":{"highway":"primary","name":"","bridge":false,"osm_id":1442938194},"geometry":{"type":"LineString","coordinates":[[3.481997,6.457982],[3.481913,6.457981]]}},{"type":"Feature","properties":{"highway":"tertiary","name":"","bridge":false,"osm_id":1323719114},"geometry":{"type":"LineString","coordinates":[[3.490593,6.469008],[3.490676,6.468147],[3.49091,6.466903],[3.490829,6.466376],[3.490729,6.466306],[3.489438,6.465861],[3.487629,6.465005],[3.487183,6.464726],[3.48643,6.464167],[3.485358,6.463103],[3.484274,6.461251],[3.48375,6.460513],[3.483292,6.460036],[3.482921,6.459774],[3.482215,6.459664],[3.482044,6.459537],[3.48196,6.459323],[3.481928,6.459071],[3.481913,6.457981]]}},{"type":"Feature","properties":{"highway":"tertiary","name":"","bridge":false,"osm_id":1427141902},"geometry":{"type":"LineString","coordinates":[[3.481998,6.457982],[3.482023,6.459068],[3.482052,6.459306],[3.482113,6.459463],[3.482261,6.459576],[3.482916,6.459667],[3.483004,6.459709],[3.483338,6.45996],[3.483862,6.460482],[3.484376,6.461181],[3.484938,6.462176],[3.485539,6.463138],[3.486492,6.46407],[3.487695,6.464926],[3.489463,6.465744],[3.490797,6.466208],[3.4909,6.466287],[3.491004,6.466521],[3.49103,6.46689],[3.490984,6.467296],[3.490817,6.468155],[3.490753,6.469016]]}},{"type":"Feature","properties":{"highway":"tertiary_link","name":"","bridge":false,"osm_id":1427162907},"geometry":{"type":"LineString","coordinates":[[3.48196,6.459323],[3.482052,6.459306]]}},{"type":"Feature","properties":{"highway":"tertiary","name":"","bridge":false,"osm_id":294603144},"geometry":{"type":"LineString","coordinates":[[3.497408,6.440872],[3.497395,6.440813],[3.497421,6.440779],[3.497502,6.440793],[3.497497,6.440874],[3.497459,6.440892],[3.497408,6.440872]]}},{"type":"Feature","properties":{"highway":"tertiary","name":"","bridge":false,"osm_id":294603163},"geometry":{"type":"LineString","coordinates":[[3.497509,6.440857],[3.49753,6.440946],[3.497538,6.441903],[3.497526,6.443348]]}},{"type":"Feature","properties":{"highway":"tertiary","name":"","bridge":false,"osm_id":536506128},"geometry":{"type":"LineString","coordinates":[[3.497411,6.443301],[3.497437,6.44089]]}},{"type":"Feature","properties":{"highway":"tertiary","name":"","bridge":false,"osm_id":536506129},"geometry":{"type":"LineString","coordinates":[[3.497505,6.443321],[3.497538,6.44338],[3.497525,6.443446],[3.497472,6.443488],[3.49738,6.443474],[3.497341,6.443394],[3.49736,6.443336],[3.497441,6.443297],[3.497505,6.443321]]}},{"type":"Feature","properties":{"highway":"tertiary","name":"","bridge":false,"osm_id":1427141890},"geometry":{"type":"LineString","coordinates":[[3.490595,6.470706],[3.490654,6.470725],[3.490701,6.470803],[3.490673,6.470889],[3.490588,6.470924],[3.49053,6.470905],[3.490483,6.470827],[3.490511,6.470741],[3.490595,6.470706]]}},{"type":"Feature","properties":{"highway":"tertiary","name":"","bridge":false,"osm_id":1427141899},"geometry":{"type":"LineString","coordinates":[[3.490657,6.468985],[3.490753,6.469016],[3.490798,6.469106],[3.490767,6.469201],[3.490677,6.469246],[3.490582,6.469215],[3.490536,6.469126],[3.490567,6.469031],[3.490657,6.468985]]}},{"type":"Feature","properties":{"highway":"tertiary","name":"","bridge":false,"osm_id":1427141900},"geometry":{"type":"LineString","coordinates":[[3.490742,6.469224],[3.490654,6.470725]]}},{"type":"Feature","properties":{"highway":"tertiary","name":"","bridge":false,"osm_id":1427141901},"geometry":{"type":"LineString","coordinates":[[3.490535,6.470721],[3.490582,6.469215]]}},{"type":"Feature","properties":{"highway":"motorway_link","name":"","bridge":false,"osm_id":133870574},"geometry":{"type":"LineString","coordinates":[[3.367711,6.52304],[3.36757,6.524045]]}},{"type":"Feature","properties":{"highway":"primary_link","name":"","bridge":false,"osm_id":133870575},"geometry":{"type":"LineString","coordinates":[[3.367735,6.519668],[3.367684,6.519785],[3.367611,6.519835],[3.367474,6.519826],[3.367435,6.519745]]}},{"type":"Feature","properties":{"highway":"primary_link","name":"","bridge":false,"osm_id":133870579},"geometry":{"type":"LineString","coordinates":[[3.36742,6.520011],[3.36745,6.519941],[3.367511,6.5199],[3.367632,6.519914],[3.36775,6.52006]]}},{"type":"Feature","properties":{"highway":"motorway_link","name":"","bridge":false,"osm_id":133870583},"geometry":{"type":"LineString","coordinates":[[3.367475,6.52363],[3.36735,6.522362]]}},{"type":"Feature","properties":{"highway":"primary","name":"Ikorodu Road","bridge":false,"osm_id":133870586},"geometry":{"type":"LineString","coordinates":[[3.367915,6.518688],[3.367807,6.519059],[3.367737,6.519603],[3.367711,6.52304]]}},{"type":"Feature","properties":{"highway":"primary","name":"Ikorodu Road","bridge":false,"osm_id":215667094},"geometry":{"type":"LineString","coordinates":[[3.36735,6.522362],[3.367435,6.519745],[3.367507,6.519415],[3.367653,6.519012]]}},{"type":"Feature","properties":{"highway":"primary_link","name":"","bridge":false,"osm_id":607289915},"geometry":{"type":"LineString","coordinates":[[3.367925,6.518224],[3.368001,6.518273]]}},{"type":"Feature","properties":{"highway":"trunk_link","name":"","bridge":false,"osm_id":1158388138},"geometry":{"type":"LineString","coordinates":[[3.365508,6.517649],[3.365438,6.517657],[3.365343,6.517618]]}},{"type":"Feature","properties":{"highway":"motorway_link","name":"","bridge":false,"osm_id":133872491},"geometry":{"type":"LineString","coordinates":[[3.367319,6.524641],[3.367465,6.523921]]}},{"type":"Feature","properties":{"highway":"tertiary","name":"Coker Street","bridge":false,"osm_id":217535651},"geometry":{"type":"LineString","coordinates":[[3.357783,6.528318],[3.358494,6.53],[3.359121,6.531659],[3.360481,6.532184],[3.360883,6.532273],[3.36137,6.532457]]}},{"type":"Feature","properties":{"highway":"tertiary","name":"","bridge":false,"osm_id":441897771},"geometry":{"type":"LineString","coordinates":[[3.356656,6.531449],[3.356986,6.53003],[3.35699,6.529824],[3.356785,6.52875],[3.35666,6.527604],[3.356363,6.526638]]}},{"type":"Feature","properties":{"highway":"tertiary","name":"Mushin Flyover Bridge","bridge":true,"osm_id":1157079484},"geometry":{"type":"LineString","coordinates":[[3.359511,6.529285],[3.361299,6.530385],[3.363306,6.531513],[3.363879,6.531956]]}},{"type":"Feature","properties":{"highway":"tertiary","name":"Ogunmokun Street","bridge":false,"osm_id":9717710},"geometry":{"type":"LineString","coordinates":[[3.359511,6.529285],[3.358653,6.528756],[3.357783,6.528318]]}},{"type":"Feature","properties":{"highway":"tertiary","name":"Coker Street","bridge":false,"osm_id":585731343},"geometry":{"type":"LineString","coordinates":[[3.357033,6.526537],[3.357329,6.527146],[3.357783,6.528318]]}},{"type":"Feature","properties":{"highway":"motorway","name":"Ikorodu Road","bridge":false,"osm_id":133805242},"geometry":{"type":"LineString","coordinates":[[3.367618,6.521083],[3.367539,6.525334],[3.367576,6.526198],[3.367503,6.527721],[3.367482,6.529637],[3.367453,6.530002],[3.367391,6.532983],[3.367275,6.539188],[3.367276,6.541854],[3.367132,6.547944],[3.366965,6.558258],[3.366859,6.561014],[3.366859,6.56229],[3.366803,6.564538],[3.36679,6.5661],[3.366827,6.56717],[3.366951,6.568498],[3.367016,6.568976],[3.367126,6.569487]]}},{"type":"Feature","properties":{"highway":"motorway","name":"Ikorodu Road","bridge":false,"osm_id":133876581},"geometry":{"type":"LineString","coordinates":[[3.366975,6.569547],[3.366744,6.567532],[3.366656,6.566092],[3.366659,6.565773],[3.366721,6.561726],[3.36685,6.558116],[3.36699,6.54939],[3.367177,6.541846],[3.367223,6.536059],[3.367424,6.52689],[3.367476,6.522873],[3.367542,6.521087]]}},{"type":"Feature","properties":{"highway":"primary","name":"Ikorodu Road","bridge":false,"osm_id":133879446},"geometry":{"type":"LineString","coordinates":[[3.367656,6.572012],[3.367389,6.571381],[3.367097,6.570571],[3.366797,6.569304],[3.36657,6.5674],[3.36651,6.566525],[3.366504,6.56599],[3.366603,6.562131],[3.366591,6.56104],[3.366652,6.558715],[3.366707,6.55818],[3.366758,6.555499],[3.366735,6.554504],[3.366892,6.545975],[3.367056,6.539274],[3.36709,6.535201],[3.367156,6.533219],[3.367174,6.530643],[3.367256,6.528405],[3.367319,6.524641],[3.367314,6.523135],[3.36735,6.522362]]}},{"type":"Feature","properties":{"highway":"primary","name":"Finbarr road","bridge":false,"osm_id":134221192},"geometry":{"type":"LineString","coordinates":[[3.385536,6.524186],[3.385728,6.52485],[3.386192,6.525998],[3.386377,6.527051],[3.386614,6.527566],[3.387094,6.529003],[3.387646,6.530324],[3.388618,6.532472],[3.388788,6.532722],[3.389082,6.533068],[3.389388,6.533311],[3.390167,6.533714],[3.391118,6.534094],[3.391383,6.534445],[3.391608,6.534798],[3.391685,6.534967],[3.392112,6.536961],[3.392121,6.537384],[3.392335,6.538408],[3.392461,6.539346],[3.392827,6.540597],[3.392995,6.541354],[3.393157,6.541904],[3.393587,6.542771],[3.39382,6.543527],[3.393854,6.543978],[3.393847,6.544503],[3.393911,6.54506],[3.393974,6.545347],[3.39405,6.545572],[3.394332,6.546098],[3.394413,6.546304],[3.394653,6.547192]]}},{"type":"Feature","properties":{"highway":"primary","name":"Ikorodu Road","bridge":false,"osm_id":215667101},"geometry":{"type":"LineString","coordinates":[[3.367711,6.52304],[3.367717,6.523966],[3.367597,6.528987],[3.367602,6.530072],[3.367539,6.531707],[3.367542,6.532274],[3.367613,6.533457],[3.367614,6.534671],[3.367365,6.54856],[3.367283,6.551984],[3.367155,6.55301],[3.367081,6.557214],[3.367045,6.557821],[3.367066,6.558294],[3.366891,6.565456],[3.366984,6.567561],[3.36712,6.568885],[3.367292,6.569825],[3.367629,6.570904],[3.367869,6.571546]]}},{"type":"Feature","properties":{"highway":"primary","name":"Finbarr road","bridge":false,"osm_id":1508800992},"geometry":{"type":"LineString","coordinates":[[3.394597,6.547221],[3.394358,6.546321],[3.39428,6.546122],[3.39399,6.545595],[3.393914,6.54537],[3.39381,6.544794],[3.393795,6.543892],[3.393755,6.543546],[3.393524,6.542795],[3.393209,6.542178],[3.393028,6.541717],[3.392813,6.540792],[3.392455,6.539533],[3.392334,6.538913],[3.392219,6.538087],[3.392048,6.53736],[3.392063,6.536973],[3.391625,6.534995],[3.391462,6.534669],[3.391075,6.534154],[3.389838,6.533619],[3.389363,6.533363],[3.389039,6.533121],[3.388587,6.532563],[3.387835,6.530925],[3.387032,6.529034],[3.386553,6.527599],[3.386355,6.527202],[3.38608,6.525856],[3.385665,6.524875],[3.385468,6.524204]]}},{"type":"Feature","properties":{"highway":"motorway_link","name":"","bridge":false,"osm_id":133872488},"geometry":{"type":"LineString","coordinates":[[3.367576,6.526198],[3.367653,6.527238]]}},{"type":"Feature","properties":{"highway":"motorway_link","name":"","bridge":false,"osm_id":133872492},"geometry":{"type":"LineString","coordinates":[[3.367597,6.528987],[3.367482,6.529637]]}},{"type":"Feature","properties":{"highway":"motorway_link","name":"","bridge":false,"osm_id":133872496},"geometry":{"type":"LineString","coordinates":[[3.367432,6.526422],[3.367295,6.525581]]}},{"type":"Feature","properties":{"highway":"motorway_link","name":"","bridge":false,"osm_id":585187773},"geometry":{"type":"LineString","coordinates":[[3.367453,6.530002],[3.367591,6.530553]]}},{"type":"Feature","properties":{"highway":"motorway_link","name":"","bridge":false,"osm_id":606214293},"geometry":{"type":"LineString","coordinates":[[3.367348,6.529852],[3.36721,6.529543]]}},{"type":"Feature","properties":{"highway":"secondary","name":"","bridge":false,"osm_id":12335253},"geometry":{"type":"LineString","coordinates":[[3.371586,6.517662],[3.37141,6.51798]]}},{"type":"Feature","properties":{"highway":"secondary","name":"","bridge":false,"osm_id":12335291},"geometry":{"type":"LineString","coordinates":[[3.37141,6.51798],[3.371289,6.517723]]}},{"type":"Feature","properties":{"highway":"secondary","name":"Alakija Street","bridge":false,"osm_id":12335494},"geometry":{"type":"LineString","coordinates":[[3.371755,6.519021],[3.371112,6.520648]]}},{"type":"Feature","properties":{"highway":"secondary","name":"Hussey Road","bridge":false,"osm_id":133805238},"geometry":{"type":"LineString","coordinates":[[3.37141,6.51798],[3.371479,6.518254],[3.371755,6.519021]]}},{"type":"Feature","properties":{"highway":"secondary","name":"Bajulaye Road","bridge":false,"osm_id":525043227},"geometry":{"type":"LineString","coordinates":[[3.370879,6.52122],[3.370793,6.520957]]}},{"type":"Feature","properties":{"highway":"secondary","name":"Alakija Street","bridge":false,"osm_id":530724622},"geometry":{"type":"LineString","coordinates":[[3.370939,6.520972],[3.370879,6.52122]]}},{"type":"Feature","properties":{"highway":"secondary","name":"","bridge":false,"osm_id":585433462},"geometry":{"type":"LineString","coordinates":[[3.370866,6.520804],[3.371112,6.520648]]}},{"type":"Feature","properties":{"highway":"secondary","name":"Alakija Street","bridge":false,"osm_id":585433466},"geometry":{"type":"LineString","coordinates":[[3.371112,6.520648],[3.37097,6.520887]]}},{"type":"Feature","properties":{"highway":"secondary","name":"","bridge":false,"osm_id":585433469},"geometry":{"type":"LineString","coordinates":[[3.370836,6.52099],[3.370793,6.520957],[3.370779,6.520874],[3.37082,6.52082],[3.370913,6.520813],[3.370951,6.520843],[3.370965,6.520933],[3.37089,6.520996],[3.370836,6.52099]]}},{"type":"Feature","properties":{"highway":"tertiary","name":"Eletu Odibo Street","bridge":false,"osm_id":585400693},"geometry":{"type":"LineString","coordinates":[[3.38013,6.523293],[3.380767,6.521665]]}},{"type":"Feature","properties":{"highway":"tertiary","name":"Fola Agoro Street","bridge":true,"osm_id":586621042},"geometry":{"type":"LineString","coordinates":[[3.381108,6.523981],[3.38117,6.524074]]}},{"type":"Feature","properties":{"highway":"tertiary","name":"Fola Agoro Street","bridge":false,"osm_id":586621043},"geometry":{"type":"LineString","coordinates":[[3.38013,6.523293],[3.380755,6.523575],[3.380931,6.523733],[3.381108,6.523981]]}},{"type":"Feature","properties":{"highway":"tertiary","name":"Fola Agoro Street","bridge":false,"osm_id":10294856},"geometry":{"type":"LineString","coordinates":[[3.38117,6.524074],[3.381268,6.524248],[3.38134,6.524486],[3.381337,6.525079],[3.380894,6.526611],[3.380798,6.527239],[3.380651,6.52859],[3.38034,6.530439]]}},{"type":"Feature","properties":{"highway":"secondary","name":"Bajulaiye Street","bridge":false,"osm_id":10294857},"geometry":{"type":"LineString","coordinates":[[3.383306,6.533686],[3.382734,6.533078],[3.382536,6.532808],[3.382294,6.532211],[3.381979,6.531601],[3.381375,6.530767],[3.381096,6.53065],[3.38034,6.530439],[3.380032,6.530443],[3.378737,6.530633],[3.37854,6.530597],[3.378276,6.530489],[3.377151,6.5296],[3.376775,6.529469],[3.37633,6.529382],[3.375815,6.52863],[3.375156,6.528145],[3.374851,6.528006]]}},{"type":"Feature","properties":{"highway":"secondary","name":"Bajulaye Road","bridge":false,"osm_id":17066401},"geometry":{"type":"LineString","coordinates":[[3.374851,6.528006],[3.374596,6.527925],[3.374341,6.5278],[3.373991,6.527447],[3.373346,6.526898],[3.372684,6.526119],[3.372335,6.525499],[3.372159,6.52512],[3.372062,6.524839],[3.372026,6.52462],[3.372015,6.524185],[3.371959,6.52397],[3.371664,6.52344],[3.371226,6.522991],[3.371076,6.521492],[3.371026,6.521368],[3.37093,6.521329],[3.370879,6.52122]]}},{"type":"Feature","properties":{"highway":"tertiary","name":"","bridge":false,"osm_id":441712313},"geometry":{"type":"LineString","coordinates":[[3.358382,6.532513],[3.358492,6.532247],[3.358676,6.531924],[3.359121,6.531659]]}},{"type":"Feature","properties":{"highway":"tertiary","name":"","bridge":false,"osm_id":441859330},"geometry":{"type":"LineString","coordinates":[[3.358492,6.532247],[3.357962,6.531917],[3.357281,6.531632],[3.356656,6.531449]]}},{"type":"Feature","properties":{"highway":"tertiary","name":"","bridge":false,"osm_id":585104313},"geometry":{"type":"LineString","coordinates":[[3.356656,6.531449],[3.356451,6.531408]]}},{"type":"Feature","properties":{"highway":"secondary","name":"Majolate St","bridge":false,"osm_id":13644677},"geometry":{"type":"LineString","coordinates":[[3.364377,6.536207],[3.364597,6.534834],[3.364727,6.534286],[3.364912,6.533107],[3.36501,6.533004]]}},{"type":"Feature","properties":{"highway":"motorway_link","name":"","bridge":false,"osm_id":133872484},"geometry":{"type":"LineString","coordinates":[[3.367601,6.533332],[3.367496,6.533869],[3.367433,6.534544],[3.367366,6.534727]]}},{"type":"Feature","properties":{"highway":"motorway_link","name":"","bridge":false,"osm_id":133872500},"geometry":{"type":"LineString","coordinates":[[3.367223,6.536059],[3.367097,6.535901]]}},{"type":"Feature","properties":{"highway":"secondary","name":"Kayode Street","bridge":false,"osm_id":584905481},"geometry":{"type":"LineString","coordinates":[[3.36501,6.533004],[3.36518,6.532931],[3.365683,6.532938],[3.367149,6.532835]]}},{"type":"Feature","properties":{"highway":"motorway_link","name":"","bridge":false,"osm_id":606212716},"geometry":{"type":"LineString","coordinates":[[3.367159,6.53221],[3.367315,6.531881]]}},{"type":"Feature","properties":{"highway":"tertiary","name":"","bridge":false,"osm_id":1157079486},"geometry":{"type":"LineString","coordinates":[[3.363879,6.531956],[3.364364,6.532342]]}},{"type":"Feature","properties":{"highway":"tertiary","name":"Kayode Street","bridge":false,"osm_id":1421774045},"geometry":{"type":"LineString","coordinates":[[3.364364,6.532342],[3.3645,6.532482],[3.36518,6.532931]]}},{"type":"Feature","properties":{"highway":"tertiary","name":"Shipeolu Street","bridge":false,"osm_id":10294873},"geometry":{"type":"LineString","coordinates":[[3.368638,6.532821],[3.368366,6.543781],[3.368374,6.544604],[3.36839,6.544677],[3.368469,6.544706]]}},{"type":"Feature","properties":{"highway":"motorway_link","name":"","bridge":false,"osm_id":133872494},"geometry":{"type":"LineString","coordinates":[[3.367333,6.536658],[3.367382,6.536824],[3.367566,6.538003]]}},{"type":"Feature","properties":{"highway":"secondary","name":"","bridge":false,"osm_id":525339714},"geometry":{"type":"LineString","coordinates":[[3.363593,6.538875],[3.362612,6.540746],[3.362587,6.540917],[3.362504,6.5445],[3.362075,6.546542]]}},{"type":"Feature","properties":{"highway":"tertiary","name":"George Street","bridge":false,"osm_id":585428138},"geometry":{"type":"LineString","coordinates":[[3.36758,6.532755],[3.368638,6.532821]]}},{"type":"Feature","properties":{"highway":"secondary","name":"Majolate St","bridge":false,"osm_id":1324283713},"geometry":{"type":"LineString","coordinates":[[3.363593,6.538875],[3.363868,6.538303],[3.36406,6.537735],[3.364377,6.536207]]}},{"type":"Feature","properties":{"highway":"tertiary","name":"Onisemo Street","bridge":false,"osm_id":525043229},"geometry":{"type":"LineString","coordinates":[[3.374028,6.543891],[3.375005,6.543702],[3.375931,6.543566]]}},{"type":"Feature","properties":{"highway":"tertiary","name":"Onisemo Street","bridge":false,"osm_id":525043231},"geometry":{"type":"LineString","coordinates":[[3.379614,6.541264],[3.380699,6.54067],[3.381196,6.540236],[3.381394,6.540026],[3.382461,6.539182]]}},{"type":"Feature","properties":{"highway":"tertiary","name":"Onisemo Street","bridge":false,"osm_id":528999507},"geometry":{"type":"LineString","coordinates":[[3.375931,6.543566],[3.37684,6.543462],[3.377509,6.543271],[3.377848,6.543145],[3.37839,6.542756]]}},{"type":"Feature","properties":{"highway":"tertiary","name":"Onisemo Street","bridge":true,"osm_id":791933195},"geometry":{"type":"LineString","coordinates":[[3.37839,6.542756],[3.378454,6.54267]]}},{"type":"Feature","properties":{"highway":"tertiary","name":"Onisemo Street","bridge":false,"osm_id":791933196},"geometry":{"type":"LineString","coordinates":[[3.378454,6.54267],[3.379614,6.541264]]}},{"type":"Feature","properties":{"highway":"secondary_link","name":"","bridge":false,"osm_id":693550309},"geometry":{"type":"LineString","coordinates":[[3.385213,6.517747],[3.384836,6.51791],[3.384765,6.517973]]}},{"type":"Feature","properties":{"highway":"secondary","name":"","bridge":false,"osm_id":693550310},"geometry":{"type":"LineString","coordinates":[[3.384657,6.51786],[3.384686,6.517745],[3.384747,6.517679],[3.384932,6.51761]]}},{"type":"Feature","properties":{"highway":"secondary_link","name":"","bridge":false,"osm_id":1508800989},"geometry":{"type":"LineString","coordinates":[[3.385635,6.521284],[3.385577,6.52129]]}},{"type":"Feature","properties":{"highway":"secondary","name":"","bridge":false,"osm_id":217949993},"geometry":{"type":"LineString","coordinates":[[3.391347,6.519056],[3.391332,6.519011],[3.39136,6.518953],[3.391409,6.518938],[3.391466,6.518969],[3.391459,6.519062],[3.391414,6.519084],[3.391347,6.519056]]}},{"type":"Feature","properties":{"highway":"secondary","name":"University Road","bridge":false,"osm_id":217950003},"geometry":{"type":"LineString","coordinates":[[3.395109,6.51865],[3.392741,6.519128],[3.392277,6.519131],[3.391459,6.519062]]}},{"type":"Feature","properties":{"highway":"secondary","name":"University Road","bridge":false,"osm_id":217950007},"geometry":{"type":"LineString","coordinates":[[3.391478,6.518996],[3.392472,6.519081],[3.392809,6.519061],[3.395111,6.518588]]}},{"type":"Feature","properties":{"highway":"tertiary","name":"Ilaje Road","bridge":false,"osm_id":218914795},"geometry":{"type":"LineString","coordinates":[[3.391154,6.53425],[3.391589,6.533874],[3.392164,6.533468],[3.39285,6.532818],[3.393385,6.532378],[3.39451,6.531714],[3.394951,6.53114],[3.395151,6.530704],[3.395407,6.5303],[3.395577,6.530122],[3.396644,6.529316],[3.397658,6.528852],[3.398697,6.528441],[3.398948,6.528385],[3.399903,6.528356]]}},{"type":"Feature","properties":{"highway":"primary","name":"Jagun Molu Street","bridge":false,"osm_id":586290962},"geometry":{"type":"LineString","coordinates":[[3.385523,6.524038],[3.385537,6.524186]]}},{"type":"Feature","properties":{"highway":"primary","name":"Jagun Molu Street","bridge":false,"osm_id":586296115},"geometry":{"type":"LineString","coordinates":[[3.385468,6.524204],[3.385463,6.524038]]}},{"type":"Feature","properties":{"highway":"secondary_link","name":"","bridge":false,"osm_id":1508800991},"geometry":{"type":"LineString","coordinates":[[3.387277,6.529454],[3.387216,6.529488]]}},{"type":"Feature","properties":{"highway":"secondary","name":"","bridge":false,"osm_id":587221955},"geometry":{"type":"LineString","coordinates":[[3.396906,6.518945],[3.396932,6.518885],[3.396979,6.518911],[3.396952,6.518963],[3.396906,6.518945]]}},{"type":"Feature","properties":{"highway":"secondary","name":"University Road","bridge":false,"osm_id":587221957},"geometry":{"type":"LineString","coordinates":[[3.396979,6.518911],[3.39756,6.519116],[3.397852,6.519154],[3.398107,6.519138]]}},{"type":"Feature","properties":{"highway":"secondary","name":"University Road","bridge":false,"osm_id":587221958},"geometry":{"type":"LineString","coordinates":[[3.398107,6.519138],[3.398175,6.519158],[3.398138,6.519214],[3.397731,6.519209],[3.397453,6.519155],[3.396952,6.518963]]}},{"type":"Feature","properties":{"highway":"secondary","name":"","bridge":false,"osm_id":605212418},"geometry":{"type":"LineString","coordinates":[[3.395194,6.518616],[3.395144,6.518668],[3.395099,6.51863],[3.395146,6.518574],[3.395194,6.518616]]}},{"type":"Feature","properties":{"highway":"secondary","name":"University Road","bridge":false,"osm_id":605212419},"geometry":{"type":"LineString","coordinates":[[3.3969,6.518928],[3.396271,6.518678],[3.395958,6.518607],[3.395495,6.518596],[3.395191,6.518637]]}},{"type":"Feature","properties":{"highway":"secondary","name":"University Road","bridge":false,"osm_id":605212420},"geometry":{"type":"LineString","coordinates":[[3.395172,6.518581],[3.395528,6.518524],[3.395964,6.518543],[3.396351,6.518634],[3.396932,6.518885]]}},{"type":"Feature","properties":{"highway":"tertiary","name":"Bariga Road","bridge":false,"osm_id":94968501},"geometry":{"type":"LineString","coordinates":[[3.383499,6.533858],[3.384324,6.534208],[3.385244,6.534527],[3.385924,6.534603],[3.386857,6.534754]]}},{"type":"Feature","properties":{"highway":"tertiary","name":"Bajulaiye Street","bridge":true,"osm_id":94968543},"geometry":{"type":"LineString","coordinates":[[3.383306,6.533686],[3.383499,6.533858]]}},{"type":"Feature","properties":{"highway":"tertiary","name":"","bridge":false,"osm_id":219056613},"geometry":{"type":"LineString","coordinates":[[3.38671,6.535283],[3.386857,6.534754]]}},{"type":"Feature","properties":{"highway":"tertiary","name":"","bridge":false,"osm_id":525043235},"geometry":{"type":"LineString","coordinates":[[3.386098,6.537549],[3.386269,6.537254],[3.386366,6.537149],[3.386398,6.536558],[3.386416,6.536463],[3.386619,6.536056],[3.386632,6.535647],[3.38671,6.535283]]}},{"type":"Feature","properties":{"highway":"tertiary","name":"Igi Olugbin Street","bridge":false,"osm_id":525043232},"geometry":{"type":"LineString","coordinates":[[3.382461,6.539182],[3.383641,6.539135],[3.38441,6.539214],[3.384583,6.539209],[3.384885,6.539134],[3.385044,6.538996],[3.385426,6.538557],[3.385902,6.537951],[3.386098,6.537549]]}},{"type":"Feature","properties":{"highway":"primary_link","name":"","bridge":false,"osm_id":1508800990},"geometry":{"type":"LineString","coordinates":[[3.39382,6.543527],[3.393755,6.543546]]}},{"type":"Feature","properties":{"highway":"tertiary","name":"Miyaki Road","bridge":false,"osm_id":652803431},"geometry":{"type":"LineString","coordinates":[[3.402457,6.545946],[3.402437,6.545291],[3.402522,6.545008],[3.40268,6.544819],[3.403004,6.54456],[3.403224,6.544328],[3.403855,6.5435],[3.404422,6.543039],[3.404903,6.542599],[3.405572,6.542203]]}},{"type":"Feature","properties":{"highway":"motorway_link","name":"","bridge":false,"osm_id":133872483},"geometry":{"type":"LineString","coordinates":[[3.366818,6.550163],[3.36699,6.54939]]}},{"type":"Feature","properties":{"highway":"tertiary","name":"","bridge":false,"osm_id":133872497},"geometry":{"type":"LineString","coordinates":[[3.366765,6.546811],[3.366198,6.546779],[3.365773,6.546792],[3.365518,6.54683],[3.364969,6.547036],[3.362543,6.548133]]}},{"type":"Feature","properties":{"highway":"secondary","name":"Coker Road","bridge":false,"osm_id":1291625180},"geometry":{"type":"LineString","coordinates":[[3.362075,6.546542],[3.362059,6.546595]]}},{"type":"Feature","properties":{"highway":"tertiary","name":"","bridge":false,"osm_id":1462494391},"geometry":{"type":"LineString","coordinates":[[3.366765,6.546811],[3.366893,6.546752]]}},{"type":"Feature","properties":{"highway":"tertiary","name":"","bridge":false,"osm_id":1462494392},"geometry":{"type":"LineString","coordinates":[[3.366887,6.546907],[3.366765,6.546811]]}},{"type":"Feature","properties":{"highway":"secondary","name":"Coker Road","bridge":false,"osm_id":9717699},"geometry":{"type":"LineString","coordinates":[[3.362341,6.556977],[3.362345,6.556535],[3.362404,6.555902],[3.362395,6.555351],[3.362133,6.552983],[3.36203,6.552284]]}},{"type":"Feature","properties":{"highway":"tertiary","name":"Salami Shuaibu Street","bridge":false,"osm_id":94891516},"geometry":{"type":"LineString","coordinates":[[3.368469,6.544706],[3.37036,6.544765],[3.372212,6.544867],[3.372392,6.544828],[3.372735,6.544681],[3.373103,6.544415],[3.373406,6.544146],[3.373619,6.54401],[3.374028,6.543891]]}},{"type":"Feature","properties":{"highway":"motorway_link","name":"","bridge":false,"osm_id":133872486},"geometry":{"type":"LineString","coordinates":[[3.367344,6.549016],[3.367091,6.550336]]}},{"type":"Feature","properties":{"highway":"secondary","name":"","bridge":false,"osm_id":537017495},"geometry":{"type":"LineString","coordinates":[[3.362104,6.551979],[3.362119,6.552056],[3.362088,6.552106],[3.362033,6.552129],[3.361954,6.552098],[3.36193,6.552024],[3.36197,6.551956],[3.362042,6.55194],[3.362104,6.551979]]}},{"type":"Feature","properties":{"highway":"secondary","name":"Coker Road","bridge":false,"osm_id":589129256},"geometry":{"type":"LineString","coordinates":[[3.36197,6.551956],[3.362,6.551797]]}},{"type":"Feature","properties":{"highway":"tertiary","name":"Association Avenue","bridge":false,"osm_id":828117668},"geometry":{"type":"LineString","coordinates":[[3.362543,6.548133],[3.362261,6.548207],[3.361698,6.548174]]}},{"type":"Feature","properties":{"highway":"secondary","name":"Coker Road","bridge":false,"osm_id":828117669},"geometry":{"type":"LineString","coordinates":[[3.361698,6.548174],[3.361646,6.548712],[3.362,6.551797]]}},{"type":"Feature","properties":{"highway":"secondary","name":"Coker Road","bridge":false,"osm_id":1291625179},"geometry":{"type":"LineString","coordinates":[[3.361698,6.548174],[3.36173,6.547938],[3.362059,6.546594]]}},{"type":"Feature","properties":{"highway":"motorway_link","name":"","bridge":false,"osm_id":133872487},"geometry":{"type":"LineString","coordinates":[[3.367053,6.553307],[3.367145,6.553788]]}},{"type":"Feature","properties":{"highway":"secondary","name":"Coker Road","bridge":false,"osm_id":589129257},"geometry":{"type":"LineString","coordinates":[[3.36203,6.552284],[3.362004,6.552127]]}},{"type":"Feature","properties":{"highway":"secondary","name":"","bridge":false,"osm_id":589129258},"geometry":{"type":"LineString","coordinates":[[3.362062,6.552122],[3.36203,6.552284]]}},{"type":"Feature","properties":{"highway":"secondary","name":"","bridge":false,"osm_id":589129259},"geometry":{"type":"LineString","coordinates":[[3.362,6.551797],[3.362055,6.551947]]}},{"type":"Feature","properties":{"highway":"motorway_link","name":"","bridge":false,"osm_id":1462494393},"geometry":{"type":"LineString","coordinates":[[3.366941,6.552282],[3.366789,6.55208]]}},{"type":"Feature","properties":{"highway":"primary","name":"Apapa-Oworonshoki Expressway","bridge":true,"osm_id":220332220},"geometry":{"type":"LineString","coordinates":[[3.379903,6.54816],[3.380117,6.548077]]}},{"type":"Feature","properties":{"highway":"primary","name":"Apapa-Oworonshoki Expressway","bridge":true,"osm_id":220332226},"geometry":{"type":"LineString","coordinates":[[3.380244,6.548398],[3.380036,6.548483]]}},{"type":"Feature","properties":{"highway":"motorway","name":"Apapa-Oworonsoki Expressway","bridge":true,"osm_id":220332246},"geometry":{"type":"LineString","coordinates":[[3.379937,6.548269],[3.380161,6.548183]]}},{"type":"Feature","properties":{"highway":"motorway","name":"Apapa-Oworonsoki Expressway","bridge":true,"osm_id":220332247},"geometry":{"type":"LineString","coordinates":[[3.380201,6.548298],[3.379977,6.548392]]}},{"type":"Feature","properties":{"highway":"primary","name":"Apapa-Oworonshoki Expressway","bridge":false,"osm_id":133875240},"geometry":{"type":"LineString","coordinates":[[3.389021,6.549434],[3.388657,6.549353],[3.388369,6.549245],[3.385945,6.548568],[3.383904,6.5481],[3.383456,6.548027],[3.382987,6.54799],[3.38192,6.54801],[3.381107,6.548131],[3.38072,6.548227],[3.380244,6.548398]]}},{"type":"Feature","properties":{"highway":"motorway","name":"Apapa-Oworonshoki Expressway","bridge":false,"osm_id":134221209},"geometry":{"type":"LineString","coordinates":[[3.394425,6.550638],[3.394216,6.550642],[3.393667,6.550581],[3.393138,6.550477],[3.385956,6.548446],[3.38426,6.54804],[3.383353,6.547908],[3.382924,6.547884],[3.3819,6.547916],[3.381101,6.54803],[3.380201,6.548298]]}},{"type":"Feature","properties":{"highway":"motorway","name":"Apapa-Oworonshoki Expressway","bridge":false,"osm_id":220332219},"geometry":{"type":"LineString","coordinates":[[3.380161,6.548183],[3.380838,6.54796],[3.381804,6.547779],[3.382275,6.547748],[3.382849,6.547756],[3.38388,6.547849],[3.385354,6.548191],[3.393148,6.550234],[3.393635,6.550317],[3.394243,6.550305]]}},{"type":"Feature","properties":{"highway":"primary","name":"Apapa-Oworonshoki Expressway","bridge":false,"osm_id":220332221},"geometry":{"type":"LineString","coordinates":[[3.380036,6.548483],[3.379422,6.54877],[3.379057,6.548984],[3.378253,6.549538],[3.377845,6.54989],[3.374139,6.55361]]}},{"type":"Feature","properties":{"highway":"motorway","name":"Apapa-Oworonsoki Expressway","bridge":false,"osm_id":220332236},"geometry":{"type":"LineString","coordinates":[[3.379977,6.548392],[3.379057,6.548845],[3.37865,6.549111],[3.377866,6.54974],[3.37738,6.550188],[3.374051,6.553532]]}},{"type":"Feature","properties":{"highway":"primary","name":"Apapa-Oworonshoki Expressway","bridge":false,"osm_id":220332242},"geometry":{"type":"LineString","coordinates":[[3.380117,6.548077],[3.380919,6.547828],[3.381809,6.547664],[3.383145,6.547598],[3.383684,6.547648],[3.384186,6.547736],[3.384899,6.547913],[3.389187,6.549115]]}},{"type":"Feature","properties":{"highway":"tertiary","name":"Redemption Crescent","bridge":false,"osm_id":226379029},"geometry":{"type":"LineString","coordinates":[[3.377487,6.550257],[3.378516,6.551675],[3.378728,6.552026],[3.378781,6.552442],[3.378763,6.552634],[3.378669,6.552916],[3.378521,6.553135],[3.377325,6.553993],[3.377073,6.554089],[3.376976,6.554065],[3.376791,6.553948],[3.375556,6.55219]]}},{"type":"Feature","properties":{"highway":"tertiary","name":"Millenium Estate","bridge":false,"osm_id":226379049},"geometry":{"type":"LineString","coordinates":[[3.377254,6.55403],[3.377918,6.55506],[3.378103,6.555438],[3.378301,6.556064],[3.378403,6.556585],[3.378427,6.556894]]}},{"type":"Feature","properties":{"highway":"motorway","name":"Apapa-Oworonsoki Expressway","bridge":false,"osm_id":560546972},"geometry":{"type":"LineString","coordinates":[[3.373946,6.553449],[3.37745,6.549938],[3.378017,6.549431],[3.378414,6.549122],[3.379175,6.548632],[3.379937,6.548269]]}},{"type":"Feature","properties":{"highway":"primary","name":"Apapa-Oworonsoki Expressway","bridge":false,"osm_id":560546973},"geometry":{"type":"LineString","coordinates":[[3.373852,6.553365],[3.377156,6.550046],[3.377856,6.54942],[3.378768,6.548749],[3.379304,6.548429],[3.379903,6.54816]]}},{"type":"Feature","properties":{"highway":"primary","name":"Apapa-Oworonshoki Expressway","bridge":true,"osm_id":560546966},"geometry":{"type":"LineString","coordinates":[[3.371628,6.555595],[3.373852,6.553365]]}},{"type":"Feature","properties":{"highway":"motorway","name":"Apapa-Oworonsoki Expressway","bridge":true,"osm_id":560546967},"geometry":{"type":"LineString","coordinates":[[3.37172,6.55568],[3.373946,6.553449]]}},{"type":"Feature","properties":{"highway":"primary","name":"Apapa-Oworonshoki Expressway","bridge":true,"osm_id":560546970},"geometry":{"type":"LineString","coordinates":[[3.374139,6.55361],[3.371905,6.555846]]}},{"type":"Feature","properties":{"highway":"motorway","name":"Apapa-Oworonsoki Expressway","bridge":true,"osm_id":560546971},"geometry":{"type":"LineString","coordinates":[[3.374051,6.553532],[3.371821,6.555771]]}},{"type":"Feature","properties":{"highway":"motorway","name":"","bridge":false,"osm_id":134221191},"geometry":{"type":"LineString","coordinates":[[3.386407,6.548685],[3.385956,6.548446]]}},{"type":"Feature","properties":{"highway":"motorway_link","name":"","bridge":false,"osm_id":134221200},"geometry":{"type":"LineString","coordinates":[[3.386444,6.548584],[3.385945,6.548568]]}},{"type":"Feature","properties":{"highway":"motorway_link","name":"","bridge":false,"osm_id":134221208},"geometry":{"type":"LineString","coordinates":[[3.384899,6.547913],[3.385354,6.548191]]}},{"type":"Feature","properties":{"highway":"motorway_link","name":"","bridge":false,"osm_id":134221212},"geometry":{"type":"LineString","coordinates":[[3.384863,6.548066],[3.385398,6.548067]]}},{"type":"Feature","properties":{"highway":"primary_link","name":"","bridge":true,"osm_id":134221193},"geometry":{"type":"LineString","coordinates":[[3.39125,6.549478],[3.39131,6.549662],[3.391296,6.549865],[3.391203,6.550047],[3.391074,6.550142]]}},{"type":"Feature","properties":{"highway":"primary_link","name":"","bridge":false,"osm_id":134221195},"geometry":{"type":"LineString","coordinates":[[3.391074,6.550142],[3.390788,6.550205],[3.390605,6.550161],[3.390138,6.549842],[3.389649,6.549611]]}},{"type":"Feature","properties":{"highway":"primary","name":"Diya Street","bridge":false,"osm_id":134221196},"geometry":{"type":"LineString","coordinates":[[3.393102,6.549976],[3.393961,6.548417],[3.394149,6.548137],[3.394471,6.547783],[3.394743,6.547539]]}},{"type":"Feature","properties":{"highway":"motorway_link","name":"","bridge":false,"osm_id":134221197},"geometry":{"type":"LineString","coordinates":[[3.388864,6.549261],[3.388369,6.549245]]}},{"type":"Feature","properties":{"highway":"motorway_link","name":"","bridge":false,"osm_id":134221199},"geometry":{"type":"LineString","coordinates":[[3.388327,6.548877],[3.388874,6.549122]]}},{"type":"Feature","properties":{"highway":"motorway_link","name":"","bridge":false,"osm_id":134221201},"geometry":{"type":"LineString","coordinates":[[3.392373,6.548962],[3.39207,6.548944],[3.391888,6.548994],[3.391733,6.549105],[3.391619,6.549335],[3.391661,6.549615],[3.391773,6.549781],[3.391939,6.549887],[3.392335,6.550034]]}},{"type":"Feature","properties":{"highway":"primary_link","name":"","bridge":false,"osm_id":134221203},"geometry":{"type":"LineString","coordinates":[[3.389187,6.549115],[3.389362,6.549182],[3.389768,6.549259]]}},{"type":"Feature","properties":{"highway":"primary","name":"","bridge":false,"osm_id":134221205},"geometry":{"type":"LineString","coordinates":[[3.392373,6.548962],[3.393059,6.549334]]}},{"type":"Feature","properties":{"highway":"motorway_link","name":"","bridge":false,"osm_id":134221206},"geometry":{"type":"LineString","coordinates":[[3.388295,6.548973],[3.388949,6.549048]]}},{"type":"Feature","properties":{"highway":"motorway_link","name":"","bridge":false,"osm_id":134221210},"geometry":{"type":"LineString","coordinates":[[3.388807,6.54937],[3.388424,6.549133]]}},{"type":"Feature","properties":{"highway":"primary_link","name":"","bridge":false,"osm_id":560546956},"geometry":{"type":"LineString","coordinates":[[3.389768,6.549259],[3.390857,6.549242],[3.391095,6.54932],[3.39125,6.549478]]}},{"type":"Feature","properties":{"highway":"primary_link","name":"","bridge":false,"osm_id":560546957},"geometry":{"type":"LineString","coordinates":[[3.389649,6.549611],[3.389021,6.549434]]}},{"type":"Feature","properties":{"highway":"primary_link","name":"","bridge":false,"osm_id":588314505},"geometry":{"type":"LineString","coordinates":[[3.389187,6.549115],[3.389894,6.549133],[3.390226,6.549101],[3.390526,6.549058],[3.391449,6.548802],[3.39168,6.548787],[3.39191,6.548792],[3.392289,6.548907],[3.392373,6.548962]]}},{"type":"Feature","properties":{"highway":"primary_link","name":"","bridge":false,"osm_id":588528215},"geometry":{"type":"LineString","coordinates":[[3.394618,6.547647],[3.394655,6.547357]]}},{"type":"Feature","properties":{"highway":"primary","name":"","bridge":false,"osm_id":702354521},"geometry":{"type":"LineString","coordinates":[[3.393093,6.549352],[3.393403,6.549458]]}},{"type":"Feature","properties":{"highway":"primary","name":"","bridge":false,"osm_id":702354522},"geometry":{"type":"LineString","coordinates":[[3.393365,6.549527],[3.393152,6.549425],[3.393093,6.549352]]}},{"type":"Feature","properties":{"highway":"primary_link","name":"","bridge":false,"osm_id":702354576},"geometry":{"type":"LineString","coordinates":[[3.393207,6.549784],[3.39321,6.549679],[3.393152,6.549425]]}},{"type":"Feature","properties":{"highway":"primary","name":"Jagun Molu St","bridge":false,"osm_id":702363331},"geometry":{"type":"LineString","coordinates":[[3.394743,6.547539],[3.394597,6.547221]]}},{"type":"Feature","properties":{"highway":"primary","name":"","bridge":false,"osm_id":866250743},"geometry":{"type":"LineString","coordinates":[[3.393093,6.549353],[3.393059,6.549334]]}},{"type":"Feature","properties":{"highway":"motorway_link","name":"","bridge":false,"osm_id":134221194},"geometry":{"type":"LineString","coordinates":[[3.39221,6.55023],[3.391686,6.550124],[3.391458,6.550172],[3.391362,6.550227],[3.391224,6.550398],[3.391189,6.55058],[3.391224,6.55077],[3.391398,6.551055]]}},{"type":"Feature","properties":{"highway":"primary","name":"Diya Street","bridge":true,"osm_id":134221211},"geometry":{"type":"LineString","coordinates":[[3.392765,6.550597],[3.393102,6.549976]]}},{"type":"Feature","properties":{"highway":"motorway_link","name":"F265","bridge":false,"osm_id":134222236},"geometry":{"type":"LineString","coordinates":[[3.394961,6.55057],[3.394425,6.550638]]}},{"type":"Feature","properties":{"highway":"motorway_link","name":"","bridge":false,"osm_id":134222244},"geometry":{"type":"LineString","coordinates":[[3.395226,6.550709],[3.394425,6.550638]]}},{"type":"Feature","properties":{"highway":"motorway_link","name":"F265","bridge":false,"osm_id":134222260},"geometry":{"type":"LineString","coordinates":[[3.394243,6.550305],[3.395145,6.550109]]}},{"type":"Feature","properties":{"highway":"motorway_link","name":"","bridge":false,"osm_id":134222261},"geometry":{"type":"LineString","coordinates":[[3.394243,6.550305],[3.395035,6.550276]]}},{"type":"Feature","properties":{"highway":"primary","name":"Diya Street","bridge":false,"osm_id":588314500},"geometry":{"type":"LineString","coordinates":[[3.394743,6.547539],[3.394952,6.547409],[3.395394,6.547212]]}},{"type":"Feature","properties":{"highway":"primary_link","name":"","bridge":false,"osm_id":588314506},"geometry":{"type":"LineString","coordinates":[[3.391398,6.551055],[3.391026,6.55087],[3.390747,6.55068],[3.390416,6.550428],[3.389904,6.549959],[3.389021,6.549434]]}},{"type":"Feature","properties":{"highway":"primary_link","name":"","bridge":false,"osm_id":702363329},"geometry":{"type":"LineString","coordinates":[[3.394714,6.547318],[3.394952,6.547409]]}},{"type":"Feature","properties":{"highway":"primary","name":"Jagun Molu St","bridge":false,"osm_id":702363330},"geometry":{"type":"LineString","coordinates":[[3.394653,6.547192],[3.394807,6.547489]]}},{"type":"Feature","properties":{"highway":"primary","name":"","bridge":false,"osm_id":134221204},"geometry":{"type":"LineString","coordinates":[[3.391398,6.551055],[3.391912,6.551372]]}},{"type":"Feature","properties":{"highway":"secondary","name":"Diya Street","bridge":false,"osm_id":528999513},"geometry":{"type":"LineString","coordinates":[[3.391673,6.552316],[3.391644,6.552408],[3.390442,6.55374],[3.389612,6.554515],[3.388721,6.555441],[3.388564,6.555716]]}},{"type":"Feature","properties":{"highway":"primary_link","name":"","bridge":false,"osm_id":588317281},"geometry":{"type":"LineString","coordinates":[[3.392086,6.551829],[3.392094,6.551661],[3.392062,6.551484]]}},{"type":"Feature","properties":{"highway":"primary","name":"Diya Street","bridge":false,"osm_id":693550883},"geometry":{"type":"LineString","coordinates":[[3.392238,6.551586],[3.392765,6.550597]]}},{"type":"Feature","properties":{"highway":"primary","name":"","bridge":false,"osm_id":702354523},"geometry":{"type":"LineString","coordinates":[[3.391912,6.551372],[3.392081,6.5514],[3.3923,6.551483]]}},{"type":"Feature","properties":{"highway":"primary","name":"","bridge":false,"osm_id":702354524},"geometry":{"type":"LineString","coordinates":[[3.392238,6.551586],[3.391912,6.551372]]}},{"type":"Feature","properties":{"highway":"secondary","name":"Diya Street","bridge":false,"osm_id":1460817656},"geometry":{"type":"LineString","coordinates":[[3.388488,6.555631],[3.388785,6.555244],[3.390333,6.553761],[3.39158,6.552363],[3.391673,6.552316]]}},{"type":"Feature","properties":{"highway":"primary","name":"Diya Street","bridge":false,"osm_id":1460817657},"geometry":{"type":"LineString","coordinates":[[3.391673,6.552316],[3.391846,6.552149],[3.392238,6.551586]]}},{"type":"Feature","properties":{"highway":"secondary","name":"Diya Street","bridge":true,"osm_id":134221198},"geometry":{"type":"LineString","coordinates":[[3.395394,6.547212],[3.395787,6.547061],[3.39622,6.54697],[3.396605,6.546949],[3.39709,6.546985],[3.397532,6.547093],[3.397911,6.547233],[3.399007,6.547812]]}},{"type":"Feature","properties":{"highway":"secondary","name":"Diya Street","bridge":false,"osm_id":134221207},"geometry":{"type":"LineString","coordinates":[[3.399007,6.547812],[3.399409,6.547927],[3.399821,6.547956],[3.40074,6.547843]]}},{"type":"Feature","properties":{"highway":"motorway_link","name":"F265","bridge":false,"osm_id":134222242},"geometry":{"type":"LineString","coordinates":[[3.397844,6.54666],[3.397726,6.547267],[3.397629,6.548461],[3.397518,6.548876],[3.397371,6.549186]]}},{"type":"Feature","properties":{"highway":"motorway_link","name":"","bridge":false,"osm_id":134222246},"geometry":{"type":"LineString","coordinates":[[3.397315,6.546539],[3.397601,6.546228],[3.397918,6.545801]]}},{"type":"Feature","properties":{"highway":"motorway_link","name":"","bridge":true,"osm_id":134222247},"geometry":{"type":"LineString","coordinates":[[3.395538,6.547067],[3.396046,6.546915],[3.396574,6.546854],[3.396826,6.546797],[3.39707,6.546697],[3.397315,6.546539]]}},{"type":"Feature","properties":{"highway":"motorway_link","name":"F265","bridge":true,"osm_id":134222251},"geometry":{"type":"LineString","coordinates":[[3.395145,6.550109],[3.395548,6.549979],[3.395922,6.54979]]}},{"type":"Feature","properties":{"highway":"motorway_link","name":"","bridge":false,"osm_id":134222252},"geometry":{"type":"LineString","coordinates":[[3.397961,6.546261],[3.397941,6.546782],[3.397991,6.546985]]}},{"type":"Feature","properties":{"highway":"motorway","name":"F265","bridge":false,"osm_id":134222255},"geometry":{"type":"LineString","coordinates":[[3.398863,6.544102],[3.397961,6.546261],[3.397844,6.54666]]}},{"type":"Feature","properties":{"highway":"motorway_link","name":"F265","bridge":false,"osm_id":134222256},"geometry":{"type":"LineString","coordinates":[[3.395922,6.54979],[3.396129,6.54965],[3.396287,6.549498],[3.39644,6.549326],[3.396685,6.548957],[3.396866,6.548561],[3.397311,6.547398]]}},{"type":"Feature","properties":{"highway":"motorway_link","name":"","bridge":false,"osm_id":134222257},"geometry":{"type":"LineString","coordinates":[[3.39887,6.547675],[3.399077,6.547777],[3.399191,6.547871]]}},{"type":"Feature","properties":{"highway":"motorway_link","name":"","bridge":true,"osm_id":134222262},"geometry":{"type":"LineString","coordinates":[[3.397991,6.546985],[3.398145,6.54719],[3.398257,6.547286],[3.39887,6.547675]]}},{"type":"Feature","properties":{"highway":"motorway","name":"F265","bridge":false,"osm_id":215492892},"geometry":{"type":"LineString","coordinates":[[3.397311,6.547398],[3.39773,6.546245],[3.398712,6.544057]]}},{"type":"Feature","properties":{"highway":"motorway_link","name":"","bridge":false,"osm_id":219055754},"geometry":{"type":"LineString","coordinates":[[3.395394,6.547212],[3.395538,6.547067]]}},{"type":"Feature","properties":{"highway":"tertiary","name":"Miyaki Road","bridge":false,"osm_id":135176575},"geometry":{"type":"LineString","coordinates":[[3.4038,6.548919],[3.40368,6.548483],[3.40344,6.547878],[3.402932,6.547207],[3.402689,6.546809],[3.40257,6.546473],[3.402457,6.545946]]}},{"type":"Feature","properties":{"highway":"tertiary","name":"Oworo Road","bridge":false,"osm_id":588314503},"geometry":{"type":"LineString","coordinates":[[3.401711,6.549508],[3.4038,6.548919]]}},{"type":"Feature","properties":{"highway":"tertiary","name":"Oworo Road","bridge":false,"osm_id":588314504},"geometry":{"type":"LineString","coordinates":[[3.4038,6.548919],[3.404687,6.548775],[3.405064,6.54876],[3.40639,6.54849]]}},{"type":"Feature","properties":{"highway":"tertiary","name":"Adams Street","bridge":false,"osm_id":828131609},"geometry":{"type":"LineString","coordinates":[[3.401711,6.549508],[3.401387,6.548956]]}},{"type":"Feature","properties":{"highway":"motorway_link","name":"F265","bridge":true,"osm_id":134222263},"geometry":{"type":"LineString","coordinates":[[3.397371,6.549186],[3.397249,6.549406],[3.397016,6.549697],[3.396738,6.549948],[3.396406,6.55016],[3.395956,6.550374],[3.395775,6.550426],[3.395352,6.55052],[3.394961,6.55057]]}},{"type":"Feature","properties":{"highway":"motorway_link","name":"","bridge":true,"osm_id":134222265},"geometry":{"type":"LineString","coordinates":[[3.395035,6.550276],[3.395356,6.550261],[3.395855,6.55032],[3.396323,6.550469],[3.39672,6.550688],[3.397036,6.551009],[3.397232,6.551348],[3.397304,6.551659],[3.397295,6.552135]]}},{"type":"Feature","properties":{"highway":"tertiary","name":"Oworo Road","bridge":false,"osm_id":134223844},"geometry":{"type":"LineString","coordinates":[[3.397388,6.551492],[3.398573,6.551685],[3.39891,6.551543],[3.399625,6.551077],[3.39989,6.550342],[3.400007,6.550178],[3.400111,6.550115],[3.400623,6.549953],[3.401711,6.549508]]}},{"type":"Feature","properties":{"highway":"motorway","name":"Third Axial Road","bridge":false,"osm_id":134230112},"geometry":{"type":"LineString","coordinates":[[3.395548,6.563456],[3.395371,6.562345],[3.395312,6.561699],[3.395333,6.560377],[3.395446,6.559574],[3.395628,6.558763],[3.396202,6.556828],[3.396539,6.555344],[3.396633,6.554715],[3.396728,6.553354],[3.39672,6.55171],[3.396813,6.550059],[3.397003,6.548759],[3.397311,6.547398]]}},{"type":"Feature","properties":{"highway":"motorway","name":"Third Axial Road","bridge":false,"osm_id":215492896},"geometry":{"type":"LineString","coordinates":[[3.397844,6.54666],[3.397404,6.548003],[3.397162,6.549085],[3.39706,6.549804],[3.397,6.550477],[3.396965,6.553371],[3.396847,6.554879],[3.396685,6.555805],[3.396502,6.556636],[3.395773,6.559109],[3.395623,6.559844],[3.395558,6.56043],[3.395526,6.561113],[3.395555,6.562107],[3.395651,6.562888],[3.395762,6.563415]]}},{"type":"Feature","properties":{"highway":"tertiary","name":"Adams Street","bridge":false,"osm_id":656066128},"geometry":{"type":"LineString","coordinates":[[3.40074,6.547843],[3.401129,6.548584],[3.401387,6.548956]]}},{"type":"Feature","properties":{"highway":"motorway_link","name":"","bridge":false,"osm_id":134222248},"geometry":{"type":"LineString","coordinates":[[3.397295,6.552135],[3.397238,6.552428],[3.396965,6.553371]]}},{"type":"Feature","properties":{"highway":"motorway_link","name":"","bridge":false,"osm_id":134222249},"geometry":{"type":"LineString","coordinates":[[3.39671,6.552204],[3.396557,6.551755],[3.396384,6.551442],[3.396154,6.55118],[3.39567,6.550846]]}},{"type":"Feature","properties":{"highway":"motorway_link","name":"","bridge":true,"osm_id":134222254},"geometry":{"type":"LineString","coordinates":[[3.39567,6.550846],[3.395226,6.550709]]}},{"type":"Feature","properties":{"highway":"tertiary","name":"Offin Road","bridge":false,"osm_id":158052991},"geometry":{"type":"LineString","coordinates":[[3.500347,6.540499],[3.500006,6.541118],[3.499939,6.541425],[3.499998,6.542016],[3.500055,6.542227],[3.500158,6.542428],[3.500824,6.543102],[3.503199,6.545259],[3.503816,6.545769],[3.504409,6.546427],[3.504856,6.54708],[3.505854,6.548708],[3.506493,6.549674],[3.506839,6.550324],[3.507733,6.551753],[3.5084,6.552742],[3.509169,6.553989],[3.509256,6.554257],[3.509286,6.554525],[3.509237,6.555723],[3.509254,6.556032],[3.509453,6.556541],[3.509711,6.55699],[3.510312,6.557727],[3.51056,6.558197],[3.51067,6.558577],[3.510715,6.558872],[3.510712,6.559244],[3.51067,6.559535],[3.510698,6.560192],[3.510947,6.560723],[3.511104,6.560954],[3.512233,6.562379],[3.51262,6.562778],[3.513239,6.563344],[3.51376,6.563991],[3.513962,6.564362],[3.514026,6.564567],[3.514122,6.565137],[3.514022,6.565862],[3.514004,6.5664],[3.51414,6.566928],[3.51429,6.567194],[3.514548,6.567546],[3.515142,6.568223],[3.515853,6.568958],[3.516824,6.569684],[3.516998,6.5698],[3.518117,6.570286],[3.518575,6.570408],[3.519196,6.570523]]}},{"type":"Feature","properties":{"highway":"secondary","name":"Ibeshe Road","bridge":false,"osm_id":538323265},"geometry":{"type":"LineString","coordinates":[[3.49318,6.600518],[3.493201,6.600228],[3.493464,6.598733],[3.493488,6.596931],[3.493565,6.596095],[3.493556,6.595899],[3.493519,6.595608],[3.492812,6.592616],[3.492588,6.59151],[3.492416,6.589248],[3.492418,6.588806],[3.492621,6.58661],[3.492571,6.586163],[3.492459,6.585847],[3.492142,6.585147],[3.49198,6.584857],[3.491771,6.584616],[3.490932,6.583978],[3.490689,6.583717],[3.489993,6.582684],[3.489654,6.582067],[3.489461,6.58149],[3.489046,6.57995],[3.488945,6.579322],[3.488912,6.578138],[3.488851,6.577676],[3.488777,6.577433],[3.488653,6.577177],[3.487872,6.575858],[3.483998,6.571862],[3.481444,6.569614],[3.479667,6.56819],[3.479252,6.567795],[3.478666,6.567118],[3.477793,6.565948],[3.477578,6.565574],[3.477405,6.565121],[3.476965,6.562652],[3.476864,6.562305],[3.476707,6.561982],[3.475746,6.560375],[3.475619,6.559978],[3.475584,6.559587],[3.475641,6.55867],[3.475898,6.557096],[3.475936,6.556714],[3.475922,6.55594],[3.475859,6.555188],[3.475769,6.554942],[3.475352,6.554122],[3.475146,6.553774],[3.474857,6.553464],[3.474651,6.553301],[3.474454,6.553219],[3.473505,6.553061],[3.473315,6.552998],[3.473044,6.55275],[3.473033,6.552678]]}},{"type":"Feature","properties":{"highway":"secondary","name":"Ibeshe Road","bridge":false,"osm_id":578142385},"geometry":{"type":"LineString","coordinates":[[3.473033,6.552678],[3.473098,6.552691],[3.473353,6.552926],[3.473462,6.552966],[3.47446,6.553143],[3.474673,6.553242],[3.47492,6.553407],[3.475079,6.553549],[3.475223,6.553745],[3.475902,6.555019],[3.475956,6.555228],[3.475985,6.555582],[3.476021,6.55672],[3.47597,6.557197],[3.475724,6.558647],[3.475668,6.559577],[3.475702,6.559953],[3.475779,6.560223],[3.476054,6.560735],[3.476766,6.56192],[3.476972,6.562363],[3.477098,6.562902],[3.477431,6.564882],[3.47754,6.565289],[3.47777,6.565772],[3.478034,6.566162],[3.479311,6.567731],[3.479752,6.568146],[3.48098,6.569122],[3.481812,6.569829],[3.483995,6.571754],[3.487013,6.57488],[3.487743,6.575586],[3.487923,6.575799],[3.48873,6.577147],[3.488937,6.577655],[3.488999,6.578122],[3.489001,6.578568],[3.48909,6.579678],[3.489554,6.581468],[3.489739,6.582031],[3.48987,6.582294],[3.490306,6.583],[3.490832,6.583758],[3.49098,6.583898],[3.491614,6.584374],[3.491989,6.584717],[3.492217,6.5851],[3.492618,6.586],[3.492688,6.586223],[3.49271,6.58663],[3.492523,6.588896],[3.492668,6.591502],[3.492894,6.592667],[3.493559,6.595382],[3.493639,6.595939],[3.493581,6.596934],[3.49355,6.598755],[3.493282,6.600236],[3.493284,6.600479]]}},{"type":"Feature","properties":{"highway":"tertiary","name":"Offin Oreta Road","bridge":false,"osm_id":794999007},"geometry":{"type":"LineString","coordinates":[[3.500347,6.540499],[3.500664,6.540379],[3.501262,6.539998],[3.501648,6.539829],[3.501844,6.539701],[3.502565,6.539346],[3.502921,6.539309],[3.503479,6.539153],[3.504628,6.539039],[3.504988,6.538921],[3.505312,6.53873],[3.505929,6.538218],[3.507476,6.537388],[3.508017,6.536989],[3.508395,6.536792],[3.50887,6.536458],[3.509882,6.535941]]}},{"type":"Feature","properties":{"highway":"trunk","name":"Agege Motor Road","bridge":false,"osm_id":746512955},"geometry":{"type":"LineString","coordinates":[[3.342926,6.577263],[3.343331,6.576215],[3.344649,6.573062],[3.345075,6.57191],[3.346591,6.568292],[3.347988,6.564726],[3.349176,6.561895],[3.349894,6.560082],[3.35121,6.557012],[3.351873,6.55534],[3.352028,6.555022],[3.356818,6.5433],[3.35694,6.542896],[3.356975,6.542729],[3.356996,6.542257],[3.356876,6.541782],[3.35668,6.541419],[3.355436,6.539611],[3.354847,6.538821],[3.354566,6.538382],[3.352736,6.535505],[3.3525,6.535102],[3.352326,6.534608],[3.352271,6.534242],[3.35233,6.533482],[3.353424,6.529782],[3.353972,6.528057],[3.354125,6.527705],[3.35435,6.527395],[3.354485,6.527258],[3.354694,6.527076],[3.355002,6.526898],[3.355259,6.526803],[3.357016,6.526458],[3.359048,6.5262],[3.359244,6.526147],[3.359476,6.526036],[3.359926,6.52573],[3.361806,6.524303],[3.362447,6.52377],[3.362712,6.523509],[3.36316,6.522942],[3.36402,6.521484],[3.364657,6.52032],[3.364988,6.51979],[3.365214,6.519314],[3.36529,6.519074],[3.365334,6.518687],[3.365343,6.517618],[3.36515,6.516706]]}},{"type":"Feature","properties":{"highway":"tertiary","name":"Adekunle Fajuyi Way","bridge":false,"osm_id":7650792},"geometry":{"type":"LineString","coordinates":[[3.34215,6.580726],[3.343261,6.578078],[3.344931,6.573744],[3.345718,6.571973],[3.345867,6.571844],[3.34635,6.571624],[3.350307,6.569947],[3.350905,6.569726],[3.351151,6.569675],[3.351389,6.569684],[3.35156,6.569732],[3.35365,6.570526],[3.355811,6.57141],[3.362358,6.573978]]}},{"type":"Feature","properties":{"highway":"trunk","name":"Agege Motor Road","bridge":false,"osm_id":133805221},"geometry":{"type":"LineString","coordinates":[[3.365508,6.517649],[3.365457,6.518711],[3.365388,6.519108],[3.365136,6.519701],[3.364725,6.520356],[3.363223,6.522988],[3.362736,6.523582],[3.362402,6.523907],[3.359965,6.525795],[3.359382,6.52618],[3.358837,6.526323],[3.356828,6.526561],[3.355282,6.526852],[3.354778,6.527102],[3.354517,6.527313],[3.354295,6.527555],[3.354058,6.527998],[3.353405,6.530096],[3.352439,6.533404],[3.352357,6.533766],[3.352339,6.534136],[3.352366,6.534469],[3.352629,6.535195],[3.35287,6.535608],[3.354926,6.538804],[3.356377,6.540812],[3.356869,6.541562],[3.357018,6.541959],[3.357087,6.542395],[3.357085,6.542639],[3.356994,6.543019],[3.356518,6.54428],[3.355197,6.547557],[3.350986,6.557736],[3.350245,6.559767],[3.349761,6.560903],[3.349555,6.561492],[3.348286,6.564478],[3.347379,6.566764],[3.347153,6.567272],[3.34657,6.568834],[3.345873,6.570466],[3.342194,6.579542],[3.341748,6.58056],[3.341045,6.582405],[3.340569,6.58352],[3.339068,6.587279],[3.338524,6.588565],[3.337972,6.590047],[3.33688,6.592698]]}},{"type":"Feature","properties":{"highway":"trunk","name":"Agege Motor Road","bridge":false,"osm_id":133805230},"geometry":{"type":"LineString","coordinates":[[3.333138,6.601421],[3.333813,6.599887],[3.335604,6.595205],[3.336632,6.592828],[3.337436,6.590865],[3.337818,6.590023],[3.338178,6.589122],[3.3383,6.588636],[3.338598,6.587855],[3.338879,6.587227],[3.339377,6.585922],[3.339934,6.584592],[3.340188,6.584055],[3.340814,6.582486],[3.340884,6.582375],[3.342027,6.579453],[3.342926,6.577263]]}},{"type":"Feature","properties":{"highway":"secondary","name":"Kudirat Abiola Way","bridge":false,"osm_id":136326593},"geometry":{"type":"LineString","coordinates":[[3.352563,6.609776],[3.3527,6.609688],[3.353811,6.609198],[3.354339,6.609002],[3.354869,6.608906],[3.355551,6.608839],[3.356738,6.608482],[3.357489,6.60815],[3.357802,6.607979],[3.358438,6.607531],[3.361146,6.605121],[3.361314,6.604902],[3.362028,6.603714],[3.362637,6.602799],[3.363513,6.601569],[3.364108,6.60085],[3.364613,6.600353],[3.365865,6.599285],[3.366794,6.598288],[3.367248,6.597758],[3.36858,6.596624],[3.369797,6.59542],[3.370783,6.594367],[3.372104,6.592819],[3.372892,6.592066],[3.373671,6.591393],[3.37397,6.591017],[3.37445,6.590309],[3.374877,6.589959],[3.375108,6.589838],[3.375333,6.589768],[3.376332,6.589633],[3.376818,6.589454],[3.378345,6.588674],[3.378875,6.588457],[3.378962,6.588374],[3.378961,6.588204]]}},{"type":"Feature","properties":{"highway":"secondary","name":"Kudirat Abiola Way","bridge":false,"osm_id":136333548},"geometry":{"type":"LineString","coordinates":[[3.379317,6.588677],[3.37913,6.588512],[3.37901,6.588501],[3.378389,6.58876],[3.376608,6.589674],[3.376351,6.589735],[3.375353,6.589853],[3.375141,6.589919],[3.374924,6.590032],[3.374516,6.590367],[3.374038,6.591072],[3.373736,6.591452],[3.372928,6.59217],[3.372191,6.592887],[3.371673,6.593448],[3.370547,6.594762],[3.36986,6.595481],[3.368523,6.596792],[3.367325,6.597818],[3.366078,6.599183],[3.36414,6.600912],[3.363718,6.601415],[3.363051,6.602334],[3.362089,6.60376],[3.361552,6.604668],[3.361218,6.605156],[3.360183,6.606104],[3.358417,6.607637],[3.35783,6.608056],[3.357422,6.608278],[3.356502,6.608671],[3.356036,6.608818],[3.355517,6.608936],[3.354672,6.609005],[3.354444,6.609055],[3.353044,6.609619],[3.352743,6.60976],[3.352624,6.609846]]}},{"type":"Feature","properties":{"highway":"secondary","name":"Works Road","bridge":false,"osm_id":7650798},"geometry":{"type":"LineString","coordinates":[[3.347904,6.582991],[3.341748,6.58056]]}},{"type":"Feature","properties":{"highway":"secondary","name":"","bridge":false,"osm_id":134398952},"geometry":{"type":"LineString","coordinates":[[3.33411,6.583358],[3.333973,6.583375],[3.333899,6.583316],[3.333888,6.583177],[3.333962,6.583102],[3.334067,6.583094],[3.334152,6.58316],[3.334171,6.583267],[3.33411,6.583358]]}},{"type":"Feature","properties":{"highway":"secondary","name":"Airport Road","bridge":false,"osm_id":134398956},"geometry":{"type":"LineString","coordinates":[[3.333888,6.583177],[3.333934,6.582971],[3.33401,6.576747],[3.333964,6.573992]]}},{"type":"Feature","properties":{"highway":"secondary","name":"Airport Road","bridge":false,"osm_id":134398963},"geometry":{"type":"LineString","coordinates":[[3.334159,6.573932],[3.334124,6.574092],[3.334017,6.582926],[3.334033,6.583013],[3.334115,6.583118]]}},{"type":"Feature","properties":{"highway":"tertiary","name":"","bridge":false,"osm_id":535191759},"geometry":{"type":"LineString","coordinates":[[3.33778,6.572184],[3.337815,6.573006],[3.3379,6.573389],[3.337864,6.573758],[3.337976,6.575049],[3.338085,6.57803],[3.338115,6.578167],[3.338301,6.58127],[3.338496,6.58148],[3.34052,6.582642]]}},{"type":"Feature","properties":{"highway":"tertiary","name":"Oba Akinjobi Street","bridge":false,"osm_id":4931419},"geometry":{"type":"LineString","coordinates":[[3.34944,6.579257],[3.349128,6.57995],[3.34694,6.585391],[3.346683,6.586379],[3.346477,6.586954],[3.346086,6.587859],[3.345776,6.588746],[3.345128,6.590378],[3.345048,6.590563],[3.344911,6.590771],[3.344594,6.591104]]}},{"type":"Feature","properties":{"highway":"primary","name":"Mobolaji Bank-Anthony Way","bridge":false,"osm_id":8164363},"geometry":{"type":"LineString","coordinates":[[3.360431,6.579237],[3.359158,6.582491],[3.356965,6.58775],[3.356685,6.588272],[3.35643,6.588612],[3.35592,6.589148],[3.355626,6.589391],[3.355176,6.589693],[3.354879,6.589875],[3.354566,6.59001],[3.353672,6.590268],[3.350858,6.590844],[3.350241,6.591002],[3.349759,6.591164],[3.348724,6.591695],[3.345664,6.59344],[3.344932,6.593811],[3.344614,6.59392],[3.344405,6.593946],[3.344242,6.593941],[3.344086,6.593858]]}},{"type":"Feature","properties":{"highway":"tertiary","name":"Sobo Arobiodu Street","bridge":false,"osm_id":136420250},"geometry":{"type":"LineString","coordinates":[[3.355093,6.577015],[3.350972,6.575336],[3.350889,6.57532],[3.350705,6.575346],[3.350352,6.575474],[3.35011,6.575607],[3.349979,6.575745],[3.349065,6.577995],[3.349046,6.578154],[3.349067,6.578281],[3.349209,6.578681]]}},{"type":"Feature","properties":{"highway":"tertiary","name":"","bridge":false,"osm_id":136420265},"geometry":{"type":"LineString","coordinates":[[3.355236,6.577243],[3.355244,6.577154],[3.355342,6.577064],[3.355459,6.577076],[3.355535,6.57717],[3.35553,6.577264],[3.355446,6.577352],[3.355335,6.577354],[3.355236,6.577243]]}},{"type":"Feature","properties":{"highway":"tertiary","name":"Oba Akinjobi Street","bridge":false,"osm_id":136420242},"geometry":{"type":"LineString","coordinates":[[3.34944,6.579257],[3.349435,6.57917],[3.349372,6.579086]]}},{"type":"Feature","properties":{"highway":"tertiary","name":"Oba Akinjobi Street","bridge":false,"osm_id":136420243},"geometry":{"type":"LineString","coordinates":[[3.349482,6.579028],[3.349484,6.579157],[3.34944,6.579257]]}},{"type":"Feature","properties":{"highway":"tertiary","name":"Sobo Arobiodu Street","bridge":false,"osm_id":136420249},"geometry":{"type":"LineString","coordinates":[[3.349257,6.578916],[3.349209,6.578681]]}},{"type":"Feature","properties":{"highway":"tertiary","name":"Sobo Arobiodu Street","bridge":false,"osm_id":136420251},"geometry":{"type":"LineString","coordinates":[[3.349209,6.578681],[3.349429,6.578846]]}},{"type":"Feature","properties":{"highway":"tertiary","name":"","bridge":false,"osm_id":136420263},"geometry":{"type":"LineString","coordinates":[[3.349334,6.579079],[3.349256,6.578999],[3.349257,6.578916],[3.349315,6.57885],[3.349429,6.578846],[3.349494,6.578915],[3.34949,6.579016],[3.349415,6.57908],[3.349334,6.579079]]}},{"type":"Feature","properties":{"highway":"tertiary","name":"Sobo Arobiodu Street","bridge":false,"osm_id":136426177},"geometry":{"type":"LineString","coordinates":[[3.355093,6.577015],[3.355342,6.577064]]}},{"type":"Feature","properties":{"highway":"tertiary","name":"Sobo Arobiodu Street","bridge":false,"osm_id":136426204},"geometry":{"type":"LineString","coordinates":[[3.355236,6.577243],[3.355189,6.577106],[3.355093,6.577015]]}},{"type":"Feature","properties":{"highway":"secondary","name":"Airport Road","bridge":false,"osm_id":134398957},"geometry":{"type":"LineString","coordinates":[[3.333637,6.586388],[3.333776,6.586225],[3.333835,6.58611],[3.333858,6.585982],[3.333931,6.583535],[3.333899,6.583316]]}},{"type":"Feature","properties":{"highway":"secondary","name":"Airport Road","bridge":false,"osm_id":134398958},"geometry":{"type":"LineString","coordinates":[[3.334051,6.589225],[3.333814,6.588419],[3.333524,6.586608]]}},{"type":"Feature","properties":{"highway":"secondary_link","name":"","bridge":false,"osm_id":134398959},"geometry":{"type":"LineString","coordinates":[[3.333637,6.586388],[3.333729,6.586383],[3.333804,6.586461]]}},{"type":"Feature","properties":{"highway":"primary","name":"","bridge":false,"osm_id":134398962},"geometry":{"type":"LineString","coordinates":[[3.334255,6.589356],[3.334179,6.589393],[3.334097,6.589373],[3.334042,6.589267],[3.334071,6.589192],[3.334144,6.58915],[3.334239,6.589171],[3.334286,6.589241],[3.334255,6.589356]]}},{"type":"Feature","properties":{"highway":"secondary","name":"Airport Road","bridge":false,"osm_id":134398966},"geometry":{"type":"LineString","coordinates":[[3.333716,6.586681],[3.333664,6.58678],[3.333643,6.586906],[3.333761,6.587524],[3.333879,6.588377],[3.333954,6.588675],[3.334089,6.588998],[3.334208,6.589158]]}},{"type":"Feature","properties":{"highway":"secondary","name":"Airport Road","bridge":false,"osm_id":134398967},"geometry":{"type":"LineString","coordinates":[[3.33411,6.583358],[3.334044,6.583434],[3.334006,6.583555],[3.333963,6.58591],[3.333804,6.586461]]}},{"type":"Feature","properties":{"highway":"secondary","name":"","bridge":false,"osm_id":613947886},"geometry":{"type":"LineString","coordinates":[[3.333804,6.586461],[3.333781,6.586577],[3.333716,6.586681]]}},{"type":"Feature","properties":{"highway":"secondary","name":"","bridge":false,"osm_id":613947887},"geometry":{"type":"LineString","coordinates":[[3.333524,6.586608],[3.333529,6.586498],[3.333568,6.586416],[3.333637,6.586388]]}},{"type":"Feature","properties":{"highway":"secondary_link","name":"","bridge":false,"osm_id":613947888},"geometry":{"type":"LineString","coordinates":[[3.333716,6.586681],[3.333593,6.586686],[3.333524,6.586608]]}},{"type":"Feature","properties":{"highway":"trunk_link","name":"","bridge":false,"osm_id":1239005724},"geometry":{"type":"LineString","coordinates":[[3.33804,6.589466],[3.337777,6.589351]]}},{"type":"Feature","properties":{"highway":"trunk_link","name":"","bridge":false,"osm_id":1239005725},"geometry":{"type":"LineString","coordinates":[[3.337817,6.589268],[3.338079,6.589368]]}},{"type":"Feature","properties":{"highway":"trunk_link","name":"","bridge":false,"osm_id":1303377499},"geometry":{"type":"LineString","coordinates":[[3.339934,6.584592],[3.340108,6.584658]]}},{"type":"Feature","properties":{"highway":"primary","name":"Mobolaji Bank-Anthony Way","bridge":true,"osm_id":134396662},"geometry":{"type":"LineString","coordinates":[[3.341125,6.591626],[3.342185,6.592051],[3.342514,6.592241],[3.342918,6.592643],[3.343609,6.59351],[3.343894,6.593718],[3.344114,6.593791]]}},{"type":"Feature","properties":{"highway":"primary","name":"Airport Road","bridge":false,"osm_id":134396665},"geometry":{"type":"LineString","coordinates":[[3.33428,6.589227],[3.334458,6.589325],[3.335295,6.589357],[3.335746,6.589421],[3.337664,6.590174]]}},{"type":"Feature","properties":{"highway":"primary","name":"Mobolaji Bank-Anthony Way","bridge":true,"osm_id":134396672},"geometry":{"type":"LineString","coordinates":[[3.344086,6.593858],[3.343754,6.593716],[3.343569,6.593558],[3.343303,6.593266],[3.342877,6.592669],[3.342624,6.592396],[3.342437,6.592247],[3.342204,6.592116],[3.341109,6.591668]]}},{"type":"Feature","properties":{"highway":"primary","name":"Airport Road","bridge":false,"osm_id":134396673},"geometry":{"type":"LineString","coordinates":[[3.337604,6.590319],[3.335681,6.589549],[3.335391,6.589464],[3.334197,6.589388]]}},{"type":"Feature","properties":{"highway":"secondary","name":"Oba Akran Avenue","bridge":true,"osm_id":134396677},"geometry":{"type":"LineString","coordinates":[[3.341531,6.595595],[3.341443,6.596022],[3.341138,6.596828],[3.340804,6.597497],[3.340231,6.59851]]}},{"type":"Feature","properties":{"highway":"secondary","name":"Oba Akran Avenue","bridge":true,"osm_id":134396678},"geometry":{"type":"LineString","coordinates":[[3.340197,6.598484],[3.340749,6.597484],[3.341174,6.596621],[3.341402,6.595995],[3.341495,6.595589]]}},{"type":"Feature","properties":{"highway":"primary","name":"","bridge":false,"osm_id":134396679},"geometry":{"type":"LineString","coordinates":[[3.34096,6.591501],[3.342141,6.59195],[3.342539,6.59215],[3.342617,6.592222]]}},{"type":"Feature","properties":{"highway":"secondary","name":"Kodesoh Street","bridge":false,"osm_id":134396680},"geometry":{"type":"LineString","coordinates":[[3.341495,6.595589],[3.341558,6.595148],[3.341642,6.594834],[3.34212,6.593558],[3.342554,6.59264],[3.342546,6.592442]]}},{"type":"Feature","properties":{"highway":"trunk_link","name":"","bridge":false,"osm_id":134398960},"geometry":{"type":"LineString","coordinates":[[3.337144,6.591576],[3.336968,6.591331],[3.336402,6.591041],[3.336316,6.59092],[3.336142,6.590103],[3.336024,6.589826],[3.335844,6.589641],[3.335536,6.589506]]}},{"type":"Feature","properties":{"highway":"trunk_link","name":"","bridge":false,"osm_id":134398964},"geometry":{"type":"LineString","coordinates":[[3.337818,6.590023],[3.337864,6.589668],[3.337848,6.589527],[3.337777,6.589351],[3.337509,6.58923],[3.337226,6.589165],[3.337054,6.589208],[3.336915,6.589304],[3.336829,6.589453],[3.336829,6.589602],[3.336889,6.589747],[3.337001,6.589849],[3.337246,6.590002]]}},{"type":"Feature","properties":{"highway":"trunk_link","name":"","bridge":false,"osm_id":134398968},"geometry":{"type":"LineString","coordinates":[[3.335746,6.589421],[3.336142,6.589529],[3.336454,6.589485],[3.33684,6.58922],[3.337176,6.589084],[3.337416,6.589126],[3.337817,6.589268],[3.337904,6.589256],[3.338056,6.589156],[3.3383,6.588636]]}},{"type":"Feature","properties":{"highway":"secondary","name":"","bridge":false,"osm_id":134404783},"geometry":{"type":"LineString","coordinates":[[3.341654,6.595075],[3.34155,6.595776],[3.341482,6.59604],[3.341123,6.596964],[3.34114,6.597066]]}},{"type":"Feature","properties":{"highway":"tertiary","name":"Akinremi Street","bridge":false,"osm_id":134404804},"geometry":{"type":"LineString","coordinates":[[3.338031,6.596067],[3.337997,6.596754],[3.337894,6.597402],[3.337541,6.598487],[3.337113,6.600639],[3.336944,6.600613]]}},{"type":"Feature","properties":{"highway":"secondary","name":"","bridge":false,"osm_id":134404818},"geometry":{"type":"LineString","coordinates":[[3.340916,6.596964],[3.341108,6.59663],[3.341236,6.596334],[3.341424,6.59572],[3.341558,6.595148]]}},{"type":"Feature","properties":{"highway":"tertiary","name":"Adegbola Street","bridge":false,"osm_id":513644934},"geometry":{"type":"LineString","coordinates":[[3.334401,6.599762],[3.335581,6.596838],[3.335908,6.595961],[3.335973,6.595871],[3.336244,6.595914]]}},{"type":"Feature","properties":{"highway":"secondary","name":"Kodesoh Street","bridge":false,"osm_id":540869115},"geometry":{"type":"LineString","coordinates":[[3.342686,6.5925],[3.342187,6.593604],[3.341862,6.594408],[3.341654,6.595075],[3.341531,6.595595]]}},{"type":"Feature","properties":{"highway":"primary","name":"","bridge":false,"osm_id":540869118},"geometry":{"type":"LineString","coordinates":[[3.342519,6.592351],[3.342208,6.592169],[3.340917,6.591627]]}},{"type":"Feature","properties":{"highway":"tertiary","name":"","bridge":false,"osm_id":1157269487},"geometry":{"type":"LineString","coordinates":[[3.339678,6.596297],[3.338935,6.596083],[3.336736,6.596011],[3.33627,6.595944],[3.336244,6.595914]]}},{"type":"Feature","properties":{"highway":"tertiary","name":"","bridge":false,"osm_id":1157269488},"geometry":{"type":"LineString","coordinates":[[3.336255,6.595798],[3.336314,6.595752],[3.336969,6.595841],[3.338942,6.595962],[3.339446,6.596092],[3.339661,6.596183],[3.339775,6.596279]]}},{"type":"Feature","properties":{"highway":"primary","name":"","bridge":false,"osm_id":1157269490},"geometry":{"type":"LineString","coordinates":[[3.339832,6.596393],[3.339565,6.596236],[3.339349,6.596155]]}},{"type":"Feature","properties":{"highway":"primary","name":"Ikeja Flyover Bridge","bridge":true,"osm_id":1262784042},"geometry":{"type":"LineString","coordinates":[[3.335711,6.595559],[3.335918,6.595709]]}},{"type":"Feature","properties":{"highway":"primary","name":"Ikeja Flyover Bridge","bridge":true,"osm_id":1262784043},"geometry":{"type":"LineString","coordinates":[[3.335903,6.595774],[3.335803,6.595744],[3.335631,6.595749]]}},{"type":"Feature","properties":{"highway":"primary","name":"","bridge":false,"osm_id":1306493109},"geometry":{"type":"LineString","coordinates":[[3.339429,6.596126],[3.339886,6.596344]]}},{"type":"Feature","properties":{"highway":"trunk","name":"Agege Motor Road","bridge":true,"osm_id":1321712201},"geometry":{"type":"LineString","coordinates":[[3.33688,6.592698],[3.33632,6.594015],[3.336056,6.594756],[3.334513,6.598528]]}},{"type":"Feature","properties":{"highway":"primary","name":"Mobolaji Bank-Anthony Way","bridge":false,"osm_id":134396660},"geometry":{"type":"LineString","coordinates":[[3.341109,6.591668],[3.340917,6.591627],[3.340252,6.591393],[3.338089,6.590515]]}},{"type":"Feature","properties":{"highway":"primary","name":"Mobolaji Bank-Anthony Way","bridge":false,"osm_id":134396661},"geometry":{"type":"LineString","coordinates":[[3.338165,6.590362],[3.34096,6.591501],[3.341125,6.591626]]}},{"type":"Feature","properties":{"highway":"primary","name":"Mobolaji Bank-Anthony Way","bridge":true,"osm_id":134396664},"geometry":{"type":"LineString","coordinates":[[3.338089,6.590515],[3.337604,6.590319]]}},{"type":"Feature","properties":{"highway":"primary","name":"Mobolaji Bank-Anthony Way","bridge":true,"osm_id":134396668},"geometry":{"type":"LineString","coordinates":[[3.337664,6.590174],[3.338165,6.590362]]}},{"type":"Feature","properties":{"highway":"trunk_link","name":"","bridge":false,"osm_id":134398953},"geometry":{"type":"LineString","coordinates":[[3.337134,6.590125],[3.33684,6.590103],[3.336636,6.590146],[3.336518,6.590222],[3.336421,6.590348],[3.336378,6.590476],[3.336389,6.590658],[3.336443,6.590817],[3.33655,6.590956],[3.336711,6.591073],[3.337044,6.591213],[3.337183,6.591192],[3.337237,6.591154],[3.337436,6.590865]]}},{"type":"Feature","properties":{"highway":"primary","name":"Ikeja Flyover Bridge","bridge":true,"osm_id":134400934},"geometry":{"type":"LineString","coordinates":[[3.338104,6.596001],[3.336558,6.595935],[3.335903,6.595774]]}},{"type":"Feature","properties":{"highway":"tertiary","name":"Simbiat Abiola Road","bridge":false,"osm_id":134404820},"geometry":{"type":"LineString","coordinates":[[3.339867,6.591452],[3.339361,6.592141],[3.339125,6.592523],[3.338733,6.593289],[3.338633,6.593574]]}},{"type":"Feature","properties":{"highway":"primary_link","name":"","bridge":false,"osm_id":540869125},"geometry":{"type":"LineString","coordinates":[[3.342141,6.59195],[3.342154,6.592031],[3.342071,6.592111]]}},{"type":"Feature","properties":{"highway":"tertiary","name":"Simbiat Abiola Road","bridge":false,"osm_id":570278097},"geometry":{"type":"LineString","coordinates":[[3.338633,6.593574],[3.338554,6.593888],[3.338527,6.594221],[3.338572,6.594581]]}},{"type":"Feature","properties":{"highway":"tertiary","name":"Simbiat Abiola Road","bridge":false,"osm_id":570278098},"geometry":{"type":"LineString","coordinates":[[3.338572,6.594581],[3.338619,6.594881],[3.338622,6.59524],[3.338525,6.595931]]}},{"type":"Feature","properties":{"highway":"tertiary","name":"","bridge":false,"osm_id":575629196},"geometry":{"type":"LineString","coordinates":[[3.339788,6.591401],[3.339882,6.591235]]}},{"type":"Feature","properties":{"highway":"tertiary","name":"","bridge":false,"osm_id":575629198},"geometry":{"type":"LineString","coordinates":[[3.338439,6.595928],[3.338542,6.595231],[3.338532,6.594802],[3.338446,6.594135],[3.338532,6.593641],[3.338712,6.59314],[3.338996,6.59258],[3.339788,6.591401]]}},{"type":"Feature","properties":{"highway":"primary","name":"Obafemi Awolowo Way","bridge":false,"osm_id":1157269486},"geometry":{"type":"LineString","coordinates":[[3.339349,6.596155],[3.338895,6.596052],[3.338104,6.596001]]}},{"type":"Feature","properties":{"highway":"tertiary","name":"Simbiat Abiola Road","bridge":false,"osm_id":1168446796},"geometry":{"type":"LineString","coordinates":[[3.339978,6.591277],[3.339867,6.591451]]}},{"type":"Feature","properties":{"highway":"primary","name":"Ikeja Flyover Bridge","bridge":true,"osm_id":1433685136},"geometry":{"type":"LineString","coordinates":[[3.335918,6.595709],[3.336577,6.595883],[3.338107,6.595951]]}},{"type":"Feature","properties":{"highway":"primary","name":"Obafemi Awolowo Way","bridge":false,"osm_id":1433685137},"geometry":{"type":"LineString","coordinates":[[3.338107,6.595951],[3.338983,6.596001],[3.339429,6.596126]]}},{"type":"Feature","properties":{"highway":"tertiary","name":"","bridge":false,"osm_id":1551953936},"geometry":{"type":"LineString","coordinates":[[3.336244,6.595914],[3.336255,6.595798]]}},{"type":"Feature","properties":{"highway":"primary","name":"Mobolaji Bank-Anthony Way","bridge":false,"osm_id":134396671},"geometry":{"type":"LineString","coordinates":[[3.344114,6.593791],[3.344563,6.593777],[3.345022,6.593595],[3.34944,6.591132],[3.349766,6.59099],[3.350486,6.590774],[3.353797,6.590046],[3.354289,6.589913],[3.354931,6.58965],[3.35533,6.589408],[3.355702,6.589134],[3.356207,6.588643],[3.356462,6.588319],[3.3568,6.587782],[3.356987,6.587314]]}},{"type":"Feature","properties":{"highway":"secondary","name":"Allen Avenue","bridge":false,"osm_id":134404795},"geometry":{"type":"LineString","coordinates":[[3.349139,6.607056],[3.349346,6.6066],[3.351928,6.601737],[3.352598,6.600211],[3.353254,6.598904],[3.354267,6.597166],[3.35474,6.5965],[3.355054,6.595968],[3.35507,6.595872]]}},{"type":"Feature","properties":{"highway":"secondary","name":"Allen Avenue","bridge":false,"osm_id":136338240},"geometry":{"type":"LineString","coordinates":[[3.35507,6.595872],[3.35512,6.595941],[3.355095,6.596097],[3.354014,6.597744],[3.353095,6.59936],[3.352521,6.600554],[3.351998,6.601762],[3.349506,6.606461],[3.349286,6.607154]]}},{"type":"Feature","properties":{"highway":"primary_link","name":"","bridge":false,"osm_id":136341457},"geometry":{"type":"LineString","coordinates":[[3.355507,6.59571],[3.354915,6.596486],[3.354796,6.596564]]}},{"type":"Feature","properties":{"highway":"primary","name":"Opebi Road","bridge":false,"osm_id":136341474},"geometry":{"type":"LineString","coordinates":[[3.35507,6.595872],[3.355173,6.59569],[3.355544,6.59534],[3.356567,6.59456],[3.357376,6.593852],[3.35855,6.592562],[3.360202,6.590632],[3.361064,6.589601],[3.362017,6.588323],[3.36308,6.587104]]}},{"type":"Feature","properties":{"highway":"primary","name":"Opebi Road","bridge":false,"osm_id":136341477},"geometry":{"type":"LineString","coordinates":[[3.36315,6.587158],[3.361975,6.588491],[3.361057,6.589734],[3.359848,6.591161],[3.359439,6.591684],[3.357424,6.593903],[3.356471,6.594727],[3.355507,6.59571],[3.355265,6.595848],[3.355136,6.595894],[3.35507,6.595872]]}},{"type":"Feature","properties":{"highway":"tertiary","name":"Ayinde Street","bridge":false,"osm_id":136415214},"geometry":{"type":"LineString","coordinates":[[3.347255,6.596236],[3.347207,6.595744],[3.347204,6.594154],[3.347172,6.593962],[3.347,6.593585],[3.346648,6.593102],[3.346547,6.593002],[3.346468,6.592973]]}},{"type":"Feature","properties":{"highway":"tertiary","name":"Toyin Street","bridge":false,"osm_id":136415218},"geometry":{"type":"LineString","coordinates":[[3.34733,6.596239],[3.350006,6.596172],[3.350428,6.596132],[3.351233,6.595972],[3.352692,6.595597],[3.353049,6.59555],[3.353336,6.595568],[3.354769,6.595784],[3.355029,6.59583],[3.35507,6.595872]]}},{"type":"Feature","properties":{"highway":"tertiary","name":"Toyin Street","bridge":false,"osm_id":136415219},"geometry":{"type":"LineString","coordinates":[[3.35507,6.595872],[3.354841,6.595893],[3.353329,6.595641],[3.353003,6.595626],[3.352478,6.595715],[3.351255,6.596033],[3.350436,6.596201],[3.34987,6.596258],[3.347804,6.596322],[3.347323,6.596311]]}},{"type":"Feature","properties":{"highway":"tertiary","name":"Ayinde Street","bridge":false,"osm_id":136415239},"geometry":{"type":"LineString","coordinates":[[3.346713,6.592836],[3.346679,6.59294],[3.346689,6.593016],[3.347072,6.593593],[3.347253,6.594049],[3.347261,6.595873],[3.347311,6.596226]]}},{"type":"Feature","properties":{"highway":"tertiary","name":"Joel Ogunnaike Street","bridge":false,"osm_id":514562551},"geometry":{"type":"LineString","coordinates":[[3.347647,6.58364],[3.356987,6.587314]]}},{"type":"Feature","properties":{"highway":"secondary_link","name":"","bridge":false,"osm_id":1532739169},"geometry":{"type":"LineString","coordinates":[[3.354801,6.596387],[3.354747,6.596055],[3.35461,6.595864]]}},{"type":"Feature","properties":{"highway":"primary_link","name":"","bridge":false,"osm_id":1532739170},"geometry":{"type":"LineString","coordinates":[[3.35591,6.595279],[3.355844,6.595282],[3.355553,6.595544],[3.355482,6.595522],[3.35544,6.595445]]}},{"type":"Feature","properties":{"highway":"tertiary","name":"","bridge":false,"osm_id":134396669},"geometry":{"type":"LineString","coordinates":[[3.342791,6.592114],[3.343126,6.591965],[3.344594,6.591104]]}},{"type":"Feature","properties":{"highway":"primary_link","name":"","bridge":false,"osm_id":134396670},"geometry":{"type":"LineString","coordinates":[[3.342962,6.592865],[3.342815,6.592815],[3.342671,6.592825],[3.342497,6.592946]]}},{"type":"Feature","properties":{"highway":"primary","name":"","bridge":false,"osm_id":134396675},"geometry":{"type":"LineString","coordinates":[[3.344242,6.593941],[3.344119,6.593926],[3.34391,6.593845],[3.343639,6.59368],[3.343233,6.59325],[3.342704,6.5925]]}},{"type":"Feature","properties":{"highway":"primary","name":"","bridge":false,"osm_id":540869113},"geometry":{"type":"LineString","coordinates":[[3.34279,6.592432],[3.34364,6.593484],[3.343823,6.593622],[3.34422,6.5938]]}},{"type":"Feature","properties":{"highway":"primary","name":"","bridge":false,"osm_id":540869119},"geometry":{"type":"LineString","coordinates":[[3.342807,6.592387],[3.342758,6.592468],[3.342704,6.5925],[3.342622,6.592497],[3.342546,6.592442],[3.342528,6.592309],[3.342579,6.592241],[3.342693,6.592216],[3.342795,6.592295],[3.342807,6.592387]]}},{"type":"Feature","properties":{"highway":"primary_link","name":"","bridge":false,"osm_id":540869121},"geometry":{"type":"LineString","coordinates":[[3.342411,6.592078],[3.342791,6.592114]]}},{"type":"Feature","properties":{"highway":"tertiary","name":"","bridge":false,"osm_id":540869122},"geometry":{"type":"LineString","coordinates":[[3.342649,6.592215],[3.342791,6.592114]]}},{"type":"Feature","properties":{"highway":"tertiary","name":"Oba Akinjobi Street","bridge":false,"osm_id":540869124},"geometry":{"type":"LineString","coordinates":[[3.344594,6.591104],[3.344538,6.59119],[3.342949,6.592118],[3.342795,6.592295]]}},{"type":"Feature","properties":{"highway":"primary_link","name":"","bridge":false,"osm_id":540869126},"geometry":{"type":"LineString","coordinates":[[3.343036,6.592965],[3.343081,6.592862],[3.34316,6.592884]]}},{"type":"Feature","properties":{"highway":"primary_link","name":"","bridge":false,"osm_id":581903853},"geometry":{"type":"LineString","coordinates":[[3.346804,6.59261],[3.346882,6.592734]]}},{"type":"Feature","properties":{"highway":"primary_link","name":"","bridge":false,"osm_id":514558869},"geometry":{"type":"LineString","coordinates":[[3.353311,6.590341],[3.353198,6.590322],[3.353156,6.590258],[3.353189,6.590205],[3.353286,6.59016]]}},{"type":"Feature","properties":{"highway":"primary_link","name":"","bridge":false,"osm_id":514558870},"geometry":{"type":"LineString","coordinates":[[3.352927,6.590242],[3.353058,6.590242],[3.353114,6.590291],[3.353086,6.590348],[3.35295,6.590407]]}},{"type":"Feature","properties":{"highway":"primary_link","name":"","bridge":false,"osm_id":625093271},"geometry":{"type":"LineString","coordinates":[[3.354769,6.595784],[3.35544,6.595445]]}},{"type":"Feature","properties":{"highway":"tertiary","name":"Sule Road","bridge":false,"osm_id":5198066},"geometry":{"type":"LineString","coordinates":[[3.329874,6.609934],[3.328682,6.609323],[3.328425,6.60927],[3.323984,6.609092]]}},{"type":"Feature","properties":{"highway":"trunk","name":"Lagos-Abeokuta Expressway","bridge":false,"osm_id":134400948},"geometry":{"type":"LineString","coordinates":[[3.333267,6.601516],[3.332918,6.602062],[3.332464,6.602532],[3.332199,6.60274],[3.3308,6.603633],[3.330514,6.603852],[3.330275,6.604086],[3.330055,6.60435],[3.32983,6.604743],[3.329408,6.605814],[3.329128,6.606442],[3.328784,6.606952],[3.328555,6.607208],[3.32793,6.607747],[3.32741,6.608067],[3.326823,6.608304],[3.326501,6.608374],[3.326236,6.608408],[3.323646,6.608307]]}},{"type":"Feature","properties":{"highway":"trunk","name":"Lagos-Abeokuta Expressway","bridge":false,"osm_id":134414164},"geometry":{"type":"LineString","coordinates":[[3.323632,6.608156],[3.32581,6.60819],[3.326578,6.60812],[3.326836,6.608054],[3.327612,6.607753],[3.327903,6.607565],[3.328349,6.607212],[3.328584,6.606955],[3.328802,6.606656],[3.329163,6.605978],[3.329609,6.604822],[3.32977,6.604491],[3.330079,6.604037],[3.3306,6.603488],[3.331723,6.602744],[3.331961,6.602645],[3.332465,6.602305],[3.332796,6.601974],[3.332984,6.601724],[3.333138,6.601421]]}},{"type":"Feature","properties":{"highway":"primary","name":"Agege Motor Road","bridge":false,"osm_id":574545003},"geometry":{"type":"LineString","coordinates":[[3.327987,6.614231],[3.328168,6.613841],[3.328595,6.612672],[3.329095,6.611515],[3.329874,6.609934],[3.33008,6.609357],[3.331388,6.606121]]}},{"type":"Feature","properties":{"highway":"tertiary","name":"Akanni Doherty Street","bridge":false,"osm_id":987499811},"geometry":{"type":"LineString","coordinates":[[3.328506,6.613471],[3.328329,6.613425]]}},{"type":"Feature","properties":{"highway":"secondary","name":"Ogba Road","bridge":false,"osm_id":135333577},"geometry":{"type":"LineString","coordinates":[[3.335163,6.617237],[3.33501,6.61734],[3.33468,6.617494],[3.333604,6.617869],[3.333256,6.61796],[3.332631,6.618041],[3.331883,6.618226],[3.331622,6.618328],[3.33152,6.618409],[3.330201,6.62029],[3.329688,6.62076],[3.329116,6.621184],[3.328239,6.621758],[3.327984,6.621864],[3.327551,6.622006],[3.326639,6.622196],[3.325492,6.622577],[3.325284,6.622712],[3.325089,6.623162],[3.32486,6.623947],[3.324803,6.624345],[3.324682,6.627259]]}},{"type":"Feature","properties":{"highway":"tertiary","name":"Akanni Doherty Street","bridge":false,"osm_id":135619491},"geometry":{"type":"LineString","coordinates":[[3.335671,6.614215],[3.332502,6.61393],[3.331754,6.61383],[3.330355,6.613696],[3.330096,6.613624],[3.328739,6.613488]]}},{"type":"Feature","properties":{"highway":"primary","name":"Agege Motor Road","bridge":false,"osm_id":144455405},"geometry":{"type":"LineString","coordinates":[[3.322749,6.626724],[3.323294,6.625354],[3.324063,6.623138],[3.324207,6.622792],[3.324495,6.622299],[3.325258,6.620825],[3.325636,6.620005],[3.325853,6.6195],[3.326349,6.618153],[3.327987,6.614231]]}},{"type":"Feature","properties":{"highway":"primary","name":"Capitol Road","bridge":false,"osm_id":144455438},"geometry":{"type":"LineString","coordinates":[[3.320864,6.617934],[3.321192,6.617025],[3.321401,6.616668],[3.321696,6.616325],[3.322361,6.615852],[3.322794,6.615668],[3.32676,6.61454],[3.327987,6.614231]]}},{"type":"Feature","properties":{"highway":"primary","name":"Capitol Road","bridge":false,"osm_id":144455483},"geometry":{"type":"LineString","coordinates":[[3.327962,6.614304],[3.322826,6.615731],[3.322421,6.6159],[3.321855,6.616287],[3.32149,6.616668],[3.321234,6.617091],[3.320921,6.617983]]}},{"type":"Feature","properties":{"highway":"secondary","name":"Oniwaya Road","bridge":false,"osm_id":570025066},"geometry":{"type":"LineString","coordinates":[[3.325258,6.620825],[3.324152,6.620365],[3.323884,6.620215],[3.322928,6.619298],[3.322556,6.61906],[3.321854,6.618731],[3.321385,6.61839],[3.320921,6.617983]]}},{"type":"Feature","properties":{"highway":"trunk_link","name":"","bridge":false,"osm_id":987499814},"geometry":{"type":"LineString","coordinates":[[3.331723,6.602744],[3.33198,6.602692],[3.332199,6.60274]]}},{"type":"Feature","properties":{"highway":"trunk","name":"Agege Motor Road","bridge":false,"osm_id":1321712202},"geometry":{"type":"LineString","coordinates":[[3.334513,6.598528],[3.333267,6.601516]]}},{"type":"Feature","properties":{"highway":"secondary","name":"","bridge":false,"osm_id":134404768},"geometry":{"type":"LineString","coordinates":[[3.339966,6.598837],[3.339986,6.598752],[3.340837,6.597185]]}},{"type":"Feature","properties":{"highway":"primary","name":"","bridge":false,"osm_id":134404785},"geometry":{"type":"LineString","coordinates":[[3.340646,6.59682],[3.340849,6.596953],[3.340916,6.596964]]}},{"type":"Feature","properties":{"highway":"primary","name":"","bridge":false,"osm_id":134404801},"geometry":{"type":"LineString","coordinates":[[3.340838,6.597153],[3.3408,6.597037],[3.340624,6.596918]]}},{"type":"Feature","properties":{"highway":"secondary","name":"","bridge":false,"osm_id":134404817},"geometry":{"type":"LineString","coordinates":[[3.34099,6.597259],[3.340264,6.598525],[3.340014,6.5989]]}},{"type":"Feature","properties":{"highway":"secondary_link","name":"","bridge":false,"osm_id":540869109},"geometry":{"type":"LineString","coordinates":[[3.341365,6.596363],[3.341327,6.596406],[3.34128,6.596406],[3.341236,6.596334]]}},{"type":"Feature","properties":{"highway":"secondary_link","name":"","bridge":false,"osm_id":540869111},"geometry":{"type":"LineString","coordinates":[[3.340558,6.59771],[3.340655,6.597701],[3.34069,6.59773],[3.340687,6.597784]]}},{"type":"Feature","properties":{"highway":"primary_link","name":"","bridge":false,"osm_id":581903852},"geometry":{"type":"LineString","coordinates":[[3.341214,6.597289],[3.341078,6.597289],[3.340935,6.597346]]}},{"type":"Feature","properties":{"highway":"primary_link","name":"","bridge":false,"osm_id":870636405},"geometry":{"type":"LineString","coordinates":[[3.342274,6.598016],[3.342305,6.59798]]}},{"type":"Feature","properties":{"highway":"primary","name":"Obafemi Awolowo Way","bridge":false,"osm_id":1157269489},"geometry":{"type":"LineString","coordinates":[[3.340624,6.596918],[3.339832,6.596393]]}},{"type":"Feature","properties":{"highway":"primary_link","name":"","bridge":false,"osm_id":1306493106},"geometry":{"type":"LineString","coordinates":[[3.341161,6.59687],[3.341154,6.596994],[3.341286,6.597228]]}},{"type":"Feature","properties":{"highway":"primary_link","name":"","bridge":false,"osm_id":1306493107},"geometry":{"type":"LineString","coordinates":[[3.340748,6.597358],[3.340797,6.597152],[3.34074,6.597028],[3.340624,6.596918]]}},{"type":"Feature","properties":{"highway":"primary_link","name":"","bridge":false,"osm_id":1306493108},"geometry":{"type":"LineString","coordinates":[[3.340713,6.596866],[3.340886,6.59691],[3.341021,6.596796]]}},{"type":"Feature","properties":{"highway":"primary","name":"Obafemi Awolowo Way","bridge":false,"osm_id":1306493110},"geometry":{"type":"LineString","coordinates":[[3.339886,6.596344],[3.340646,6.59682]]}},{"type":"Feature","properties":{"highway":"primary","name":"Obafemi Awolowo Way","bridge":false,"osm_id":1433685133},"geometry":{"type":"LineString","coordinates":[[3.341007,6.596948],[3.341122,6.597023],[3.341144,6.597115],[3.341108,6.597205],[3.340978,6.59726],[3.340891,6.597228],[3.34083,6.597109],[3.340879,6.59699],[3.341007,6.596948]]}},{"type":"Feature","properties":{"highway":"secondary","name":"","bridge":false,"osm_id":1433685135},"geometry":{"type":"LineString","coordinates":[[3.340837,6.597185],[3.340838,6.597153]]}},{"type":"Feature","properties":{"highway":"tertiary","name":"Adeniyi Jones Avenue","bridge":false,"osm_id":23711680},"geometry":{"type":"LineString","coordinates":[[3.346104,6.620821],[3.344929,6.620293],[3.344814,6.620205],[3.344906,6.620023],[3.345403,6.619465],[3.345562,6.619196],[3.345733,6.618854],[3.345871,6.618409],[3.345959,6.617842],[3.346044,6.614954],[3.346026,6.614388],[3.345948,6.613899],[3.345819,6.613366],[3.345191,6.611364],[3.344841,6.610553],[3.344638,6.610203],[3.344311,6.609786],[3.343546,6.609162],[3.338365,6.605369],[3.33776,6.604991],[3.337043,6.604736]]}},{"type":"Feature","properties":{"highway":"primary","name":"Agege Motor Road","bridge":false,"osm_id":134400939},"geometry":{"type":"LineString","coordinates":[[3.333267,6.601516],[3.331884,6.605145],[3.331388,6.606121]]}},{"type":"Feature","properties":{"highway":"trunk_link","name":"","bridge":false,"osm_id":134400943},"geometry":{"type":"LineString","coordinates":[[3.332199,6.60274],[3.332334,6.602813],[3.332502,6.602999],[3.332546,6.603164],[3.332512,6.603474]]}},{"type":"Feature","properties":{"highway":"primary","name":"Obafemi Awolowo Way","bridge":false,"osm_id":134404770},"geometry":{"type":"LineString","coordinates":[[3.349309,6.607352],[3.34884,6.606994],[3.347814,6.60609],[3.345948,6.60421],[3.344658,6.60281],[3.344393,6.602445],[3.344048,6.601824],[3.342964,6.599114],[3.342784,6.59873],[3.3426,6.59844],[3.342274,6.598016],[3.341936,6.597734],[3.341157,6.597259],[3.341025,6.597256]]}},{"type":"Feature","properties":{"highway":"primary","name":"Obafemi Awolowo Way","bridge":false,"osm_id":134404792},"geometry":{"type":"LineString","coordinates":[[3.34114,6.597066],[3.341191,6.597167],[3.341992,6.597682],[3.342454,6.598112],[3.342676,6.59841],[3.343028,6.599071],[3.344201,6.601948],[3.344391,6.602291],[3.344624,6.602622],[3.345099,6.603169],[3.346503,6.604629],[3.348051,6.606175],[3.348635,6.60668],[3.349139,6.607056]]}},{"type":"Feature","properties":{"highway":"secondary","name":"Oba Akran Avenue","bridge":false,"osm_id":135617575},"geometry":{"type":"LineString","coordinates":[[3.335367,6.616856],[3.335464,6.616581],[3.336098,6.609502],[3.336284,6.607811],[3.336508,6.606442],[3.336772,6.605407],[3.33717,6.604172],[3.337695,6.602915],[3.337968,6.602384],[3.339966,6.598837],[3.340032,6.598771],[3.340197,6.598484]]}},{"type":"Feature","properties":{"highway":"secondary","name":"Oba Akran Avenue","bridge":false,"osm_id":135617582},"geometry":{"type":"LineString","coordinates":[[3.340231,6.59851],[3.33842,6.601804],[3.338017,6.602488],[3.337666,6.603187],[3.337043,6.604736],[3.336628,6.606209],[3.33641,6.607328],[3.336215,6.608914],[3.335825,6.613244],[3.335731,6.6146],[3.33554,6.616446],[3.335524,6.616675],[3.335556,6.616847]]}},{"type":"Feature","properties":{"highway":"tertiary","name":"Akinremi Street","bridge":false,"osm_id":529024427},"geometry":{"type":"LineString","coordinates":[[3.336944,6.600613],[3.335818,6.600312],[3.335191,6.600088],[3.334439,6.599883],[3.33439,6.599832],[3.334401,6.599762]]}},{"type":"Feature","properties":{"highway":"trunk_link","name":"","bridge":false,"osm_id":134400929},"geometry":{"type":"LineString","coordinates":[[3.330779,6.604298],[3.330547,6.604249],[3.330337,6.604263],[3.330146,6.604334],[3.329995,6.604441]]}},{"type":"Feature","properties":{"highway":"primary","name":"","bridge":false,"osm_id":134400932},"geometry":{"type":"LineString","coordinates":[[3.331388,6.606121],[3.331707,6.605234],[3.331741,6.605002],[3.331624,6.604747],[3.331447,6.6046]]}},{"type":"Feature","properties":{"highway":"primary","name":"","bridge":false,"osm_id":134400933},"geometry":{"type":"LineString","coordinates":[[3.332224,6.604244],[3.332071,6.604473],[3.33195,6.604566],[3.331824,6.604618],[3.331447,6.6046]]}},{"type":"Feature","properties":{"highway":"primary","name":"","bridge":false,"osm_id":134400941},"geometry":{"type":"LineString","coordinates":[[3.331447,6.604599],[3.330779,6.604298]]}},{"type":"Feature","properties":{"highway":"primary","name":"","bridge":false,"osm_id":134400944},"geometry":{"type":"LineString","coordinates":[[3.330779,6.604298],[3.330628,6.604193],[3.330563,6.604086],[3.330514,6.603852]]}},{"type":"Feature","properties":{"highway":"primary","name":"","bridge":false,"osm_id":574545017},"geometry":{"type":"LineString","coordinates":[[3.330514,6.603852],[3.330516,6.603729],[3.3306,6.603488]]}},{"type":"Feature","properties":{"highway":"tertiary","name":"Adeniyi Jones Avenue","bridge":false,"osm_id":574497982},"geometry":{"type":"LineString","coordinates":[[3.337043,6.604736],[3.33698,6.604713]]}},{"type":"Feature","properties":{"highway":"tertiary","name":"","bridge":false,"osm_id":136415210},"geometry":{"type":"LineString","coordinates":[[3.34724,6.596273],[3.347297,6.596222],[3.347341,6.596276],[3.347278,6.596321],[3.34724,6.596273]]}},{"type":"Feature","properties":{"highway":"primary","name":"Obafemi Awolowo Way","bridge":false,"osm_id":135195294},"geometry":{"type":"LineString","coordinates":[[3.362568,6.618453],[3.361806,6.618373],[3.361401,6.618268],[3.360946,6.61807],[3.359128,6.616857],[3.356396,6.614965],[3.355974,6.614602],[3.355554,6.614233],[3.355175,6.613833],[3.35462,6.613116],[3.35433,6.612677],[3.352951,6.610298],[3.352711,6.609934],[3.35193,6.609076],[3.351336,6.608589]]}},{"type":"Feature","properties":{"highway":"tertiary","name":"Aromire Street","bridge":false,"osm_id":135617573},"geometry":{"type":"LineString","coordinates":[[3.3492,6.607277],[3.349006,6.607457],[3.348727,6.607616]]}},{"type":"Feature","properties":{"highway":"tertiary","name":"Aromire Street","bridge":false,"osm_id":135617577},"geometry":{"type":"LineString","coordinates":[[3.348727,6.607616],[3.349071,6.607161]]}},{"type":"Feature","properties":{"highway":"tertiary","name":"Aromire Street","bridge":false,"osm_id":135617580},"geometry":{"type":"LineString","coordinates":[[3.344841,6.610553],[3.345796,6.609968],[3.3468,6.609243],[3.348727,6.607616]]}},{"type":"Feature","properties":{"highway":"primary","name":"Obafemi Awolowo Way","bridge":false,"osm_id":610011085},"geometry":{"type":"LineString","coordinates":[[3.351417,6.608474],[3.352242,6.609157],[3.3527,6.609688],[3.352953,6.610058],[3.353557,6.611103],[3.354203,6.612314],[3.354849,6.613276],[3.355326,6.613838],[3.356208,6.614683],[3.356856,6.615188],[3.360859,6.617914],[3.361516,6.618174],[3.362105,6.618349],[3.362568,6.618453]]}},{"type":"Feature","properties":{"highway":"primary_link","name":"","bridge":false,"osm_id":624281144},"geometry":{"type":"LineString","coordinates":[[3.348922,6.607374],[3.34891,6.607212],[3.34884,6.606994]]}},{"type":"Feature","properties":{"highway":"primary_link","name":"","bridge":false,"osm_id":581903854},"geometry":{"type":"LineString","coordinates":[[3.345099,6.603169],[3.345036,6.603225]]}},{"type":"Feature","properties":{"highway":"primary","name":"Obafemi Awolowo Way","bridge":false,"osm_id":135195291},"geometry":{"type":"LineString","coordinates":[[3.349139,6.607056],[3.350115,6.60771],[3.350781,6.608082]]}},{"type":"Feature","properties":{"highway":"primary","name":"Obafemi Awolowo Way","bridge":true,"osm_id":610011090},"geometry":{"type":"LineString","coordinates":[[3.351336,6.608589],[3.350712,6.608191]]}},{"type":"Feature","properties":{"highway":"primary","name":"Obafemi Awolowo Way","bridge":true,"osm_id":610011091},"geometry":{"type":"LineString","coordinates":[[3.350781,6.608082],[3.351417,6.608474]]}},{"type":"Feature","properties":{"highway":"primary","name":"Obafemi Awolowo Way","bridge":false,"osm_id":610011092},"geometry":{"type":"LineString","coordinates":[[3.350712,6.608191],[3.349309,6.607352]]}},{"type":"Feature","properties":{"highway":"primary_link","name":"","bridge":false,"osm_id":624281141},"geometry":{"type":"LineString","coordinates":[[3.349416,6.606732],[3.349479,6.607043],[3.349592,6.607353]]}},{"type":"Feature","properties":{"highway":"primary_link","name":"","bridge":false,"osm_id":624281142},"geometry":{"type":"LineString","coordinates":[[3.348904,6.606873],[3.349092,6.606859],[3.349256,6.606794]]}},{"type":"Feature","properties":{"highway":"primary_link","name":"","bridge":false,"osm_id":624281145},"geometry":{"type":"LineString","coordinates":[[3.350266,6.607917],[3.34936,6.607489],[3.3492,6.607441],[3.349006,6.607457]]}},{"type":"Feature","properties":{"highway":"secondary","name":"","bridge":false,"osm_id":1133430286},"geometry":{"type":"LineString","coordinates":[[3.349071,6.607161],[3.349139,6.607056]]}},{"type":"Feature","properties":{"highway":"secondary","name":"","bridge":false,"osm_id":1133430287},"geometry":{"type":"LineString","coordinates":[[3.349286,6.607154],[3.3492,6.607277]]}},{"type":"Feature","properties":{"highway":"tertiary","name":"Akilo Road","bridge":false,"osm_id":23711682},"geometry":{"type":"LineString","coordinates":[[3.334586,6.625814],[3.335806,6.622061],[3.335903,6.621669],[3.335951,6.621004],[3.336064,6.620302],[3.336427,6.61898],[3.336817,6.617709],[3.336833,6.617495],[3.336763,6.617396],[3.335931,6.617028]]}},{"type":"Feature","properties":{"highway":"tertiary","name":"Acme Road","bridge":false,"osm_id":23711683},"geometry":{"type":"LineString","coordinates":[[3.335903,6.621669],[3.339471,6.623248],[3.342442,6.624481],[3.346812,6.626381],[3.347604,6.626749],[3.348149,6.626956],[3.350282,6.627916],[3.350746,6.628042],[3.350932,6.628062],[3.351218,6.628042],[3.354183,6.627615]]}},{"type":"Feature","properties":{"highway":"tertiary","name":"Akilo Road","bridge":false,"osm_id":135617571},"geometry":{"type":"LineString","coordinates":[[3.335583,6.616884],[3.335931,6.617028]]}},{"type":"Feature","properties":{"highway":"tertiary","name":"Akilo Road","bridge":false,"osm_id":135617578},"geometry":{"type":"LineString","coordinates":[[3.335931,6.617028],[3.335568,6.617021]]}},{"type":"Feature","properties":{"highway":"secondary","name":"","bridge":false,"osm_id":135617576},"geometry":{"type":"LineString","coordinates":[[3.335568,6.617021],[3.335456,6.61707],[3.335386,6.617043],[3.335336,6.616945],[3.335367,6.616856],[3.335459,6.616811],[3.335556,6.616847],[3.335595,6.616918],[3.335568,6.617021]]}},{"type":"Feature","properties":{"highway":"secondary","name":"Ogba Road","bridge":false,"osm_id":135617581},"geometry":{"type":"LineString","coordinates":[[3.335456,6.61707],[3.335411,6.617125],[3.335163,6.617237]]}},{"type":"Feature","properties":{"highway":"secondary","name":"Ogba Road","bridge":false,"osm_id":135617583},"geometry":{"type":"LineString","coordinates":[[3.335163,6.617237],[3.335336,6.616945]]}},{"type":"Feature","properties":{"highway":"tertiary_link","name":"","bridge":false,"osm_id":583221524},"geometry":{"type":"LineString","coordinates":[[3.344755,6.610401],[3.344934,6.610498]]}},{"type":"Feature","properties":{"highway":"secondary_link","name":"","bridge":false,"osm_id":135199756},"geometry":{"type":"LineString","coordinates":[[3.355,6.614105],[3.355006,6.613814],[3.354924,6.61353]]}},{"type":"Feature","properties":{"highway":"primary_link","name":"","bridge":false,"osm_id":136326592},"geometry":{"type":"LineString","coordinates":[[3.353044,6.609619],[3.352927,6.609756],[3.3529,6.609859],[3.352953,6.610058]]}},{"type":"Feature","properties":{"highway":"primary_link","name":"","bridge":false,"osm_id":583700614},"geometry":{"type":"LineString","coordinates":[[3.352401,6.609319],[3.352713,6.609463],[3.352991,6.609506],[3.353123,6.609499]]}},{"type":"Feature","properties":{"highway":"secondary_link","name":"","bridge":false,"osm_id":135199748},"geometry":{"type":"LineString","coordinates":[[3.355554,6.614233],[3.355328,6.614169],[3.355207,6.614176],[3.355067,6.61422],[3.354857,6.614354]]}},{"type":"Feature","properties":{"highway":"tertiary","name":"Ashabi Cole Street","bridge":false,"osm_id":135199754},"geometry":{"type":"LineString","coordinates":[[3.352812,6.620389],[3.354686,6.620713],[3.356405,6.620215],[3.357911,6.620245]]}},{"type":"Feature","properties":{"highway":"secondary","name":"Lateef Jakande Road","bridge":false,"osm_id":135199762},"geometry":{"type":"LineString","coordinates":[[3.352978,6.619485],[3.353245,6.617387],[3.353381,6.616864],[3.353457,6.616686],[3.354104,6.615651],[3.355112,6.613917],[3.35525,6.613749]]}},{"type":"Feature","properties":{"highway":"tertiary","name":"Ashabi Cole Street","bridge":false,"osm_id":135199763},"geometry":{"type":"LineString","coordinates":[[3.357911,6.62037],[3.356315,6.620382],[3.354961,6.620772],[3.35467,6.620827],[3.352795,6.620497]]}},{"type":"Feature","properties":{"highway":"tertiary","name":"Adeniyi Jones Avenue","bridge":false,"osm_id":1098463658},"geometry":{"type":"LineString","coordinates":[[3.346104,6.620821],[3.345657,6.621902],[3.344174,6.625239]]}},{"type":"Feature","properties":{"highway":"tertiary","name":"Adeniyi Jones Avenue","bridge":false,"osm_id":1098463659},"geometry":{"type":"LineString","coordinates":[[3.344118,6.625213],[3.346051,6.620795]]}},{"type":"Feature","properties":{"highway":"secondary","name":"Lateef Jakande Road","bridge":false,"osm_id":1511911085},"geometry":{"type":"LineString","coordinates":[[3.352404,6.623574],[3.352422,6.623083],[3.352588,6.622097],[3.352883,6.61987],[3.352978,6.619485]]}},{"type":"Feature","properties":{"highway":"secondary","name":"Lateef Jakande Road","bridge":false,"osm_id":1511911086},"geometry":{"type":"LineString","coordinates":[[3.352978,6.619485],[3.352995,6.619624],[3.352932,6.619935],[3.352482,6.623182],[3.35248,6.623571]]}},{"type":"Feature","properties":{"highway":"tertiary_link","name":"","bridge":false,"osm_id":580920628},"geometry":{"type":"LineString","coordinates":[[3.35322,6.620582],[3.353239,6.620466]]}},{"type":"Feature","properties":{"highway":"secondary","name":"Dairy Farm Road","bridge":false,"osm_id":23711681},"geometry":{"type":"LineString","coordinates":[[3.324739,6.626308],[3.325556,6.626306],[3.325743,6.626286],[3.325918,6.626203],[3.326673,6.625065],[3.326963,6.62457],[3.327168,6.624329],[3.327353,6.62417],[3.327475,6.62408],[3.327691,6.624001],[3.328105,6.624067],[3.333128,6.625423]]}},{"type":"Feature","properties":{"highway":"tertiary_link","name":"","bridge":false,"osm_id":588263401},"geometry":{"type":"LineString","coordinates":[[3.353449,6.623179],[3.353444,6.623273]]}},{"type":"Feature","properties":{"highway":"secondary","name":"Lateef Jakande Road","bridge":false,"osm_id":1396053538},"geometry":{"type":"LineString","coordinates":[[3.35248,6.623571],[3.352536,6.623795],[3.352661,6.624038],[3.353704,6.625768],[3.35445,6.6271],[3.354541,6.627363],[3.354569,6.627623],[3.354556,6.627979]]}},{"type":"Feature","properties":{"highway":"secondary","name":"Lateef Jakande Road","bridge":false,"osm_id":1396053539},"geometry":{"type":"LineString","coordinates":[[3.35448,6.627959],[3.3545,6.627628],[3.354468,6.627377],[3.35438,6.627123],[3.354178,6.626735],[3.352541,6.623972],[3.352467,6.623822],[3.352404,6.623574]]}},{"type":"Feature","properties":{"highway":"tertiary","name":"Hakeem Balogun Street","bridge":false,"osm_id":587388810},"geometry":{"type":"LineString","coordinates":[[3.358033,6.623176],[3.356574,6.623248],[3.354881,6.623406],[3.352414,6.623177]]}},{"type":"Feature","properties":{"highway":"tertiary","name":"Hakeem Balogun Street","bridge":false,"osm_id":587388812},"geometry":{"type":"LineString","coordinates":[[3.352422,6.623083],[3.354878,6.623301],[3.356448,6.623156],[3.357945,6.62307]]}},{"type":"Feature","properties":{"highway":"primary_link","name":"","bridge":false,"osm_id":586306630},"geometry":{"type":"LineString","coordinates":[[3.362007,6.575054],[3.362124,6.575103]]}},{"type":"Feature","properties":{"highway":"primary","name":"Ikorodu Road","bridge":false,"osm_id":133870581},"geometry":{"type":"LineString","coordinates":[[3.371649,6.578314],[3.371569,6.578262],[3.37076,6.577053],[3.36995,6.575765],[3.369238,6.574814],[3.368688,6.574023],[3.368006,6.572794],[3.367656,6.572012]]}},{"type":"Feature","properties":{"highway":"primary","name":"Mobolaji Bank-Anthony Way","bridge":false,"osm_id":828817900},"geometry":{"type":"LineString","coordinates":[[3.360677,6.578298],[3.362364,6.574205],[3.362548,6.573906],[3.362799,6.573608],[3.363096,6.573369],[3.363545,6.573118],[3.366246,6.572111],[3.367508,6.571675]]}},{"type":"Feature","properties":{"highway":"primary","name":"Mobolaji Bank-Anthony Way","bridge":false,"osm_id":1059941001},"geometry":{"type":"LineString","coordinates":[[3.356987,6.587314],[3.359117,6.58216],[3.360312,6.579189]]}},{"type":"Feature","properties":{"highway":"primary","name":"Mobolaji Bank-Anthony Way","bridge":false,"osm_id":1059941003},"geometry":{"type":"LineString","coordinates":[[3.367549,6.571779],[3.3636,6.57321],[3.363122,6.573468],[3.362844,6.573716],[3.362641,6.57397],[3.362483,6.574253],[3.360493,6.579088]]}},{"type":"Feature","properties":{"highway":"primary","name":"Maryland-Opebi-Ojota Link Bridge","bridge":true,"osm_id":1420862250},"geometry":{"type":"LineString","coordinates":[[3.366811,6.583053],[3.367024,6.582845],[3.36759,6.582385],[3.371566,6.579534]]}},{"type":"Feature","properties":{"highway":"primary","name":"Maryland-Opebi-Ojota Link Bridge","bridge":true,"osm_id":1420862254},"geometry":{"type":"LineString","coordinates":[[3.371435,6.579793],[3.370555,6.580378],[3.36974,6.580975],[3.36907,6.581409],[3.367942,6.582227],[3.367397,6.582642],[3.366846,6.583132]]}},{"type":"Feature","properties":{"highway":"primary","name":"Ikorodu Road","bridge":false,"osm_id":1420862255},"geometry":{"type":"LineString","coordinates":[[3.368008,6.571886],[3.368473,6.572899],[3.369038,6.573876],[3.369221,6.574146],[3.369558,6.574628],[3.370351,6.57566],[3.372078,6.577769],[3.372162,6.577991]]}},{"type":"Feature","properties":{"highway":"primary","name":"","bridge":true,"osm_id":1420948877},"geometry":{"type":"LineString","coordinates":[[3.368696,6.582066],[3.36786,6.582484],[3.367244,6.582883],[3.366983,6.583007]]}},{"type":"Feature","properties":{"highway":"primary","name":"Opebi Road","bridge":false,"osm_id":1445758060},"geometry":{"type":"LineString","coordinates":[[3.366675,6.583166],[3.366811,6.583053]]}},{"type":"Feature","properties":{"highway":"primary","name":"","bridge":true,"osm_id":1529493695},"geometry":{"type":"LineString","coordinates":[[3.368317,6.5815],[3.368491,6.581455],[3.368696,6.581519],[3.368775,6.581606],[3.368838,6.581799],[3.368792,6.581953],[3.368696,6.582066]]}},{"type":"Feature","properties":{"highway":"tertiary","name":"Sobo Arobiodu Street","bridge":false,"osm_id":8156468},"geometry":{"type":"LineString","coordinates":[[3.360312,6.579189],[3.355699,6.57732]]}},{"type":"Feature","properties":{"highway":"tertiary","name":"Sobo Arobiodu Street","bridge":false,"osm_id":136426198},"geometry":{"type":"LineString","coordinates":[[3.355535,6.57717],[3.355699,6.57732]]}},{"type":"Feature","properties":{"highway":"tertiary","name":"Sobo Arobiodu Street","bridge":false,"osm_id":136426225},"geometry":{"type":"LineString","coordinates":[[3.355699,6.57732],[3.355471,6.577338]]}},{"type":"Feature","properties":{"highway":"primary_link","name":"","bridge":false,"osm_id":136430383},"geometry":{"type":"LineString","coordinates":[[3.358999,6.582439],[3.359054,6.582378],[3.359116,6.582369],[3.359147,6.582391],[3.359158,6.582491]]}},{"type":"Feature","properties":{"highway":"primary_link","name":"","bridge":false,"osm_id":513636334},"geometry":{"type":"LineString","coordinates":[[3.359259,6.582228],[3.359212,6.582264],[3.359141,6.582251],[3.359117,6.58216]]}},{"type":"Feature","properties":{"highway":"tertiary","name":"Sobo Arobiodu Street","bridge":false,"osm_id":1059940999},"geometry":{"type":"LineString","coordinates":[[3.360431,6.579237],[3.360312,6.579189]]}},{"type":"Feature","properties":{"highway":"primary","name":"Mobolaji Bank-Anthony Way","bridge":false,"osm_id":1059941000},"geometry":{"type":"LineString","coordinates":[[3.360312,6.579189],[3.360677,6.578298]]}},{"type":"Feature","properties":{"highway":"primary","name":"Mobolaji Bank-Anthony Way","bridge":false,"osm_id":1059941002},"geometry":{"type":"LineString","coordinates":[[3.360493,6.579088],[3.360431,6.579237]]}},{"type":"Feature","properties":{"highway":"motorway","name":"Lagos-Ibadan Expressway","bridge":false,"osm_id":25115329},"geometry":{"type":"LineString","coordinates":[[3.382723,6.59404],[3.380678,6.596697],[3.380611,6.596826],[3.378706,6.599238],[3.376892,6.601635],[3.37476,6.604309],[3.367823,6.613195],[3.367422,6.613765],[3.366658,6.61496],[3.365767,6.616725],[3.365146,6.618226],[3.364741,6.619475],[3.364444,6.620651],[3.364342,6.621189],[3.36411,6.622972],[3.364032,6.624486],[3.364056,6.625694],[3.364142,6.626956],[3.36433,6.628222]]}},{"type":"Feature","properties":{"highway":"motorway","name":"Ikorodu Road","bridge":false,"osm_id":133882117},"geometry":{"type":"LineString","coordinates":[[3.386074,6.597664],[3.385486,6.596923],[3.381944,6.591997],[3.379781,6.589099],[3.374944,6.582425]]}},{"type":"Feature","properties":{"highway":"motorway","name":"Lagos-Ibadan Expressway","bridge":false,"osm_id":135199746},"geometry":{"type":"LineString","coordinates":[[3.364152,6.628235],[3.363978,6.626978],[3.363863,6.625116],[3.363884,6.623644],[3.363953,6.622748],[3.364086,6.621727],[3.364381,6.620165],[3.364871,6.618493],[3.365428,6.617039],[3.365908,6.615992],[3.36629,6.615272],[3.367016,6.61409],[3.367693,6.613107],[3.373554,6.605522],[3.373794,6.605243],[3.374362,6.60445],[3.375328,6.603202],[3.375836,6.602604],[3.376447,6.601796],[3.377945,6.599921],[3.3803,6.596707],[3.382586,6.593865]]}},{"type":"Feature","properties":{"highway":"busway","name":"","bridge":false,"osm_id":671841238},"geometry":{"type":"LineString","coordinates":[[3.386074,6.597664],[3.385777,6.597346],[3.385338,6.596762],[3.381863,6.591995],[3.379833,6.58927],[3.374705,6.58219]]}},{"type":"Feature","properties":{"highway":"primary","name":"","bridge":true,"osm_id":1529493694},"geometry":{"type":"LineString","coordinates":[[3.366906,6.582953],[3.367075,6.582676],[3.368317,6.5815]]}},{"type":"Feature","properties":{"highway":"motorway_link","name":"","bridge":false,"osm_id":133879426},"geometry":{"type":"LineString","coordinates":[[3.370128,6.575363],[3.370326,6.575836]]}},{"type":"Feature","properties":{"highway":"motorway_link","name":"","bridge":false,"osm_id":133879429},"geometry":{"type":"LineString","coordinates":[[3.370339,6.576098],[3.36995,6.575765]]}},{"type":"Feature","properties":{"highway":"motorway","name":"Ikorodu Road","bridge":false,"osm_id":8064804},"geometry":{"type":"LineString","coordinates":[[3.368756,6.573624],[3.369322,6.574469],[3.370326,6.575836],[3.370678,6.576405],[3.371782,6.577911]]}},{"type":"Feature","properties":{"highway":"motorway","name":"Ikorodu Road","bridge":false,"osm_id":133879436},"geometry":{"type":"LineString","coordinates":[[3.371678,6.57794],[3.369302,6.574683],[3.36864,6.573686]]}},{"type":"Feature","properties":{"highway":"busway","name":"","bridge":false,"osm_id":1433195982},"geometry":{"type":"LineString","coordinates":[[3.371647,6.577958],[3.37011,6.575902]]}},{"type":"Feature","properties":{"highway":"busway","name":"","bridge":false,"osm_id":1433195984},"geometry":{"type":"LineString","coordinates":[[3.370221,6.575584],[3.370715,6.57638],[3.371822,6.577875]]}},{"type":"Feature","properties":{"highway":"primary","name":"Maryland-Opebi-Ojota Link Bridge","bridge":false,"osm_id":1465194308},"geometry":{"type":"LineString","coordinates":[[3.37537,6.583205],[3.375303,6.583196],[3.374572,6.582366]]}},{"type":"Feature","properties":{"highway":"busway","name":"","bridge":false,"osm_id":1465194310},"geometry":{"type":"LineString","coordinates":[[3.374859,6.582076],[3.375127,6.582449]]}},{"type":"Feature","properties":{"highway":"motorway","name":"Ikorodu Road","bridge":true,"osm_id":133879433},"geometry":{"type":"LineString","coordinates":[[3.374752,6.582158],[3.371678,6.57794]]}},{"type":"Feature","properties":{"highway":"motorway","name":"Ikorodu Road","bridge":true,"osm_id":133879440},"geometry":{"type":"LineString","coordinates":[[3.371782,6.577911],[3.374692,6.581921]]}},{"type":"Feature","properties":{"highway":"primary","name":"Maryland-Opebi-Ojota Link Bridge","bridge":true,"osm_id":1420862251},"geometry":{"type":"LineString","coordinates":[[3.372625,6.579862],[3.372971,6.580314],[3.373383,6.580754],[3.373618,6.580786],[3.374022,6.580655],[3.374128,6.580644],[3.374324,6.580698],[3.374452,6.580847],[3.37457,6.581059]]}},{"type":"Feature","properties":{"highway":"motorway","name":"Ikorodu Road","bridge":false,"osm_id":1420862253},"geometry":{"type":"LineString","coordinates":[[3.374813,6.582106],[3.375084,6.582484]]}},{"type":"Feature","properties":{"highway":"primary","name":"Maryland-Opebi-Ojota Link Bridge","bridge":true,"osm_id":1420862256},"geometry":{"type":"LineString","coordinates":[[3.373766,6.581504],[3.372414,6.579788]]}},{"type":"Feature","properties":{"highway":"primary","name":"Ikorodu Road","bridge":false,"osm_id":1420862257},"geometry":{"type":"LineString","coordinates":[[3.372162,6.577991],[3.372124,6.57816],[3.372019,6.578304],[3.371888,6.578368],[3.37177,6.578366],[3.371649,6.578314]]}},{"type":"Feature","properties":{"highway":"primary","name":"Maryland-Opebi-Ojota Link Bridge","bridge":false,"osm_id":1420862259},"geometry":{"type":"LineString","coordinates":[[3.371894,6.579016],[3.371824,6.578748],[3.371569,6.578262]]}},{"type":"Feature","properties":{"highway":"primary","name":"","bridge":true,"osm_id":1420948878},"geometry":{"type":"LineString","coordinates":[[3.369466,6.58071],[3.370083,6.580326],[3.371322,6.579697]]}},{"type":"Feature","properties":{"highway":"primary","name":"Maryland-Opebi-Ojota Link Bridge","bridge":false,"osm_id":1420948880},"geometry":{"type":"LineString","coordinates":[[3.371894,6.579016],[3.372158,6.578475],[3.372306,6.578412],[3.372437,6.578435],[3.372514,6.578493],[3.372633,6.578649],[3.372663,6.578755],[3.372642,6.57883],[3.372513,6.578979],[3.371879,6.579489]]}},{"type":"Feature","properties":{"highway":"primary","name":"Maryland-Opebi-Ojota Link Bridge","bridge":true,"osm_id":1420948882},"geometry":{"type":"LineString","coordinates":[[3.373766,6.581504],[3.373732,6.581359],[3.373742,6.581183],[3.373815,6.581038],[3.374074,6.580878],[3.374213,6.580846],[3.374325,6.580882],[3.37457,6.581059],[3.375006,6.582068]]}},{"type":"Feature","properties":{"highway":"primary","name":"Maryland-Opebi-Ojota Link Bridge","bridge":true,"osm_id":1433195978},"geometry":{"type":"LineString","coordinates":[[3.374572,6.582366],[3.374264,6.582075],[3.373766,6.581504]]}},{"type":"Feature","properties":{"highway":"primary","name":"Maryland-Opebi-Ojota Link Bridge","bridge":true,"osm_id":1433195979},"geometry":{"type":"LineString","coordinates":[[3.372414,6.579788],[3.372188,6.579505],[3.372014,6.579472]]}},{"type":"Feature","properties":{"highway":"motorway","name":"Ikorodu Road","bridge":false,"osm_id":1433195980},"geometry":{"type":"LineString","coordinates":[[3.374944,6.582425],[3.374752,6.582158]]}},{"type":"Feature","properties":{"highway":"busway","name":"","bridge":true,"osm_id":1433195983},"geometry":{"type":"LineString","coordinates":[[3.374705,6.58219],[3.371647,6.577958]]}},{"type":"Feature","properties":{"highway":"busway","name":"","bridge":true,"osm_id":1433195985},"geometry":{"type":"LineString","coordinates":[[3.371822,6.577875],[3.374859,6.582076]]}},{"type":"Feature","properties":{"highway":"primary","name":"","bridge":false,"osm_id":1465194306},"geometry":{"type":"LineString","coordinates":[[3.372144,6.577894],[3.372229,6.577921],[3.37261,6.578407],[3.372639,6.5785],[3.37264,6.578673]]}},{"type":"Feature","properties":{"highway":"primary","name":"Maryland-Opebi-Ojota Link Bridge","bridge":true,"osm_id":1465194307},"geometry":{"type":"LineString","coordinates":[[3.372312,6.579274],[3.372336,6.579475],[3.372625,6.579862]]}},{"type":"Feature","properties":{"highway":"motorway","name":"Ikorodu Road","bridge":true,"osm_id":1465194309},"geometry":{"type":"LineString","coordinates":[[3.374692,6.581921],[3.374813,6.582106]]}},{"type":"Feature","properties":{"highway":"primary","name":"Maryland-Opebi-Ojota Link Bridge","bridge":false,"osm_id":1465194312},"geometry":{"type":"LineString","coordinates":[[3.371566,6.579534],[3.371751,6.579358],[3.371874,6.579158],[3.371894,6.579016]]}},{"type":"Feature","properties":{"highway":"primary","name":"Maryland-Opebi-Ojota Link Bridge","bridge":true,"osm_id":1465194313},"geometry":{"type":"LineString","coordinates":[[3.371664,6.579638],[3.371435,6.579793]]}},{"type":"Feature","properties":{"highway":"primary","name":"Maryland-Opebi-Ojota Link Bridge","bridge":false,"osm_id":1465194314},"geometry":{"type":"LineString","coordinates":[[3.372014,6.579472],[3.371879,6.579489],[3.371664,6.579638]]}},{"type":"Feature","properties":{"highway":"primary","name":"Maryland-Opebi-Ojota Link Bridge","bridge":false,"osm_id":1465377779},"geometry":{"type":"LineString","coordinates":[[3.372345,6.57911],[3.372312,6.579274]]}},{"type":"Feature","properties":{"highway":"primary","name":"","bridge":true,"osm_id":1529493696},"geometry":{"type":"LineString","coordinates":[[3.371435,6.579793],[3.369918,6.581201]]}},{"type":"Feature","properties":{"highway":"primary","name":"","bridge":true,"osm_id":1529493697},"geometry":{"type":"LineString","coordinates":[[3.369918,6.581201],[3.369758,6.581293],[3.369629,6.581318],[3.369484,6.58129],[3.369381,6.581208],[3.369323,6.581119],[3.369301,6.580947],[3.369332,6.580853],[3.369466,6.58071]]}},{"type":"Feature","properties":{"highway":"primary","name":"Opebi Link Road","bridge":false,"osm_id":136341461},"geometry":{"type":"LineString","coordinates":[[3.363742,6.585916],[3.363895,6.586023],[3.364026,6.586051]]}},{"type":"Feature","properties":{"highway":"primary","name":"Opebi Link Road","bridge":true,"osm_id":136341467},"geometry":{"type":"LineString","coordinates":[[3.362083,6.584775],[3.363742,6.585916]]}},{"type":"Feature","properties":{"highway":"primary","name":"Opebi Link Road","bridge":true,"osm_id":136341468},"geometry":{"type":"LineString","coordinates":[[3.36371,6.585978],[3.36202,6.584849]]}},{"type":"Feature","properties":{"highway":"primary","name":"Opebi Link Road","bridge":false,"osm_id":136341470},"geometry":{"type":"LineString","coordinates":[[3.363824,6.586267],[3.363851,6.586208],[3.363844,6.586109],[3.36371,6.585978]]}},{"type":"Feature","properties":{"highway":"primary","name":"Opebi Road","bridge":false,"osm_id":1137207824},"geometry":{"type":"LineString","coordinates":[[3.366771,6.5832],[3.365338,6.584711],[3.364057,6.586149]]}},{"type":"Feature","properties":{"highway":"primary","name":"Opebi Road","bridge":false,"osm_id":1137207825},"geometry":{"type":"LineString","coordinates":[[3.364026,6.586051],[3.36618,6.583655],[3.366675,6.583166]]}},{"type":"Feature","properties":{"highway":"primary_link","name":"","bridge":false,"osm_id":1293773207},"geometry":{"type":"LineString","coordinates":[[3.36308,6.587103],[3.36315,6.587158]]}},{"type":"Feature","properties":{"highway":"primary","name":"","bridge":false,"osm_id":1433193505},"geometry":{"type":"LineString","coordinates":[[3.363824,6.586267],[3.364026,6.586051]]}},{"type":"Feature","properties":{"highway":"primary","name":"Opebi Road","bridge":false,"osm_id":1445758061},"geometry":{"type":"LineString","coordinates":[[3.366846,6.583132],[3.366771,6.5832]]}},{"type":"Feature","properties":{"highway":"primary","name":"Opebi Road","bridge":false,"osm_id":1445758062},"geometry":{"type":"LineString","coordinates":[[3.364057,6.586149],[3.36315,6.587158]]}},{"type":"Feature","properties":{"highway":"primary","name":"Opebi Road","bridge":false,"osm_id":1445758063},"geometry":{"type":"LineString","coordinates":[[3.36308,6.587104],[3.363824,6.586267]]}},{"type":"Feature","properties":{"highway":"secondary","name":"Opebi Link Road","bridge":true,"osm_id":136333529},"geometry":{"type":"LineString","coordinates":[[3.366064,6.596845],[3.365755,6.596511],[3.365242,6.596047],[3.364939,6.595829],[3.363316,6.594808],[3.362891,6.594488],[3.361826,6.593589]]}},{"type":"Feature","properties":{"highway":"primary","name":"Opebi Link Road","bridge":false,"osm_id":136341479},"geometry":{"type":"LineString","coordinates":[[3.36202,6.584849],[3.361851,6.584746],[3.361405,6.584601],[3.360546,6.584584],[3.360306,6.584549],[3.358791,6.58397],[3.35868,6.583959],[3.358589,6.583993],[3.358476,6.584113]]}},{"type":"Feature","properties":{"highway":"primary","name":"Opebi Link Road","bridge":false,"osm_id":136341482},"geometry":{"type":"LineString","coordinates":[[3.358708,6.583552],[3.358713,6.583731],[3.358748,6.583829],[3.358818,6.583893],[3.360128,6.584401],[3.360389,6.584471],[3.36116,6.584484],[3.361447,6.584517],[3.361761,6.584608],[3.362083,6.584775]]}},{"type":"Feature","properties":{"highway":"secondary","name":"Opebi Link Road","bridge":false,"osm_id":136333538},"geometry":{"type":"LineString","coordinates":[[3.36173,6.593514],[3.361551,6.593415],[3.360526,6.592584],[3.360062,6.592246],[3.359439,6.591684]]}},{"type":"Feature","properties":{"highway":"secondary","name":"Opebi Link Road","bridge":false,"osm_id":583700617},"geometry":{"type":"LineString","coordinates":[[3.361826,6.593589],[3.36173,6.593514]]}},{"type":"Feature","properties":{"highway":"secondary_link","name":"","bridge":false,"osm_id":583700618},"geometry":{"type":"LineString","coordinates":[[3.359586,6.591829],[3.359418,6.591795],[3.359306,6.591831]]}},{"type":"Feature","properties":{"highway":"secondary_link","name":"","bridge":false,"osm_id":583700621},"geometry":{"type":"LineString","coordinates":[[3.359587,6.591488],[3.359557,6.59161],[3.359573,6.591734]]}},{"type":"Feature","properties":{"highway":"secondary","name":"Opebi Link Road","bridge":false,"osm_id":583700626},"geometry":{"type":"LineString","coordinates":[[3.359439,6.591685],[3.359356,6.591619]]}},{"type":"Feature","properties":{"highway":"secondary","name":"Opebi Link Road","bridge":false,"osm_id":583700627},"geometry":{"type":"LineString","coordinates":[[3.359394,6.591571],[3.359475,6.591638]]}},{"type":"Feature","properties":{"highway":"secondary","name":"Opebi Link Road","bridge":false,"osm_id":583700628},"geometry":{"type":"LineString","coordinates":[[3.359475,6.591638],[3.360114,6.592193],[3.361607,6.593334],[3.36173,6.593514]]}},{"type":"Feature","properties":{"highway":"secondary_link","name":"","bridge":false,"osm_id":1137583362},"geometry":{"type":"LineString","coordinates":[[3.373065,6.592051],[3.372997,6.591983]]}},{"type":"Feature","properties":{"highway":"secondary","name":"Opebi Link Road","bridge":false,"osm_id":136333524},"geometry":{"type":"LineString","coordinates":[[3.366921,6.597574],[3.366412,6.597186],[3.366064,6.596845]]}},{"type":"Feature","properties":{"highway":"secondary","name":"Opebi Link Road","bridge":false,"osm_id":583700619},"geometry":{"type":"LineString","coordinates":[[3.367187,6.597829],[3.366921,6.597574]]}},{"type":"Feature","properties":{"highway":"secondary","name":"Opebi Link Road","bridge":false,"osm_id":583700620},"geometry":{"type":"LineString","coordinates":[[3.366921,6.597574],[3.367248,6.597758]]}},{"type":"Feature","properties":{"highway":"secondary","name":"Opebi Link Road","bridge":false,"osm_id":583700622},"geometry":{"type":"LineString","coordinates":[[3.367248,6.597758],[3.367325,6.597818]]}},{"type":"Feature","properties":{"highway":"secondary","name":"Opebi Link Road","bridge":false,"osm_id":583700623},"geometry":{"type":"LineString","coordinates":[[3.367264,6.597884],[3.367187,6.597829]]}},{"type":"Feature","properties":{"highway":"tertiary","name":"Ikosi Road","bridge":false,"osm_id":1343275452},"geometry":{"type":"LineString","coordinates":[[3.365207,6.600592],[3.365063,6.6006],[3.364774,6.600548],[3.364556,6.600407]]}},{"type":"Feature","properties":{"highway":"tertiary","name":"Ikosi Road","bridge":false,"osm_id":1343275453},"geometry":{"type":"LineString","coordinates":[[3.364613,6.600353],[3.364835,6.600498],[3.365207,6.600592]]}},{"type":"Feature","properties":{"highway":"tertiary","name":"Mobolaji Johnson Way","bridge":false,"osm_id":136333528},"geometry":{"type":"LineString","coordinates":[[3.376686,6.600751],[3.375437,6.599754],[3.375291,6.599744],[3.3752,6.599824],[3.374497,6.600754],[3.373472,6.601946],[3.371698,6.604643],[3.369191,6.608071],[3.368245,6.609443]]}},{"type":"Feature","properties":{"highway":"tertiary","name":"Ikosi Road","bridge":false,"osm_id":136333530},"geometry":{"type":"LineString","coordinates":[[3.365207,6.600592],[3.366014,6.600583],[3.366428,6.600502],[3.367548,6.600114],[3.368079,6.600003],[3.370042,6.599875],[3.370682,6.599792],[3.37237,6.599643],[3.37413,6.59935],[3.37495,6.599331],[3.375071,6.599352],[3.375189,6.599462]]}},{"type":"Feature","properties":{"highway":"tertiary","name":"Mobolaji Johnson Way","bridge":false,"osm_id":136333561},"geometry":{"type":"LineString","coordinates":[[3.363648,6.616115],[3.365209,6.613846],[3.366802,6.611398],[3.369487,6.607537],[3.372366,6.603497],[3.37342,6.60191],[3.374343,6.60079],[3.375117,6.599785],[3.375299,6.599659],[3.375465,6.599686],[3.376716,6.600671]]}},{"type":"Feature","properties":{"highway":"tertiary","name":"","bridge":false,"osm_id":531929380},"geometry":{"type":"LineString","coordinates":[[3.358646,6.611887],[3.358887,6.611593],[3.359064,6.611437],[3.35909,6.611374],[3.359075,6.611243],[3.356502,6.608671]]}},{"type":"Feature","properties":{"highway":"tertiary_link","name":"","bridge":false,"osm_id":1451624576},"geometry":{"type":"LineString","coordinates":[[3.368534,6.609024],[3.368521,6.609182],[3.368323,6.609492]]}},{"type":"Feature","properties":{"highway":"motorway_link","name":"","bridge":false,"osm_id":135181739},"geometry":{"type":"LineString","coordinates":[[3.375287,6.604072],[3.37494,6.604191],[3.37476,6.604309]]}},{"type":"Feature","properties":{"highway":"tertiary","name":"CMD Avenue","bridge":false,"osm_id":135193159},"geometry":{"type":"LineString","coordinates":[[3.37105,6.609786],[3.373009,6.607196],[3.375616,6.603973],[3.376905,6.602151],[3.379024,6.599512]]}},{"type":"Feature","properties":{"highway":"motorway_link","name":"","bridge":false,"osm_id":292634026},"geometry":{"type":"LineString","coordinates":[[3.373937,6.605038],[3.374004,6.604829],[3.374231,6.604409],[3.375375,6.60294],[3.375721,6.602544],[3.376052,6.602236],[3.376166,6.602164]]}},{"type":"Feature","properties":{"highway":"motorway_link","name":"","bridge":false,"osm_id":587979411},"geometry":{"type":"LineString","coordinates":[[3.37388,6.605123],[3.374032,6.605248]]}},{"type":"Feature","properties":{"highway":"tertiary","name":"","bridge":false,"osm_id":23711676},"geometry":{"type":"LineString","coordinates":[[3.358646,6.611887],[3.357773,6.61291],[3.356604,6.614196],[3.356208,6.614683]]}},{"type":"Feature","properties":{"highway":"tertiary","name":"M.K.O. Abiola Gardens Rd","bridge":false,"osm_id":135195288},"geometry":{"type":"LineString","coordinates":[[3.363713,6.621163],[3.358278,6.620925],[3.358141,6.620939],[3.358035,6.621049]]}},{"type":"Feature","properties":{"highway":"tertiary","name":"","bridge":false,"osm_id":135195293},"geometry":{"type":"LineString","coordinates":[[3.357945,6.62307],[3.357898,6.619094],[3.358015,6.618812],[3.358464,6.618049],[3.359024,6.617198],[3.359099,6.617042],[3.359128,6.616857]]}},{"type":"Feature","properties":{"highway":"tertiary","name":"","bridge":false,"osm_id":135195295},"geometry":{"type":"LineString","coordinates":[[3.359456,6.617078],[3.359308,6.617094],[3.359129,6.617273],[3.35875,6.61784],[3.358056,6.619004],[3.358028,6.619218],[3.358035,6.621049],[3.35808,6.623067]]}},{"type":"Feature","properties":{"highway":"tertiary","name":"M.K.O. Abiola Gardens Rd","bridge":false,"osm_id":135195296},"geometry":{"type":"LineString","coordinates":[[3.358035,6.620696],[3.358098,6.620759],[3.358256,6.62081],[3.363732,6.621044]]}},{"type":"Feature","properties":{"highway":"tertiary","name":"House of Assembly","bridge":false,"osm_id":135199747},"geometry":{"type":"LineString","coordinates":[[3.361368,6.618126],[3.361407,6.617994],[3.361652,6.617623],[3.363099,6.615514],[3.363193,6.615291],[3.363148,6.615083]]}},{"type":"Feature","properties":{"highway":"primary_link","name":"","bridge":false,"osm_id":135199750},"geometry":{"type":"LineString","coordinates":[[3.361611,6.617797],[3.361588,6.617979],[3.361628,6.618106],[3.361681,6.618164],[3.361961,6.618268],[3.362034,6.618321]]}},{"type":"Feature","properties":{"highway":"secondary_link","name":"","bridge":false,"osm_id":136338273},"geometry":{"type":"LineString","coordinates":[[3.357792,6.615832],[3.35805,6.615895],[3.35819,6.615832],[3.358272,6.61575]]}},{"type":"Feature","properties":{"highway":"tertiary","name":"Governor's Road","bridge":false,"osm_id":136338286},"geometry":{"type":"LineString","coordinates":[[3.358029,6.616101],[3.360235,6.612891]]}},{"type":"Feature","properties":{"highway":"tertiary","name":"Governor's Avenue","bridge":false,"osm_id":136338293},"geometry":{"type":"LineString","coordinates":[[3.358706,6.611815],[3.363258,6.615016]]}},{"type":"Feature","properties":{"highway":"tertiary","name":"","bridge":false,"osm_id":136338301},"geometry":{"type":"LineString","coordinates":[[3.363037,6.615619],[3.363759,6.616083],[3.364958,6.616948]]}},{"type":"Feature","properties":{"highway":"tertiary","name":"Governor's Road","bridge":false,"osm_id":136338306},"geometry":{"type":"LineString","coordinates":[[3.360334,6.612964],[3.358103,6.616152]]}},{"type":"Feature","properties":{"highway":"secondary_link","name":"","bridge":false,"osm_id":136338315},"geometry":{"type":"LineString","coordinates":[[3.358308,6.615854],[3.358293,6.616058],[3.358398,6.616247]]}},{"type":"Feature","properties":{"highway":"tertiary","name":"","bridge":false,"osm_id":223633572},"geometry":{"type":"LineString","coordinates":[[3.364902,6.617004],[3.363648,6.616115],[3.362987,6.615691]]}},{"type":"Feature","properties":{"highway":"primary","name":"Dr. Nurudeen Olowopopo Drive","bridge":false,"osm_id":223633573},"geometry":{"type":"LineString","coordinates":[[3.365062,6.617068],[3.365081,6.617181],[3.364653,6.618271],[3.364124,6.619836],[3.3639,6.620795],[3.363598,6.622513]]}},{"type":"Feature","properties":{"highway":"tertiary","name":"CMD Road Magodo GRA Phase 2","bridge":false,"osm_id":292634016},"geometry":{"type":"LineString","coordinates":[[3.36474,6.62856],[3.36477,6.626885],[3.365041,6.623552],[3.364991,6.623303],[3.36492,6.623138],[3.364528,6.622411],[3.364458,6.622201],[3.364731,6.621296],[3.364968,6.62015],[3.365669,6.617874],[3.366001,6.616989],[3.366312,6.616308],[3.367127,6.614849],[3.367493,6.614255],[3.367855,6.613762],[3.37105,6.609786]]}},{"type":"Feature","properties":{"highway":"motorway_link","name":"","bridge":false,"osm_id":292634060},"geometry":{"type":"LineString","coordinates":[[3.363598,6.622513],[3.363536,6.622303],[3.363521,6.622127]]}},{"type":"Feature","properties":{"highway":"tertiary","name":"House of Assembly","bridge":false,"osm_id":610896826},"geometry":{"type":"LineString","coordinates":[[3.363258,6.615016],[3.363322,6.615146],[3.363325,6.615309],[3.363192,6.615567],[3.361437,6.618066],[3.361368,6.618126]]}},{"type":"Feature","properties":{"highway":"tertiary","name":"Governor's Avenue","bridge":false,"osm_id":610896827},"geometry":{"type":"LineString","coordinates":[[3.363148,6.615083],[3.363004,6.614919],[3.358646,6.611887]]}},{"type":"Feature","properties":{"highway":"tertiary_link","name":"","bridge":false,"osm_id":1122915973},"geometry":{"type":"LineString","coordinates":[[3.363201,6.615831],[3.363081,6.615824],[3.362962,6.615894]]}},{"type":"Feature","properties":{"highway":"secondary","name":"Dr. Nurudeen Olowopopo Drive","bridge":false,"osm_id":1433685130},"geometry":{"type":"LineString","coordinates":[[3.363407,6.626949],[3.363276,6.626686],[3.363265,6.626584],[3.363219,6.624022],[3.363246,6.623606],[3.363521,6.622127]]}},{"type":"Feature","properties":{"highway":"tertiary","name":"Mobolaji Johnson Way","bridge":false,"osm_id":1566370311},"geometry":{"type":"LineString","coordinates":[[3.368245,6.609443],[3.366857,6.611434],[3.365301,6.613825],[3.363707,6.616156]]}},{"type":"Feature","properties":{"highway":"tertiary_link","name":"","bridge":false,"osm_id":580920624},"geometry":{"type":"LineString","coordinates":[[3.36032,6.621007],[3.360322,6.620897]]}},{"type":"Feature","properties":{"highway":"tertiary_link","name":"","bridge":false,"osm_id":580920627},"geometry":{"type":"LineString","coordinates":[[3.358926,6.617353],[3.359028,6.61742]]}},{"type":"Feature","properties":{"highway":"tertiary","name":"","bridge":false,"osm_id":582936524},"geometry":{"type":"LineString","coordinates":[[3.357911,6.620245],[3.358035,6.620249]]}},{"type":"Feature","properties":{"highway":"tertiary","name":"","bridge":false,"osm_id":582936525},"geometry":{"type":"LineString","coordinates":[[3.358037,6.62037],[3.357911,6.62037]]}},{"type":"Feature","properties":{"highway":"tertiary","name":"","bridge":false,"osm_id":610896828},"geometry":{"type":"LineString","coordinates":[[3.361368,6.618126],[3.361123,6.618162]]}},{"type":"Feature","properties":{"highway":"tertiary_link","name":"","bridge":false,"osm_id":784960735},"geometry":{"type":"LineString","coordinates":[[3.357501,6.620365],[3.357502,6.620237]]}},{"type":"Feature","properties":{"highway":"primary_link","name":"","bridge":false,"osm_id":991867290},"geometry":{"type":"LineString","coordinates":[[3.360859,6.617914],[3.361262,6.617999],[3.361414,6.617935],[3.361548,6.617783]]}},{"type":"Feature","properties":{"highway":"tertiary","name":"","bridge":false,"osm_id":991867291},"geometry":{"type":"LineString","coordinates":[[3.361371,6.618254],[3.361368,6.618126]]}},{"type":"Feature","properties":{"highway":"primary","name":"Obafemi Awolowo Way","bridge":false,"osm_id":135199745},"geometry":{"type":"LineString","coordinates":[[3.362568,6.618453],[3.363633,6.618586],[3.364378,6.618717],[3.364483,6.618758]]}},{"type":"Feature","properties":{"highway":"primary","name":"Dr. Nurudeen Olowopopo Drive","bridge":false,"osm_id":135199757},"geometry":{"type":"LineString","coordinates":[[3.363521,6.622127],[3.36384,6.620528],[3.364063,6.619629],[3.36488,6.617293],[3.364916,6.61708]]}},{"type":"Feature","properties":{"highway":"motorway_link","name":"","bridge":false,"osm_id":223636830},"geometry":{"type":"LineString","coordinates":[[3.364999,6.616944],[3.365225,6.616862],[3.365576,6.616578],[3.365721,6.616408]]}},{"type":"Feature","properties":{"highway":"secondary","name":"","bridge":false,"osm_id":292634007},"geometry":{"type":"LineString","coordinates":[[3.364916,6.61708],[3.364916,6.616978],[3.364999,6.616944],[3.365053,6.616977],[3.365071,6.617037],[3.365044,6.617091],[3.364963,6.617112],[3.364916,6.61708]]}},{"type":"Feature","properties":{"highway":"primary_link","name":"","bridge":false,"osm_id":292634008},"geometry":{"type":"LineString","coordinates":[[3.364143,6.618671],[3.364295,6.618569],[3.364548,6.618234]]}},{"type":"Feature","properties":{"highway":"motorway_link","name":"","bridge":false,"osm_id":292634014},"geometry":{"type":"LineString","coordinates":[[3.365872,6.616503],[3.366157,6.61664]]}},{"type":"Feature","properties":{"highway":"primary_link","name":"","bridge":false,"osm_id":292634038},"geometry":{"type":"LineString","coordinates":[[3.364314,6.618888],[3.364248,6.618774],[3.364143,6.618671]]}},{"type":"Feature","properties":{"highway":"tertiary","name":"","bridge":false,"osm_id":582936526},"geometry":{"type":"LineString","coordinates":[[3.363732,6.621044],[3.363853,6.621049]]}},{"type":"Feature","properties":{"highway":"tertiary","name":"","bridge":false,"osm_id":582936527},"geometry":{"type":"LineString","coordinates":[[3.363837,6.621172],[3.363713,6.621163]]}},{"type":"Feature","properties":{"highway":"tertiary","name":"Otunba Jobi Fele Way","bridge":false,"osm_id":135195292},"geometry":{"type":"LineString","coordinates":[[3.361621,6.626591],[3.361486,6.626551],[3.361417,6.626453],[3.361331,6.625638],[3.361279,6.62546],[3.361073,6.625108],[3.360891,6.624943],[3.360184,6.624497],[3.360074,6.624367],[3.360004,6.624102],[3.359968,6.623296],[3.359916,6.623219],[3.359727,6.623158],[3.358033,6.623176]]}},{"type":"Feature","properties":{"highway":"tertiary_link","name":"","bridge":false,"osm_id":587388806},"geometry":{"type":"LineString","coordinates":[[3.357933,6.622629],[3.358075,6.622629]]}},{"type":"Feature","properties":{"highway":"tertiary","name":"","bridge":false,"osm_id":587388809},"geometry":{"type":"LineString","coordinates":[[3.35808,6.623067],[3.358033,6.623176]]}},{"type":"Feature","properties":{"highway":"tertiary","name":"","bridge":false,"osm_id":587388811},"geometry":{"type":"LineString","coordinates":[[3.358033,6.623176],[3.357945,6.62307]]}},{"type":"Feature","properties":{"highway":"tertiary_link","name":"","bridge":false,"osm_id":587388814},"geometry":{"type":"LineString","coordinates":[[3.360113,6.623864],[3.360001,6.623865]]}},{"type":"Feature","properties":{"highway":"tertiary","name":"","bridge":false,"osm_id":587388815},"geometry":{"type":"LineString","coordinates":[[3.357945,6.62307],[3.35808,6.623067]]}},{"type":"Feature","properties":{"highway":"tertiary","name":"Otunba Jobi Fele Way","bridge":false,"osm_id":587388816},"geometry":{"type":"LineString","coordinates":[[3.35808,6.623067],[3.359736,6.623059],[3.359967,6.623107],[3.360036,6.623169],[3.360079,6.623273],[3.360098,6.623467],[3.360136,6.624234],[3.360188,6.624328],[3.360285,6.624416],[3.360983,6.624846],[3.36116,6.625],[3.361315,6.625237],[3.361459,6.625597],[3.361522,6.62633],[3.361595,6.626452],[3.361682,6.626487]]}},{"type":"Feature","properties":{"highway":"tertiary_link","name":"","bridge":false,"osm_id":588251537},"geometry":{"type":"LineString","coordinates":[[3.355663,6.623337],[3.355648,6.623238]]}},{"type":"Feature","properties":{"highway":"motorway_link","name":"","bridge":false,"osm_id":135199772},"geometry":{"type":"LineString","coordinates":[[3.363884,6.623644],[3.363724,6.622833]]}},{"type":"Feature","properties":{"highway":"motorway_link","name":"","bridge":false,"osm_id":292634048},"geometry":{"type":"LineString","coordinates":[[3.363724,6.622833],[3.363664,6.622798],[3.363606,6.62282],[3.363496,6.622982]]}},{"type":"Feature","properties":{"highway":"secondary","name":"Dr. Nurudeen Olowopopo Drive","bridge":false,"osm_id":1433685131},"geometry":{"type":"LineString","coordinates":[[3.363598,6.622513],[3.363386,6.623611],[3.363352,6.62402],[3.363407,6.626949]]}},{"type":"Feature","properties":{"highway":"motorway_link","name":"","bridge":false,"osm_id":1433685132},"geometry":{"type":"LineString","coordinates":[[3.363724,6.622833],[3.363598,6.622513]]}}]}