{"type":"FeatureCollection","attribution":"\u00a9 OpenStreetMap contributors (ODbL)","features":[{"type":"Feature","properties":{"natural":"coastline","osm_id":13762061},"geometry":{"type":"LineString","coordinates":[[3.141304,6.4018],[3.149342,6.401966],[3.15879,6.402434],[3.164631,6.402944],[3.17492,6.403203],[3.181486,6.403203],[3.194055,6.403799],[3.207436,6.403921],[3.222256,6.403906],[3.23747,6.404034],[3.252601,6.404419],[3.262116,6.404136],[3.272831,6.404141],[3.294866,6.403363],[3.314953,6.402392],[3.325896,6.40154],[3.347127,6.399456],[3.360915,6.398149],[3.372607,6.396864],[3.382322,6.395627],[3.389264,6.394675],[3.393413,6.393863],[3.394896,6.39374],[3.395979,6.393378],[3.397576,6.393313],[3.399465,6.391779],[3.399704,6.392073],[3.397643,6.393825],[3.39595,6.395564],[3.394998,6.39683],[3.393815,6.398509],[3.393198,6.399607],[3.393104,6.399927],[3.393573,6.40038],[3.394599,6.40094],[3.395479,6.401326],[3.396306,6.401518],[3.396702,6.401559],[3.397021,6.401503],[3.397124,6.401438],[3.397285,6.401179],[3.397394,6.400822],[3.399969,6.400498],[3.402494,6.400397]]}},{"type":"Feature","properties":{"natural":"water","water":"canal","osm_id":"way/67553626"},"geometry":{"type":"Polygon","coordinates":[[[3.312387,6.454681],[3.313578,6.45233],[3.313656,6.452146],[3.313618,6.452054],[3.31365,6.451947],[3.313816,6.451748],[3.314651,6.449813],[3.314961,6.44898],[3.314865,6.448838],[3.315116,6.448087],[3.315739,6.44714],[3.315947,6.446491],[3.316302,6.445626],[3.3165,6.444918],[3.316869,6.444096],[3.317476,6.442518],[3.317924,6.441514],[3.31838,6.440352],[3.319283,6.43797],[3.319654,6.436794],[3.319786,6.436712],[3.320163,6.436089],[3.320387,6.435516],[3.320547,6.435303],[3.320753,6.43464],[3.321031,6.434053],[3.321116,6.433769],[3.321361,6.433322],[3.319223,6.433473],[3.319392,6.433919],[3.319299,6.434368],[3.319216,6.434541],[3.319122,6.434515],[3.318972,6.435194],[3.318309,6.437349],[3.318085,6.437722],[3.317761,6.437968],[3.315169,6.444595],[3.315151,6.44466],[3.315232,6.444677],[3.315143,6.445117],[3.315058,6.445109],[3.315029,6.445335],[3.315086,6.445423],[3.314953,6.446187],[3.314536,6.446935],[3.314321,6.447739],[3.313836,6.448716],[3.313346,6.449857],[3.312383,6.452304],[3.310772,6.454816],[3.305826,6.460273],[3.304933,6.460955],[3.303104,6.461941],[3.301438,6.463111],[3.300122,6.464563],[3.29881,6.466778],[3.298645,6.467176],[3.298299,6.467672],[3.291976,6.478068],[3.291492,6.478682],[3.290692,6.480091],[3.29017,6.481588],[3.289938,6.482878],[3.289781,6.489289],[3.289336,6.489252],[3.28893,6.489307],[3.288206,6.489125],[3.288114,6.489586],[3.28791,6.489902],[3.287863,6.49058],[3.287962,6.490847],[3.287875,6.491071],[3.287895,6.491142],[3.288009,6.491231],[3.287977,6.491338],[3.288134,6.491398],[3.288184,6.491509],[3.288146,6.491599],[3.288202,6.491657],[3.288167,6.491758],[3.287724,6.491832],[3.287638,6.491986],[3.287623,6.492416],[3.287775,6.492751],[3.28808,6.493097],[3.288079,6.493243],[3.288439,6.493438],[3.288574,6.493583],[3.288736,6.493566],[3.288996,6.493644],[3.289299,6.493544],[3.289355,6.49376],[3.289302,6.494192],[3.289355,6.494405],[3.28939,6.494469],[3.289715,6.494593],[3.289838,6.494784],[3.289897,6.495154],[3.289905,6.495824],[3.289797,6.499263],[3.28992,6.501513],[3.29022,6.503412],[3.29061,6.504522],[3.291552,6.505966],[3.292586,6.507257],[3.2942,6.508799],[3.296301,6.510525],[3.306751,6.519505],[3.307519,6.520245],[3.309678,6.522142],[3.311383,6.52352],[3.312738,6.524679],[3.313167,6.52501],[3.313387,6.525058],[3.314707,6.526715],[3.314943,6.527088],[3.315533,6.528272],[3.315646,6.528666],[3.316236,6.530158],[3.31659,6.532455],[3.316918,6.533388],[3.317006,6.533924],[3.31714,6.534398],[3.317443,6.535061],[3.317837,6.536314],[3.318162,6.537657],[3.318452,6.538409],[3.318631,6.539589],[3.318972,6.54043],[3.319165,6.541913],[3.319368,6.541766],[3.318603,6.538545],[3.318445,6.53789],[3.318022,6.53658],[3.317821,6.535805],[3.317612,6.535331],[3.317588,6.53508],[3.317252,6.53419],[3.317086,6.533513],[3.317129,6.533356],[3.318556,6.534419],[3.318764,6.534358],[3.318973,6.534518],[3.31909,6.534506],[3.319344,6.534758],[3.320775,6.535655],[3.322482,6.536828],[3.328588,6.540695],[3.329832,6.541569],[3.330827,6.542203],[3.3312,6.542494],[3.332654,6.543386],[3.333562,6.544031],[3.333639,6.543999],[3.332404,6.543154],[3.331782,6.542845],[3.331369,6.542533],[3.331044,6.542203],[3.329963,6.541574],[3.326798,6.539458],[3.326133,6.539112],[3.322665,6.536706],[3.320203,6.535096],[3.317321,6.533112],[3.317079,6.532808],[3.316855,6.532194],[3.316472,6.530835],[3.316364,6.530089],[3.316182,6.529348],[3.315876,6.528463],[3.315613,6.527504],[3.315367,6.526971],[3.314117,6.525484],[3.313486,6.524825],[3.311834,6.523594],[3.309813,6.521646],[3.307524,6.519771],[3.306966,6.519223],[3.307099,6.519319],[3.304951,6.517432],[3.304064,6.516715],[3.300723,6.513783],[3.29943,6.512719],[3.293841,6.507759],[3.29294,6.506885],[3.291886,6.505651],[3.291148,6.504335],[3.290814,6.503343],[3.290486,6.501852],[3.290386,6.500533],[3.290445,6.495052],[3.290534,6.492037],[3.290602,6.491231],[3.290505,6.489086],[3.290515,6.4841],[3.290549,6.483512],[3.290729,6.482718],[3.290627,6.482427],[3.290965,6.48124],[3.291124,6.480824],[3.291873,6.479391],[3.291818,6.479366],[3.293114,6.477454],[3.29351,6.476783],[3.293719,6.476926],[3.293648,6.47744],[3.293252,6.478051],[3.292896,6.47889],[3.29276,6.47908],[3.292901,6.479246],[3.296746,6.481279],[3.297429,6.481368],[3.298268,6.48122],[3.300542,6.480307],[3.301131,6.48015],[3.302785,6.479922],[3.302935,6.478386],[3.302842,6.478049],[3.301663,6.477648],[3.296198,6.474731],[3.295259,6.47431],[3.295673,6.473462],[3.296553,6.472234],[3.298588,6.468816],[3.298939,6.468299],[3.299053,6.468003],[3.29923,6.46786],[3.299915,6.466587],[3.3,6.466469],[3.300284,6.466306],[3.300479,6.466128],[3.301434,6.46458],[3.303064,6.463058],[3.304511,6.462149],[3.306252,6.460877],[3.306607,6.460445],[3.309183,6.457714],[3.311283,6.456067],[3.312387,6.454681]]]}},{"type":"Feature","properties":{"waterway":"river","name":"Badagry Creek","osm_id":"way/374633735"},"geometry":{"type":"Polygon","coordinates":[[[3.268878,6.428656],[3.27646,6.428321],[3.284013,6.429984],[3.291694,6.430368],[3.29828,6.437509],[3.305876,6.437978],[3.316993,6.43251],[3.318532,6.432023],[3.32012,6.431905],[3.320831,6.431913],[3.3277,6.434664],[3.333299,6.429492],[3.341777,6.427852],[3.348877,6.430899],[3.352502,6.430656],[3.356728,6.429735],[3.268878,6.428656]]]}},{"type":"Feature","properties":{"waterway":"river","name":"Badagry Creek","osm_id":"way/761430225"},"geometry":{"type":"Polygon","coordinates":[[[3.356728,6.429735],[3.355047,6.42813],[3.350347,6.424974],[3.344618,6.423289],[3.338245,6.4204],[3.331443,6.414344],[3.324738,6.412596],[3.314545,6.413747],[3.306702,6.415696],[3.294697,6.410549],[3.284311,6.411668],[3.273915,6.414547],[3.259646,6.40976],[3.246417,6.410783],[3.24484,6.413968],[3.243867,6.426008],[3.356728,6.429735]]]}},{"type":"Feature","properties":{"waterway":"river","osm_id":"way/374755538"},"geometry":{"type":"Polygon","coordinates":[[[3.368894,6.407954],[3.350934,6.407527],[3.347844,6.411366],[3.33352,6.416193],[3.368894,6.407954]]]}},{"type":"Feature","properties":{"natural":"water","water":"canal","osm_id":"way/90288359"},"geometry":{"type":"Polygon","coordinates":[[[3.349384,6.437114],[3.348975,6.437028],[3.348568,6.43682],[3.348685,6.437117],[3.348711,6.437406],[3.348666,6.437971],[3.348762,6.439292],[3.348709,6.439311],[3.348795,6.440485],[3.348706,6.440644],[3.348692,6.440834],[3.348648,6.440846],[3.348666,6.441086],[3.348746,6.441084],[3.348746,6.441944],[3.348741,6.441994],[3.348615,6.441998],[3.348552,6.442118],[3.348135,6.442163],[3.348124,6.442211],[3.348361,6.442223],[3.348364,6.442175],[3.34848,6.442166],[3.34864,6.442218],[3.348763,6.442492],[3.348822,6.443607],[3.349017,6.444161],[3.349056,6.444735],[3.349246,6.4448],[3.349293,6.444971],[3.349453,6.445211],[3.349475,6.445462],[3.349712,6.445903],[3.349791,6.445909],[3.349924,6.446129],[3.34994,6.446309],[3.350046,6.446436],[3.350068,6.446648],[3.350236,6.446986],[3.35038,6.447089],[3.350626,6.447629],[3.350816,6.447924],[3.350804,6.448035],[3.351022,6.448376],[3.351013,6.448565],[3.351194,6.449077],[3.351194,6.449418],[3.351278,6.449517],[3.351272,6.449691],[3.351156,6.449756],[3.351126,6.449906],[3.351223,6.449896],[3.351205,6.450164],[3.351157,6.450271],[3.351198,6.4507],[3.351154,6.451769],[3.351219,6.452661],[3.351149,6.452736],[3.351232,6.452832],[3.351244,6.453037],[3.351368,6.453085],[3.351442,6.45318],[3.351781,6.453192],[3.352377,6.453337],[3.352711,6.453265],[3.3539,6.453293],[3.354014,6.453385],[3.355623,6.453461],[3.355834,6.453483],[3.355941,6.453554],[3.356036,6.45381],[3.356019,6.456923],[3.356073,6.457079],[3.356129,6.457024],[3.356185,6.456696],[3.35617,6.455264],[3.356216,6.453644],[3.355992,6.453354],[3.355717,6.453266],[3.354431,6.453231],[3.352876,6.453123],[3.35263,6.453162],[3.351697,6.452997],[3.351559,6.452914],[3.351509,6.452809],[3.35155,6.452245],[3.351602,6.452075],[3.351587,6.451414],[3.35154,6.451139],[3.351552,6.450384],[3.351623,6.450175],[3.351588,6.44971],[3.351623,6.449183],[3.35155,6.449192],[3.351471,6.449131],[3.35146,6.448876],[3.351517,6.448815],[3.351453,6.448645],[3.35135,6.448579],[3.351334,6.448429],[3.351399,6.448301],[3.35123,6.447864],[3.349939,6.44522],[3.349752,6.444931],[3.349471,6.444209],[3.349336,6.443547],[3.349286,6.441414],[3.349348,6.441061],[3.34936,6.440556],[3.34932,6.43807],[3.34936,6.437877],[3.349345,6.437443],[3.349384,6.437114]]]}},{"type":"Feature","properties":{"natural":"water","water":"river","osm_id":"way/90288406"},"geometry":{"type":"Polygon","coordinates":[[[3.32222,6.461974],[3.322565,6.462018],[3.32326,6.46225],[3.32366,6.462312],[3.326675,6.461884],[3.328411,6.462017],[3.329972,6.462035],[3.330801,6.461976],[3.331249,6.461986],[3.332084,6.46241],[3.333144,6.462594],[3.333642,6.46264],[3.334127,6.462598],[3.335321,6.462923],[3.335548,6.463047],[3.335804,6.463078],[3.337562,6.463123],[3.340105,6.46271],[3.346418,6.462922],[3.353391,6.463316],[3.355933,6.463418],[3.355875,6.463665],[3.351137,6.463395],[3.350387,6.463294],[3.348305,6.463269],[3.347756,6.463196],[3.345526,6.463107],[3.345096,6.463053],[3.342683,6.463041],[3.340769,6.462968],[3.339848,6.462997],[3.33936,6.463091],[3.338136,6.46314],[3.337228,6.463288],[3.335454,6.463157],[3.334745,6.462829],[3.333352,6.462704],[3.332693,6.462701],[3.331337,6.462326],[3.331038,6.462207],[3.330661,6.462176],[3.330055,6.462274],[3.329578,6.4623],[3.328323,6.46213],[3.327269,6.462226],[3.32668,6.46206],[3.325208,6.462208],[3.323977,6.462393],[3.323695,6.462354],[3.323428,6.462395],[3.322745,6.462282],[3.322313,6.462074],[3.32222,6.461974]]]}},{"type":"Feature","properties":{"waterway":"stream","osm_id":"way/152733584"},"geometry":{"type":"Polygon","coordinates":[[[3.316246,6.455702],[3.323166,6.456019],[3.327345,6.456344],[3.329883,6.456705],[3.332768,6.45689],[3.335906,6.456915],[3.336732,6.456904],[3.337332,6.456835],[3.33906,6.457496],[3.339522,6.457581],[3.340064,6.457746],[3.341367,6.458397],[3.343132,6.458932],[3.343535,6.459034],[3.34452,6.45887],[3.345156,6.458939],[3.345342,6.459132],[3.34528,6.45981],[3.344803,6.461659],[3.344752,6.462906],[3.344913,6.463001],[3.316246,6.455702]]]}},{"type":"Feature","properties":{"waterway":"stream","osm_id":"way/152733591"},"geometry":{"type":"Polygon","coordinates":[[[3.320435,6.450049],[3.321581,6.45026],[3.322096,6.4503],[3.322554,6.45027],[3.325124,6.450763],[3.327812,6.450891],[3.332623,6.450987],[3.333922,6.45119],[3.337082,6.452212],[3.337795,6.452352],[3.339828,6.452275],[3.341496,6.451909],[3.342169,6.451824],[3.343159,6.451776],[3.344076,6.451835],[3.345,6.45201],[3.347161,6.452533],[3.348644,6.452802],[3.350273,6.452877],[3.351354,6.452698],[3.320435,6.450049]]]}},{"type":"Feature","properties":{"waterway":"stream","osm_id":"way/152733598"},"geometry":{"type":"Polygon","coordinates":[[[3.322287,6.462019],[3.322731,6.462202],[3.323289,6.462326],[3.323735,6.462335],[3.32624,6.461957],[3.329829,6.462181],[3.330407,6.462156],[3.331168,6.462218],[3.33201,6.462461],[3.332748,6.462613],[3.333994,6.462658],[3.33437,6.462709],[3.335233,6.462959],[3.335581,6.463119],[3.336437,6.463173],[3.337094,6.46319],[3.337578,6.463154],[3.338574,6.463014],[3.33914,6.46299],[3.340174,6.462785],[3.340619,6.462768],[3.344913,6.463001],[3.348816,6.463154],[3.353231,6.463436],[3.355816,6.463556],[3.356077,6.463497],[3.322287,6.462019]]]}},{"type":"Feature","properties":{"waterway":"canal","name":"Ajegunle Canal","osm_id":"way/152826751"},"geometry":{"type":"Polygon","coordinates":[[[3.352334,6.493043],[3.350952,6.492997],[3.350469,6.492906],[3.349639,6.492685],[3.349042,6.492357],[3.346096,6.489433],[3.342666,6.486937],[3.338814,6.484288],[3.335554,6.482652],[3.33409,6.481758],[3.333608,6.481331],[3.333329,6.480756],[3.333232,6.480127],[3.333254,6.479636],[3.334648,6.476918],[3.335163,6.476023],[3.335646,6.47566],[3.337374,6.47533],[3.338371,6.475063],[3.339369,6.474221],[3.340378,6.474061],[3.34129,6.474082],[3.341858,6.473901],[3.343543,6.472505],[3.344498,6.471769],[3.345688,6.471066],[3.346311,6.47097],[3.34703,6.471151],[3.347791,6.471502],[3.349648,6.472733],[3.350228,6.472904],[3.352738,6.473085],[3.354219,6.473106],[3.354573,6.472893],[3.354584,6.472712],[3.354037,6.471667],[3.353994,6.468757],[3.354069,6.46832],[3.355238,6.467627],[3.355464,6.467318],[3.355493,6.466298],[3.355431,6.46525],[3.355506,6.464791],[3.356021,6.46381],[3.356107,6.463331],[3.35615,6.461017],[3.356277,6.459704],[3.356161,6.458192],[3.356118,6.453811],[3.356086,6.453555],[3.355925,6.453416],[3.355635,6.453342],[3.353981,6.453156],[3.352606,6.453191],[3.35152,6.453008],[3.351401,6.452887],[3.351354,6.452698],[3.35128,6.451349],[3.351409,6.449068],[3.349114,6.444207],[3.349007,6.443376],[3.348975,6.437028],[3.349003,6.436253],[3.352334,6.493043]]]}},{"type":"Feature","properties":{"waterway":"dock","osm_id":"way/434338065"},"geometry":{"type":"Polygon","coordinates":[[[3.339214,6.426397],[3.337552,6.425518],[3.337709,6.425223],[3.33937,6.426101],[3.339214,6.426397]]]}},{"type":"Feature","properties":{"waterway":"dock","osm_id":"way/434338066"},"geometry":{"type":"Polygon","coordinates":[[[3.339075,6.42666],[3.340036,6.427163],[3.340146,6.426956],[3.339185,6.426452],[3.339075,6.42666]]]}},{"type":"Feature","properties":{"natural":"water","water":"canal","osm_id":"way/90288337"},"geometry":{"type":"Polygon","coordinates":[[[3.355659,6.46427],[3.355374,6.465052],[3.355428,6.467153],[3.355208,6.467522],[3.355018,6.467588],[3.354464,6.467955],[3.354063,6.468351],[3.353798,6.469116],[3.353831,6.469306],[3.353753,6.469821],[3.353754,6.470535],[3.353927,6.471791],[3.354352,6.472795],[3.354889,6.472911],[3.354843,6.472687],[3.354267,6.471688],[3.354205,6.470799],[3.354177,6.469047],[3.354244,6.468662],[3.354462,6.468187],[3.354999,6.467946],[3.355199,6.467812],[3.355567,6.467446],[3.355616,6.467143],[3.355564,6.465965],[3.355658,6.464924],[3.355689,6.464745],[3.356042,6.464222],[3.356164,6.463922],[3.35626,6.463415],[3.355875,6.463665],[3.355659,6.46427]]]}},{"type":"Feature","properties":{"waterway":"stream","osm_id":"way/783485096"},"geometry":{"type":"Polygon","coordinates":[[[3.345623,6.516942],[3.341825,6.51712],[3.340738,6.517015],[3.339633,6.516728],[3.338982,6.516192],[3.338445,6.515628],[3.337777,6.51482],[3.337476,6.514318],[3.336213,6.513544],[3.334869,6.512901],[3.3288,6.511673],[3.327555,6.51115],[3.326469,6.510428],[3.325589,6.509618],[3.325034,6.508667],[3.324526,6.507512],[3.324451,6.507464],[3.324387,6.507475],[3.323432,6.507768],[3.323191,6.507768],[3.322885,6.507677],[3.322778,6.507533],[3.322343,6.507187],[3.322091,6.506718],[3.32207,6.506569],[3.322107,6.50643],[3.322188,6.506254],[3.322233,6.505985],[3.322354,6.505764],[3.322483,6.504858],[3.322456,6.504575],[3.322316,6.504101],[3.321764,6.502982],[3.319848,6.499658],[3.319457,6.498851],[3.318486,6.495856],[3.318052,6.494246],[3.317499,6.492807],[3.317054,6.492029],[3.315793,6.490462],[3.315133,6.489874],[3.314376,6.489331],[3.31346,6.488772],[3.311384,6.488058],[3.290675,6.482978],[3.290266,6.48275],[3.345623,6.516942]]]}},{"type":"Feature","properties":{"waterway":"stream","osm_id":"way/134157440"},"geometry":{"type":"Polygon","coordinates":[[[3.341346,6.507036],[3.341141,6.507039],[3.339974,6.506783],[3.339884,6.506742],[3.339778,6.506582],[3.339594,6.50544],[3.339349,6.504513],[3.338694,6.502943],[3.33869,6.502683],[3.339173,6.502438],[3.339266,6.502335],[3.338933,6.501492],[3.3386,6.500995],[3.33855,6.50082],[3.338637,6.500446],[3.338634,6.500254],[3.337211,6.49839],[3.337124,6.498225],[3.337147,6.497892],[3.337105,6.497508],[3.336862,6.497018],[3.333485,6.492017],[3.333417,6.491806],[3.333378,6.490887],[3.333235,6.490527],[3.333013,6.490216],[3.331292,6.488312],[3.331079,6.487894],[3.330985,6.48747],[3.330996,6.487242],[3.330781,6.486538],[3.329952,6.485442],[3.32959,6.484715],[3.329576,6.484526],[3.330363,6.481613],[3.330674,6.480856],[3.331132,6.480272],[3.331758,6.479886],[3.332326,6.479662],[3.333128,6.479641],[3.333347,6.479455],[3.341346,6.507036]]]}},{"type":"Feature","properties":{"waterway":"stream","osm_id":"way/735135642"},"geometry":{"type":"Polygon","coordinates":[[[3.352775,6.478402],[3.354223,6.476142],[3.354606,6.475305],[3.355443,6.474516],[3.355443,6.474047],[3.354584,6.472712],[3.352775,6.478402]]]}},{"type":"Feature","properties":{"natural":"water","osm_id":"way/795831227"},"geometry":{"type":"Polygon","coordinates":[[[3.332792,6.479579],[3.332214,6.47972],[3.331703,6.479903],[3.331426,6.480146],[3.33094,6.480416],[3.330217,6.48166],[3.32959,6.48427],[3.329594,6.484441],[3.329506,6.484535],[3.329818,6.485442],[3.330008,6.48573],[3.330592,6.4864],[3.330932,6.48706],[3.331006,6.487236],[3.331078,6.487707],[3.331328,6.488303],[3.331918,6.489101],[3.333239,6.490564],[3.333345,6.491237],[3.333345,6.491905],[3.334782,6.494133],[3.336829,6.49707],[3.337011,6.497475],[3.33707,6.497786],[3.337062,6.498181],[3.337686,6.499071],[3.338395,6.499849],[3.338625,6.500329],[3.338489,6.500787],[3.338972,6.501829],[3.339149,6.502352],[3.339283,6.502437],[3.339345,6.502352],[3.339267,6.501938],[3.33909,6.501781],[3.338645,6.500939],[3.338615,6.500814],[3.338682,6.500342],[3.33854,6.500001],[3.33738,6.498553],[3.33721,6.498256],[3.33714,6.497536],[3.337038,6.497254],[3.335727,6.495271],[3.334487,6.493561],[3.333559,6.49203],[3.333401,6.490786],[3.333337,6.490583],[3.331404,6.488342],[3.331183,6.487805],[3.331105,6.487297],[3.330767,6.486463],[3.330022,6.485482],[3.329614,6.4846],[3.33003,6.483014],[3.330097,6.482929],[3.330426,6.48174],[3.330706,6.480984],[3.330896,6.480602],[3.331156,6.480336],[3.331502,6.480171],[3.331794,6.479923],[3.332208,6.479768],[3.332798,6.479667],[3.332792,6.479579]]]}},{"type":"Feature","properties":{"waterway":"stream","osm_id":"way/87249525"},"geometry":{"type":"Polygon","coordinates":[[[3.32662,6.519365],[3.326631,6.517308],[3.32647,6.516455],[3.326174,6.515335],[3.325951,6.514709],[3.325779,6.514463],[3.325543,6.514272],[3.3252,6.514122],[3.324696,6.514026],[3.324331,6.513866],[3.323977,6.513536],[3.323634,6.513131],[3.323398,6.512747],[3.323323,6.512428],[3.323302,6.511969],[3.323355,6.510903],[3.323494,6.509954],[3.323248,6.508409],[3.322979,6.507727],[3.32662,6.519365]]]}},{"type":"Feature","properties":{"waterway":"stream","osm_id":"way/795831105"},"geometry":{"type":"Polygon","coordinates":[[[3.329277,6.507724],[3.328627,6.507578],[3.328337,6.507423],[3.327854,6.507127],[3.326808,6.506346],[3.326395,6.506114],[3.326076,6.506013],[3.325899,6.506088],[3.325033,6.506869],[3.32473,6.507234],[3.324451,6.507464],[3.329277,6.507724]]]}},{"type":"Feature","properties":{"waterway":"stream","osm_id":"way/90288417"},"geometry":{"type":"Polygon","coordinates":[[[3.356884,6.511749],[3.356532,6.511384],[3.355746,6.510417],[3.355478,6.510069],[3.355369,6.509857],[3.354755,6.50644],[3.354413,6.505741],[3.353962,6.504598],[3.353927,6.504347],[3.353954,6.5042],[3.354627,6.502563],[3.355732,6.501127],[3.356884,6.511749]]]}},{"type":"Feature","properties":{"waterway":"canal","name":"Ajegunle Canal","osm_id":"way/795831177"},"geometry":{"type":"Polygon","coordinates":[[[3.355732,6.501127],[3.355128,6.500118],[3.354951,6.499466],[3.354917,6.498558],[3.354839,6.498028],[3.354684,6.497603],[3.354179,6.497072],[3.354009,6.496816],[3.353853,6.496256],[3.353586,6.494678],[3.353465,6.4942],[3.35313,6.493471],[3.353018,6.493341],[3.352498,6.493066],[3.352334,6.493043],[3.355732,6.501127]]]}},{"type":"Feature","properties":{"waterway":"stream","osm_id":"way/1265196807"},"geometry":{"type":"Polygon","coordinates":[[[3.349027,6.515521],[3.3486,6.515521],[3.347826,6.515684],[3.346341,6.516674],[3.345888,6.516912],[3.345623,6.516942],[3.349027,6.515521]]]}},{"type":"Feature","properties":{"waterway":"stream","osm_id":"way/1265196808"},"geometry":{"type":"Polygon","coordinates":[[[3.355304,6.515739],[3.35513,6.515932],[3.355036,6.515928],[3.354764,6.515582],[3.35452,6.515466],[3.35397,6.51536],[3.352741,6.515273],[3.350929,6.515344],[3.349027,6.515521],[3.355304,6.515739]]]}},{"type":"Feature","properties":{"waterway":"river","name":"Five Cowries Creek","osm_id":"way/129586395"},"geometry":{"type":"Polygon","coordinates":[[[3.464749,6.462458],[3.465929,6.458237],[3.466819,6.452726],[3.466648,6.451926],[3.46625,6.451479],[3.461745,6.449868],[3.460458,6.4496],[3.458845,6.449784],[3.45763,6.450404],[3.45604,6.451459],[3.453845,6.45173],[3.452684,6.451338],[3.452059,6.450299],[3.452385,6.446893],[3.452659,6.444614],[3.452734,6.442576],[3.452153,6.441062],[3.450952,6.439602],[3.450084,6.438892],[3.448711,6.438143],[3.444332,6.43747],[3.443044,6.437768],[3.440448,6.439655],[3.435502,6.44183],[3.434247,6.442064],[3.432587,6.441864],[3.431039,6.441286],[3.427702,6.440998],[3.425428,6.44103],[3.423801,6.44059],[3.418711,6.438258],[3.416448,6.438333],[3.415344,6.43854],[3.413005,6.439553],[3.410504,6.441372],[3.408594,6.442086],[3.407006,6.44232],[3.405622,6.442182],[3.403809,6.440998],[3.40036,6.435334],[3.464749,6.462458]]]}},{"type":"Feature","properties":{"natural":"coastline","osm_id":1391420888},"geometry":{"type":"LineString","coordinates":[[3.402494,6.400397],[3.402579,6.399717],[3.403015,6.397815],[3.402924,6.397632],[3.403534,6.395954],[3.403733,6.395945],[3.403819,6.396124],[3.403447,6.397193],[3.410542,6.401079],[3.413329,6.402518],[3.417437,6.404448],[3.42016,6.405661],[3.423404,6.406906],[3.427075,6.408121],[3.431135,6.409227],[3.434601,6.40993],[3.442798,6.411242],[3.450351,6.411967],[3.45078,6.411882],[3.453913,6.412116],[3.467914,6.412009],[3.468053,6.412116],[3.468032,6.412287],[3.46786,6.412383],[3.466338,6.412392],[3.465654,6.412672],[3.464458,6.412672],[3.464566,6.413151],[3.464464,6.413541],[3.46427,6.413771],[3.463967,6.413932],[3.460529,6.413811],[3.45874,6.413912],[3.457435,6.414132],[3.457049,6.414394],[3.45659,6.415807],[3.456417,6.416865],[3.456239,6.417293],[3.455923,6.417503],[3.455814,6.417702],[3.455859,6.41809],[3.455787,6.4184],[3.455467,6.418509],[3.455288,6.418853],[3.455334,6.419823],[3.455598,6.421174],[3.455876,6.421404],[3.456236,6.421486],[3.456548,6.421503],[3.457078,6.421196],[3.457455,6.421108],[3.457988,6.421089],[3.458576,6.420823],[3.459277,6.420778],[3.460497,6.420429],[3.461985,6.420249],[3.462967,6.420177],[3.463886,6.420166],[3.464816,6.420071],[3.465271,6.420074],[3.465994,6.419885],[3.466287,6.419536],[3.466111,6.418624],[3.466132,6.418387],[3.466293,6.418139],[3.466599,6.418081],[3.467212,6.418111],[3.46736,6.417984],[3.467347,6.41783],[3.467204,6.417673],[3.46738,6.417324],[3.467712,6.417111],[3.46818,6.417052],[3.469215,6.417344],[3.470102,6.417732]]}},{"type":"Feature","properties":{"natural":"coastline","osm_id":13762125},"geometry":{"type":"LineString","coordinates":[[3.470102,6.417732],[3.470554,6.417846],[3.471185,6.41778],[3.471196,6.417062],[3.47113,6.416426],[3.471006,6.415945],[3.470753,6.415425],[3.470231,6.414809],[3.470245,6.414676],[3.470327,6.414574],[3.470447,6.414574],[3.470776,6.414934],[3.471018,6.41532],[3.471289,6.415915],[3.471416,6.416434],[3.471461,6.417054],[3.4715,6.421384],[3.472333,6.421979],[3.47329,6.422099],[3.474024,6.4221],[3.474775,6.421676],[3.475014,6.421676],[3.475586,6.421953],[3.476956,6.422074],[3.477975,6.421975],[3.478512,6.421763],[3.478859,6.421754],[3.479579,6.422106],[3.480392,6.422214],[3.481118,6.422163],[3.481954,6.421888],[3.48222,6.42169],[3.4825,6.421675],[3.48309,6.421947],[3.483936,6.422112],[3.485083,6.421945],[3.485599,6.421746],[3.485882,6.421529],[3.486221,6.42154],[3.486762,6.42178],[3.487708,6.421823],[3.488828,6.42173],[3.489466,6.421502],[3.489845,6.421535],[3.490556,6.421794],[3.491288,6.421817],[3.492175,6.421744],[3.492881,6.421637],[3.493164,6.42147],[3.493371,6.421501],[3.493396,6.421772],[3.494094,6.422062],[3.495227,6.422095],[3.495999,6.421948],[3.496761,6.421672],[3.496961,6.421649],[3.497291,6.421911],[3.498322,6.422006],[3.499414,6.421886],[3.500355,6.421668],[3.500615,6.421656],[3.50138,6.421924],[3.502181,6.422027],[3.503881,6.421768],[3.504252,6.421794],[3.504765,6.422018],[3.505601,6.422053],[3.506924,6.421945],[3.507571,6.421759],[3.507927,6.421842],[3.508557,6.422209],[3.508934,6.422269],[3.511118,6.422132],[3.511509,6.422034],[3.51176,6.422023],[3.511774,6.42231],[3.512446,6.422537],[3.512862,6.422587],[3.513708,6.422578],[3.514541,6.422186],[3.515176,6.422017],[3.516428,6.422588],[3.517405,6.422598],[3.518482,6.42239],[3.519072,6.422134],[3.519321,6.422124],[3.519849,6.422369],[3.520599,6.422518],[3.521426,6.422524],[3.522088,6.422383],[3.522459,6.422199],[3.522666,6.422239],[3.523241,6.422529],[3.524236,6.42264],[3.525308,6.422557],[3.526081,6.422269],[3.526428,6.422261],[3.527028,6.422646],[3.527862,6.42279],[3.528893,6.422749],[3.529372,6.422601],[3.529678,6.422428],[3.530049,6.422428],[3.530526,6.422734],[3.531235,6.422899],[3.532308,6.422932],[3.533331,6.42267],[3.533695,6.422641],[3.534261,6.42297],[3.535111,6.423091],[3.536405,6.422959],[3.536911,6.422742],[3.537296,6.422744],[3.537308,6.423439],[3.538066,6.42373],[3.555909,6.423412],[3.560232,6.42358],[3.563054,6.423473],[3.567271,6.42322],[3.569403,6.423357],[3.569984,6.423446],[3.572446,6.423446],[3.574884,6.423667],[3.579749,6.423813],[3.584556,6.423811],[3.588006,6.424074],[3.596203,6.424356],[3.608638,6.424393],[3.618936,6.424521],[3.622122,6.424409],[3.638442,6.424644],[3.642089,6.424644],[3.644206,6.424596],[3.651443,6.424882],[3.654277,6.424918],[3.657071,6.424894],[3.66074,6.424703],[3.665784,6.424745],[3.672773,6.425034],[3.68104,6.425546],[3.683538,6.425898],[3.685918,6.426106],[3.692794,6.426363],[3.697935,6.42664],[3.705595,6.426896],[3.709058,6.427213],[3.71174,6.427315],[3.714269,6.427487],[3.717097,6.427794],[3.718998,6.428058],[3.720266,6.428343],[3.723174,6.428774],[3.727031,6.429194],[3.731104,6.429576],[3.737529,6.430318],[3.744413,6.431196],[3.747376,6.43168],[3.749342,6.431896],[3.751525,6.432208],[3.754884,6.4328],[3.756471,6.43301],[3.757744,6.433247],[3.761595,6.433817],[3.764168,6.43407],[3.765338,6.434226],[3.767245,6.434555],[3.771692,6.435168],[3.772591,6.435244],[3.773425,6.435432],[3.774227,6.435502],[3.775511,6.435739],[3.776805,6.435911],[3.78051,6.436352],[3.783159,6.436584],[3.792146,6.437542],[3.795303,6.438042],[3.799864,6.438462],[3.80364,6.438742],[3.808791,6.439006],[3.815779,6.439092],[3.820686,6.438909],[3.826764,6.438618],[3.832874,6.438457],[3.835734,6.438613],[3.839011,6.438694],[3.843225,6.438618],[3.847239,6.438317],[3.849373,6.43822],[3.850895,6.438016]]}},{"type":"Feature","properties":{"waterway":"river","name":"Lighthouse Creek","osm_id":"way/152645924"},"geometry":{"type":"Polygon","coordinates":[[[3.379004,6.411882],[3.380015,6.414588],[3.381668,6.415676],[3.38454,6.416638],[3.387265,6.418045],[3.388638,6.419772],[3.390205,6.421435],[3.391602,6.423438],[3.392007,6.425742],[3.392461,6.427404],[3.394458,6.432587],[3.379004,6.411882]]]}},{"type":"Feature","properties":{"waterway":"canal","osm_id":"way/513426528"},"geometry":{"type":"Polygon","coordinates":[[[3.455859,6.41809],[3.433298,6.41778],[3.43169,6.417788],[3.430671,6.417735],[3.428077,6.417241],[3.426587,6.416892],[3.423793,6.41615],[3.422508,6.415716],[3.416169,6.413204],[3.414076,6.412436],[3.413637,6.412343],[3.413181,6.412313],[3.412349,6.41242],[3.41184,6.412601],[3.406169,6.415231],[3.40118,6.417852],[3.455859,6.41809]]]}},{"type":"Feature","properties":{"waterway":"river","name":"Commodore Channel","osm_id":"way/659370451"},"geometry":{"type":"Polygon","coordinates":[[[3.40166,6.431122],[3.401985,6.43007],[3.402377,6.427357],[3.40242,6.42644],[3.402366,6.42547],[3.40118,6.417852],[3.400215,6.410506],[3.399914,6.406913],[3.399969,6.400498],[3.40166,6.431122]]]}},{"type":"Feature","properties":{"natural":"water","osm_id":"way/893057173"},"geometry":{"type":"Polygon","coordinates":[[[3.405405,6.404615],[3.405807,6.403968],[3.405956,6.403824],[3.406331,6.403605],[3.406784,6.403536],[3.407229,6.40361],[3.407454,6.403712],[3.40785,6.404079],[3.407633,6.404218],[3.407548,6.404204],[3.407441,6.404278],[3.407183,6.404066],[3.406998,6.40401],[3.406771,6.403987],[3.406506,6.404037],[3.406192,6.40425],[3.405986,6.404622],[3.405917,6.404602],[3.405897,6.404674],[3.406088,6.404721],[3.406102,6.40466],[3.406042,6.404639],[3.406083,6.404519],[3.406334,6.404218],[3.407187,6.405533],[3.406899,6.405626],[3.406529,6.405585],[3.406376,6.405513],[3.406154,6.405304],[3.406076,6.40515],[3.406142,6.40512],[3.406114,6.405064],[3.405943,6.405139],[3.40597,6.405199],[3.406024,6.40518],[3.406112,6.405341],[3.406354,6.405565],[3.406692,6.405689],[3.406922,6.405681],[3.40725,6.40557],[3.407501,6.405336],[3.407638,6.405011],[3.407649,6.404831],[3.407578,6.404515],[3.407948,6.404221],[3.408077,6.404605],[3.408075,6.405096],[3.407929,6.405486],[3.407671,6.405874],[3.407617,6.406139],[3.407636,6.406353],[3.410756,6.412789],[3.410858,6.412844],[3.410959,6.412862],[3.411162,6.412795],[3.412095,6.412379],[3.412511,6.412237],[3.413072,6.41219],[3.413675,6.412216],[3.414193,6.41234],[3.423157,6.415843],[3.426134,6.416672],[3.429234,6.417387],[3.430798,6.417647],[3.431914,6.417703],[3.431909,6.417878],[3.430778,6.417847],[3.429734,6.417695],[3.428602,6.417458],[3.42859,6.417508],[3.428084,6.417396],[3.428096,6.417345],[3.426082,6.416865],[3.423108,6.416034],[3.41602,6.413226],[3.414127,6.4125],[3.413644,6.412381],[3.413106,6.41234],[3.412635,6.412398],[3.411903,6.41262],[3.406254,6.415416],[3.406068,6.415025],[3.406168,6.414965],[3.406196,6.414894],[3.407189,6.414402],[3.407283,6.414624],[3.41025,6.413186],[3.410446,6.413144],[3.410622,6.41304],[3.410647,6.412945],[3.410634,6.41285],[3.407524,6.406521],[3.40728,6.406251],[3.406976,6.406139],[3.406401,6.406065],[3.406143,6.405953],[3.405942,6.405823],[3.405512,6.405293],[3.405175,6.405107],[3.404969,6.40507],[3.403668,6.405126],[3.403495,6.405191],[3.403177,6.405219],[3.403172,6.405498],[3.403088,6.405628],[3.402653,6.40587],[3.402541,6.40493],[3.403144,6.404851],[3.403163,6.404963],[3.404941,6.404828],[3.405287,6.404703],[3.405405,6.404615]]]}},{"type":"Feature","properties":{"natural":"water","water":"river","osm_id":"way/1545461767"},"geometry":{"type":"Polygon","coordinates":[[[3.368113,6.41372],[3.368297,6.413609],[3.368715,6.413535],[3.368838,6.413475],[3.368909,6.41338],[3.369019,6.413008],[3.369157,6.412776],[3.369295,6.412663],[3.369518,6.412614],[3.369596,6.412557],[3.369667,6.412396],[3.369663,6.412258],[3.36984,6.411903],[3.36989,6.411492],[3.369968,6.411324],[3.369874,6.411252],[3.369696,6.411288],[3.36973,6.411544],[3.369684,6.411967],[3.369578,6.41223],[3.369554,6.412443],[3.369237,6.412429],[3.369019,6.412538],[3.368936,6.412616],[3.368796,6.413066],[3.368706,6.413186],[3.36854,6.413352],[3.368004,6.413654],[3.368113,6.41372]]]}},{"type":"Feature","properties":{"waterway":"canal","osm_id":"way/626035372"},"geometry":{"type":"Polygon","coordinates":[[[3.40575,6.404875],[3.405769,6.404576],[3.405875,6.404294],[3.406057,6.404054],[3.406301,6.403876],[3.406585,6.403775],[3.406887,6.40376],[3.407181,6.403831],[3.407442,6.403982],[3.407615,6.404153],[3.40575,6.404875]]]}},{"type":"Feature","properties":{"waterway":"canal","osm_id":"way/942362707"},"geometry":{"type":"Polygon","coordinates":[[[3.407228,6.405734],[3.406954,6.405817],[3.406668,6.405823],[3.406392,6.405751],[3.406145,6.405608],[3.405946,6.405403],[3.405811,6.405153],[3.40575,6.404875],[3.407228,6.405734]]]}},{"type":"Feature","properties":{"waterway":"canal","osm_id":"way/942362708"},"geometry":{"type":"Polygon","coordinates":[[[3.407783,6.404471],[3.407834,6.404767],[3.407797,6.405066],[3.407676,6.405341],[3.407481,6.40557],[3.407228,6.405734],[3.407783,6.404471]]]}},{"type":"Feature","properties":{"waterway":"canal","osm_id":"way/626035357"},"geometry":{"type":"Polygon","coordinates":[[[3.407228,6.405734],[3.407704,6.406637],[3.410843,6.413075],[3.407228,6.405734]]]}},{"type":"Feature","properties":{"waterway":"river","name":"Middle Creek","osm_id":"way/152645925"},"geometry":{"type":"Polygon","coordinates":[[[3.364414,6.414228],[3.366323,6.414569],[3.367117,6.415422],[3.367825,6.420113],[3.368428,6.421433],[3.369306,6.422011],[3.370658,6.422139],[3.371859,6.422118],[3.373299,6.42154],[3.376968,6.419301],[3.378253,6.419154],[3.379822,6.419535],[3.380763,6.420007],[3.381772,6.421222],[3.382483,6.42316],[3.382547,6.424312],[3.382547,6.425527],[3.382075,6.426657],[3.381174,6.427851],[3.380981,6.429045],[3.381024,6.42992],[3.381303,6.430772],[3.382526,6.431647],[3.384825,6.4327],[3.387976,6.433395],[3.364414,6.414228]]]}},{"type":"Feature","properties":{"waterway":"river","name":"Lagos Harbour","osm_id":"way/374634645"},"geometry":{"type":"Polygon","coordinates":[[[3.386743,6.468154],[3.377207,6.461419],[3.375629,6.456636],[3.375958,6.455246],[3.377645,6.452693],[3.380637,6.449978],[3.395139,6.442451],[3.40036,6.435334],[3.386743,6.468154]]]}},{"type":"Feature","properties":{"waterway":"river","name":"Badagry Creek","osm_id":"way/434338067"},"geometry":{"type":"Polygon","coordinates":[[[3.356728,6.429735],[3.367838,6.431304],[3.369994,6.434632],[3.378617,6.435779],[3.383885,6.435909],[3.387976,6.433395],[3.394458,6.432587],[3.356728,6.429735]]]}},{"type":"Feature","properties":{"waterway":"stream","osm_id":"way/144530732"},"geometry":{"type":"Polygon","coordinates":[[[3.369487,6.445838],[3.368146,6.442757],[3.367964,6.442597],[3.367642,6.442533],[3.367545,6.442384],[3.367665,6.441766],[3.369978,6.434656],[3.369487,6.445838]]]}},{"type":"Feature","properties":{"waterway":"stream","osm_id":"way/144838180"},"geometry":{"type":"Polygon","coordinates":[[[3.36626,6.45304],[3.365207,6.453002],[3.364728,6.453038],[3.363725,6.453188],[3.363522,6.453269],[3.362793,6.45329],[3.362514,6.453344],[3.361602,6.453269],[3.359134,6.453877],[3.358576,6.453953],[3.358054,6.45392],[3.357654,6.453706],[3.356898,6.453501],[3.356623,6.453494],[3.356092,6.453606],[3.36626,6.45304]]]}},{"type":"Feature","properties":{"waterway":"stream","osm_id":"way/152733577"},"geometry":{"type":"Polygon","coordinates":[[[3.364638,6.463514],[3.367745,6.464376],[3.368521,6.464821],[3.369076,6.465005],[3.36924,6.465006],[3.369348,6.464889],[3.369627,6.464814],[3.371279,6.46519],[3.364638,6.463514]]]}},{"type":"Feature","properties":{"waterway":"canal","osm_id":"way/671135895"},"geometry":{"type":"Polygon","coordinates":[[[3.361317,6.464609],[3.35937,6.464633],[3.35848,6.464601],[3.358394,6.464452],[3.358426,6.464292],[3.358309,6.463974],[3.35745,6.462607],[3.357263,6.462429],[3.356699,6.462192],[3.356132,6.462013],[3.361317,6.464609]]]}},{"type":"Feature","properties":{"waterway":"river","name":"Ebute Metta Creek","osm_id":"way/166893836"},"geometry":{"type":"Polygon","coordinates":[[[3.379798,6.477213],[3.378854,6.476328],[3.378661,6.47604],[3.378241,6.475566],[3.377921,6.475324],[3.37748,6.475204],[3.377196,6.474886],[3.376787,6.47471],[3.376714,6.474498],[3.375925,6.474047],[3.375819,6.473801],[3.375282,6.473247],[3.373972,6.472448],[3.372686,6.470603],[3.371848,6.468972],[3.371203,6.468257],[3.370992,6.467889],[3.370862,6.46749],[3.370853,6.466799],[3.370937,6.466179],[3.371279,6.46519],[3.371493,6.464837],[3.372369,6.464027],[3.374551,6.463018],[3.377207,6.461419],[3.379798,6.477213]]]}},{"type":"Feature","properties":{"natural":"water","water":"basin","osm_id":"way/746415936"},"geometry":{"type":"Polygon","coordinates":[[[3.402133,6.443555],[3.402235,6.443458],[3.402384,6.443614],[3.402282,6.44371],[3.402133,6.443555]]]}},{"type":"Feature","properties":{"waterway":"canal","name":"MacGregor Canal","osm_id":"way/129586384"},"geometry":{"type":"Polygon","coordinates":[[[3.408399,6.461821],[3.40843,6.461295],[3.409428,6.45983],[3.410249,6.458383],[3.410592,6.457959],[3.410643,6.457858],[3.410649,6.457672],[3.410404,6.457272],[3.410182,6.457056],[3.409825,6.45659],[3.409536,6.456064],[3.408806,6.453058],[3.408736,6.452624],[3.408416,6.452467],[3.407304,6.446569],[3.407004,6.44555],[3.406441,6.444406],[3.40596,6.443686],[3.405446,6.443102],[3.408399,6.461821]]]}},{"type":"Feature","properties":{"natural":"water","osm_id":"way/748842476"},"geometry":{"type":"Polygon","coordinates":[[[3.396119,6.448899],[3.396193,6.448856],[3.396337,6.449119],[3.396213,6.449055],[3.396119,6.448899]]]}},{"type":"Feature","properties":{"natural":"water","osm_id":"way/748842477"},"geometry":{"type":"Polygon","coordinates":[[[3.396269,6.448946],[3.396226,6.448868],[3.396267,6.44882],[3.396345,6.448905],[3.396269,6.448946]]]}},{"type":"Feature","properties":{"natural":"water","osm_id":"way/705875900"},"geometry":{"type":"Polygon","coordinates":[[[3.389146,6.453972],[3.389314,6.453889],[3.389383,6.453769],[3.389491,6.453788],[3.389531,6.453848],[3.389517,6.453927],[3.389454,6.453978],[3.389328,6.453927],[3.389213,6.45399],[3.389146,6.453972]]]}},{"type":"Feature","properties":{"waterway":"stream","osm_id":"way/1207723664"},"geometry":{"type":"Polygon","coordinates":[[[3.39212,6.459569],[3.392638,6.460369],[3.392763,6.460442],[3.392906,6.460431],[3.393495,6.460095],[3.39368,6.459957],[3.39384,6.459669],[3.39212,6.459569]]]}},{"type":"Feature","properties":{"waterway":"stream","osm_id":"way/1207723668"},"geometry":{"type":"Polygon","coordinates":[[[3.392415,6.461143],[3.392466,6.460983],[3.392478,6.460579],[3.392906,6.460431],[3.392415,6.461143]]]}},{"type":"Feature","properties":{"natural":"water","osm_id":"way/679723481"},"geometry":{"type":"Polygon","coordinates":[[[3.401068,6.457869],[3.400751,6.457925],[3.400674,6.45789],[3.400649,6.457706],[3.400692,6.457584],[3.400979,6.457469],[3.401068,6.457869]]]}},{"type":"Feature","properties":{"natural":"water","osm_id":"way/679723480"},"geometry":{"type":"Polygon","coordinates":[[[3.401081,6.457429],[3.401395,6.457384],[3.401494,6.45744],[3.401521,6.457765],[3.401167,6.457869],[3.401081,6.457429]]]}},{"type":"Feature","properties":{"natural":"water","name":"Kuramo Waters","osm_id":"way/88264233"},"geometry":{"type":"Polygon","coordinates":[[[3.436161,6.424185],[3.43549,6.42414],[3.435099,6.42401],[3.434708,6.42401],[3.434405,6.4239],[3.434118,6.423878],[3.433885,6.423685],[3.433359,6.423664],[3.433027,6.423724],[3.432591,6.423684],[3.431888,6.423708],[3.43176,6.423533],[3.431345,6.423504],[3.431048,6.423539],[3.430685,6.423493],[3.430374,6.423535],[3.430328,6.423624],[3.430356,6.423747],[3.430232,6.423802],[3.430009,6.423798],[3.429587,6.423344],[3.429491,6.423131],[3.42936,6.423076],[3.42924,6.423149],[3.4293,6.423266],[3.429387,6.42332],[3.429374,6.423386],[3.42929,6.423452],[3.429308,6.423719],[3.429454,6.423837],[3.429499,6.42396],[3.429615,6.423907],[3.429816,6.42401],[3.429793,6.424219],[3.429479,6.42452],[3.429478,6.424642],[3.429725,6.424641],[3.42987,6.424701],[3.430871,6.425749],[3.431178,6.425775],[3.431339,6.425855],[3.431616,6.42626],[3.431981,6.426272],[3.432364,6.426197],[3.432429,6.426274],[3.433877,6.425921],[3.4347,6.42557],[3.435436,6.425131],[3.436616,6.424945],[3.436875,6.424796],[3.437351,6.424697],[3.437395,6.424581],[3.437041,6.424412],[3.436345,6.424344],[3.436161,6.424185]]]}},{"type":"Feature","properties":{"natural":"water","osm_id":"way/1434388169"},"geometry":{"type":"Polygon","coordinates":[[[3.440459,6.423048],[3.440167,6.422774],[3.436825,6.422774],[3.433429,6.422837],[3.433406,6.422957],[3.43314,6.422946],[3.433066,6.423036],[3.433111,6.423182],[3.433536,6.423161],[3.433952,6.423318],[3.434379,6.423148],[3.434702,6.423275],[3.435506,6.423483],[3.436858,6.423346],[3.43736,6.423548],[3.438171,6.423741],[3.43869,6.423741],[3.43968,6.423435],[3.440459,6.423048]]]}},{"type":"Feature","properties":{"waterway":"stream","name":"Kuramo Creek","osm_id":"way/558895991"},"geometry":{"type":"Polygon","coordinates":[[[3.437092,6.433944],[3.436663,6.433978],[3.433577,6.433832],[3.433498,6.433738],[3.433598,6.432925],[3.433521,6.432798],[3.432067,6.432762],[3.432017,6.432481],[3.431759,6.432429],[3.431459,6.432242],[3.431396,6.432123],[3.431578,6.431263],[3.431625,6.430789],[3.431504,6.430541],[3.430807,6.429645],[3.430622,6.429001],[3.430646,6.428696],[3.430783,6.428331],[3.430964,6.428056],[3.43099,6.427726],[3.430803,6.427469],[3.430846,6.427277],[3.431336,6.426849],[3.43152,6.42653],[3.431616,6.42626],[3.437092,6.433944]]]}},{"type":"Feature","properties":{"waterway":"stream","name":"Kuramo Creek","osm_id":"way/129725848"},"geometry":{"type":"Polygon","coordinates":[[[3.439878,6.437644],[3.439358,6.435331],[3.439222,6.435235],[3.438604,6.435135],[3.438297,6.434874],[3.438243,6.434562],[3.438588,6.43379],[3.438604,6.433677],[3.438505,6.433449],[3.43838,6.433371],[3.439878,6.437644]]]}},{"type":"Feature","properties":{"waterway":"stream","name":"Kuramo Creek","osm_id":"way/558895988"},"geometry":{"type":"Polygon","coordinates":[[[3.43838,6.433371],[3.437871,6.433276],[3.437552,6.433454],[3.437092,6.433944],[3.43838,6.433371]]]}},{"type":"Feature","properties":{"natural":"water","osm_id":"way/129730331"},"geometry":{"type":"Polygon","coordinates":[[[3.425226,6.447181],[3.425376,6.446904],[3.425494,6.446786],[3.425612,6.446872],[3.42572,6.446786],[3.425816,6.446594],[3.425988,6.446573],[3.426085,6.446648],[3.426085,6.446808],[3.426267,6.446946],[3.42631,6.447053],[3.426203,6.447245],[3.426031,6.447341],[3.425988,6.447245],[3.426106,6.44717],[3.42616,6.447064],[3.426085,6.44701],[3.425967,6.44716],[3.42543,6.447223],[3.425226,6.447181]]]}},{"type":"Feature","properties":{"natural":"water","water":"wastewater","osm_id":"way/789351076"},"geometry":{"type":"Polygon","coordinates":[[[3.434841,6.440721],[3.434865,6.440796],[3.434787,6.440815],[3.434766,6.440751],[3.434841,6.440721]]]}},{"type":"Feature","properties":{"natural":"water","water":"wastewater","osm_id":"way/789351077"},"geometry":{"type":"Polygon","coordinates":[[[3.434476,6.440994],[3.434722,6.440991],[3.434743,6.440798],[3.434473,6.440781],[3.434476,6.440994]]]}},{"type":"Feature","properties":{"waterway":"stream","osm_id":"way/166893831"},"geometry":{"type":"Polygon","coordinates":[[[3.363501,6.470528],[3.36511,6.471306],[3.370035,6.47201],[3.37134,6.471682],[3.371628,6.47166],[3.37308,6.471168],[3.363501,6.470528]]]}},{"type":"Feature","properties":{"natural":"water","osm_id":"way/735135647"},"geometry":{"type":"Polygon","coordinates":[[[3.364992,6.472985],[3.364747,6.472438],[3.364766,6.472106],[3.364872,6.471968],[3.365112,6.471849],[3.365582,6.471501],[3.365757,6.471492],[3.365784,6.471968],[3.36595,6.472271],[3.365835,6.472358],[3.365964,6.472688],[3.365969,6.472903],[3.366333,6.473663],[3.365462,6.474171],[3.364964,6.47321],[3.364992,6.472985]]]}},{"type":"Feature","properties":{"waterway":"stream","osm_id":"way/735339473"},"geometry":{"type":"Polygon","coordinates":[[[3.368,6.480337],[3.36831,6.480272],[3.370159,6.47935],[3.37046,6.479334],[3.370741,6.479462],[3.370849,6.47944],[3.3744,6.476591],[3.375477,6.475605],[3.37628,6.475038],[3.376749,6.474831],[3.376787,6.47471],[3.368,6.480337]]]}},{"type":"Feature","properties":{"waterway":"canal","name":"Drainage Channel","osm_id":"way/93337825"},"geometry":{"type":"Polygon","coordinates":[[[3.371234,6.539406],[3.371347,6.539294],[3.371558,6.539203],[3.373227,6.540238],[3.373656,6.540376],[3.374332,6.540446],[3.37468,6.540398],[3.375594,6.540081],[3.376413,6.539561],[3.378205,6.537619],[3.379937,6.535958],[3.380516,6.5355],[3.38116,6.535073],[3.383288,6.533849],[3.384356,6.532783],[3.384661,6.532531],[3.384808,6.532322],[3.384846,6.532162],[3.384677,6.530889],[3.384438,6.530247],[3.38422,6.530001],[3.384046,6.52959],[3.383852,6.528824],[3.383607,6.528123],[3.382925,6.526502],[3.382726,6.526201],[3.382351,6.525353],[3.382093,6.524692],[3.382072,6.523562],[3.383102,6.521857],[3.383552,6.521708],[3.383745,6.521452],[3.383896,6.520834],[3.38396,6.520215],[3.383938,6.519469],[3.383767,6.518702],[3.383887,6.517385],[3.383702,6.516719],[3.383632,6.516273],[3.38366,6.51593],[3.383745,6.51561],[3.383943,6.515396],[3.385011,6.514736],[3.386082,6.513726],[3.386547,6.512738],[3.386721,6.512505],[3.386989,6.512256],[3.38721,6.512155],[3.388108,6.511934],[3.388294,6.511837],[3.388745,6.511389],[3.389453,6.51011],[3.389569,6.509982],[3.389713,6.509923],[3.389897,6.509957],[3.39044,6.510217],[3.390967,6.510387],[3.391513,6.510494],[3.392094,6.510561],[3.392611,6.510535],[3.393343,6.510354],[3.395226,6.50955],[3.395634,6.508958],[3.395784,6.508372],[3.395583,6.50742],[3.395215,6.507018],[3.395111,6.506725],[3.3951,6.505491],[3.395017,6.504974],[3.395046,6.504779],[3.394933,6.504567],[3.394986,6.503528],[3.39506,6.503177],[3.395057,6.50241],[3.395097,6.502158],[3.394889,6.501048],[3.371234,6.539406]]]}},{"type":"Feature","properties":{"waterway":"stream","name":"Ajegunle Creek","osm_id":"way/166893834"},"geometry":{"type":"Polygon","coordinates":[[[3.369059,6.505586],[3.36878,6.50541],[3.368296,6.504296],[3.368093,6.503718],[3.367609,6.50265],[3.367463,6.502092],[3.367249,6.501611],[3.36712,6.501188],[3.367099,6.500734],[3.367211,6.499953],[3.367884,6.498404],[3.368023,6.497877],[3.367969,6.497307],[3.367808,6.496572],[3.367495,6.495799],[3.366848,6.49478],[3.365538,6.491401],[3.365137,6.490525],[3.36437,6.490313],[3.362964,6.489791],[3.361387,6.488736],[3.361076,6.488086],[3.360228,6.48573],[3.360206,6.485101],[3.36025,6.484717],[3.360432,6.484493],[3.362975,6.48364],[3.363394,6.48316],[3.365872,6.482201],[3.366408,6.481303],[3.366614,6.481151],[3.366896,6.481116],[3.367357,6.481151],[3.367465,6.481058],[3.367696,6.480666],[3.368,6.480337],[3.369018,6.479834],[3.370752,6.478886],[3.374466,6.476029],[3.375806,6.474305],[3.376048,6.474117],[3.369059,6.505586]]]}},{"type":"Feature","properties":{"natural":"water","osm_id":"way/135342519"},"geometry":{"type":"Polygon","coordinates":[[[3.373245,6.473203],[3.373565,6.473207],[3.373764,6.473435],[3.374103,6.473552],[3.374536,6.473454],[3.374866,6.473315],[3.375107,6.473301],[3.375244,6.473535],[3.374896,6.473904],[3.374549,6.474166],[3.374865,6.474081],[3.374932,6.474214],[3.374776,6.474388],[3.374959,6.474563],[3.375332,6.474411],[3.375486,6.474141],[3.375722,6.474164],[3.375807,6.474354],[3.375948,6.474233],[3.37631,6.474434],[3.376555,6.47465],[3.376506,6.474914],[3.376755,6.474942],[3.376924,6.475094],[3.377104,6.475187],[3.377205,6.475086],[3.378275,6.476009],[3.378549,6.47613],[3.378744,6.476284],[3.378744,6.476371],[3.379003,6.476545],[3.378801,6.476004],[3.378093,6.475358],[3.377401,6.475072],[3.377483,6.474925],[3.377226,6.474545],[3.376918,6.474441],[3.376756,6.474282],[3.376879,6.474066],[3.376723,6.474045],[3.376464,6.474187],[3.37603,6.473997],[3.37606,6.473833],[3.375358,6.473047],[3.375384,6.472657],[3.375548,6.472371],[3.375823,6.472132],[3.37601,6.471175],[3.375141,6.471422],[3.374703,6.471092],[3.374612,6.470954],[3.374337,6.470722],[3.374538,6.470722],[3.374583,6.470642],[3.374561,6.470523],[3.37447,6.470439],[3.374314,6.470484],[3.374068,6.470449],[3.373861,6.470275],[3.373693,6.470362],[3.373453,6.470288],[3.37333,6.470182],[3.37313,6.470172],[3.373023,6.470037],[3.372812,6.469969],[3.372673,6.46996],[3.372632,6.469992],[3.372103,6.469258],[3.372013,6.469053],[3.371854,6.469118],[3.372319,6.470114],[3.372202,6.470295],[3.372088,6.47089],[3.371886,6.471091],[3.371817,6.471224],[3.371773,6.471421],[3.371834,6.471461],[3.371821,6.471525],[3.371669,6.47171],[3.372056,6.471702],[3.372113,6.471718],[3.372145,6.471791],[3.372222,6.471642],[3.372368,6.471634],[3.372655,6.471823],[3.372756,6.472044],[3.37287,6.472048],[3.373015,6.472225],[3.373157,6.472506],[3.372938,6.472466],[3.372882,6.472346],[3.37287,6.472426],[3.37276,6.472438],[3.372638,6.472568],[3.372378,6.47252],[3.371999,6.472613],[3.371557,6.47292],[3.370787,6.472712],[3.37054,6.472453],[3.37036,6.472453],[3.369856,6.472872],[3.369867,6.472992],[3.369229,6.473378],[3.369309,6.473732],[3.370004,6.473567],[3.370071,6.47377],[3.370218,6.473932],[3.370497,6.473996],[3.37076,6.47397],[3.371216,6.473876],[3.371318,6.473509],[3.371546,6.473245],[3.371865,6.473128],[3.372375,6.473112],[3.373245,6.473203]]]}},{"type":"Feature","properties":{"natural":"water","osm_id":"way/735135648"},"geometry":{"type":"Polygon","coordinates":[[[3.371161,6.474303],[3.371228,6.474261],[3.372037,6.47453],[3.372279,6.475582],[3.372438,6.475669],[3.37282,6.475376],[3.373134,6.474929],[3.373019,6.475483],[3.372883,6.475697],[3.372875,6.475886],[3.37309,6.476025],[3.372971,6.476092],[3.37264,6.476064],[3.372537,6.47629],[3.37266,6.476614],[3.372836,6.47676],[3.372338,6.476729],[3.372239,6.476559],[3.372179,6.476072],[3.372056,6.475973],[3.371916,6.476116],[3.372016,6.476424],[3.371789,6.476851],[3.371454,6.477077],[3.371208,6.476867],[3.371359,6.475523],[3.371271,6.475281],[3.371295,6.474906],[3.371116,6.474692],[3.371161,6.474303]]]}},{"type":"Feature","properties":{"natural":"water","water":"canal","osm_id":"way/795831151"},"geometry":{"type":"Polygon","coordinates":[[[3.366717,6.48121],[3.367347,6.481255],[3.367438,6.481213],[3.367849,6.480586],[3.368185,6.480276],[3.368138,6.480243],[3.367913,6.480312],[3.367768,6.480493],[3.36764,6.480564],[3.367501,6.480757],[3.367432,6.481042],[3.367323,6.481083],[3.36658,6.481071],[3.366717,6.48121]]]}},{"type":"Feature","properties":{"waterway":"stream","osm_id":"way/734446304"},"geometry":{"type":"Polygon","coordinates":[[[3.373108,6.487724],[3.372919,6.488626],[3.372618,6.488755],[3.371595,6.489474],[3.37106,6.489493],[3.370682,6.489577],[3.370226,6.489563],[3.370065,6.489424],[3.36992,6.489434],[3.369562,6.489615],[3.36933,6.489593],[3.368779,6.489637],[3.368292,6.489599],[3.367511,6.489686],[3.36589,6.490441],[3.365537,6.490513],[3.365137,6.490525],[3.373108,6.487724]]]}},{"type":"Feature","properties":{"waterway":"stream","osm_id":"way/1545148112"},"geometry":{"type":"Polygon","coordinates":[[[3.375297,6.491049],[3.375599,6.490384],[3.376291,6.489494],[3.376535,6.48936],[3.376852,6.489302],[3.377884,6.489382],[3.378798,6.489392],[3.375297,6.491049]]]}},{"type":"Feature","properties":{"natural":"water","water":"reservoir","osm_id":"way/795793650"},"geometry":{"type":"Polygon","coordinates":[[[3.361374,6.498765],[3.361381,6.498658],[3.36133,6.498605],[3.361192,6.498633],[3.361166,6.4987],[3.361211,6.498795],[3.361315,6.498811],[3.361374,6.498765]]]}},{"type":"Feature","properties":{"waterway":"stream","osm_id":"way/217636590"},"geometry":{"type":"Polygon","coordinates":[[[3.38078,6.504454],[3.383269,6.500137],[3.384701,6.497515],[3.385898,6.49555],[3.38078,6.504454]]]}},{"type":"Feature","properties":{"waterway":"canal","osm_id":"way/438040978"},"geometry":{"type":"Polygon","coordinates":[[[3.38968,6.494628],[3.390188,6.49428],[3.390325,6.494124],[3.390495,6.494036],[3.391261,6.493266],[3.391495,6.493116],[3.38968,6.494628]]]}},{"type":"Feature","properties":{"waterway":"canal","osm_id":"way/495302475"},"geometry":{"type":"Polygon","coordinates":[[[3.39,6.496722],[3.39024,6.496638],[3.390282,6.496669],[3.390325,6.496604],[3.390643,6.496479],[3.390773,6.496477],[3.390922,6.49639],[3.391101,6.496406],[3.391284,6.49635],[3.391347,6.496432],[3.391624,6.496312],[3.3916,6.496205],[3.391688,6.496199],[3.391718,6.496304],[3.39186,6.496334],[3.392027,6.496259],[3.392121,6.496288],[3.392716,6.496139],[3.392897,6.495987],[3.39,6.496722]]]}},{"type":"Feature","properties":{"waterway":"canal","osm_id":"way/734935249"},"geometry":{"type":"Polygon","coordinates":[[[3.391531,6.495245],[3.391384,6.495315],[3.391342,6.495447],[3.390907,6.495833],[3.390836,6.495842],[3.390688,6.495977],[3.390312,6.496201],[3.39046,6.496561],[3.391531,6.495245]]]}},{"type":"Feature","properties":{"waterway":"canal","osm_id":"way/745386099"},"geometry":{"type":"Polygon","coordinates":[[[3.392717,6.492552],[3.393212,6.491945],[3.393552,6.491659],[3.392717,6.492552]]]}},{"type":"Feature","properties":{"waterway":"canal","osm_id":"way/745386103"},"geometry":{"type":"Polygon","coordinates":[[[3.392958,6.492608],[3.393218,6.492246],[3.393332,6.492242],[3.393636,6.491844],[3.393613,6.491796],[3.392958,6.492608]]]}},{"type":"Feature","properties":{"waterway":"canal","osm_id":"way/745436762"},"geometry":{"type":"Polygon","coordinates":[[[3.391034,6.494153],[3.391228,6.493956],[3.391447,6.493832],[3.391892,6.493294],[3.392238,6.492988],[3.39221,6.492955],[3.392366,6.492755],[3.391034,6.494153]]]}},{"type":"Feature","properties":{"waterway":"canal","osm_id":"way/745451046"},"geometry":{"type":"Polygon","coordinates":[[[3.391687,6.493928],[3.392154,6.49363],[3.392346,6.493261],[3.392317,6.493201],[3.392284,6.493182],[3.391687,6.493928]]]}},{"type":"Feature","properties":{"waterway":"canal","osm_id":"way/745451047"},"geometry":{"type":"Polygon","coordinates":[[[3.392196,6.494138],[3.393041,6.49329],[3.393292,6.492906],[3.393354,6.492671],[3.39357,6.492372],[3.393749,6.492246],[3.392196,6.494138]]]}},{"type":"Feature","properties":{"waterway":"canal","osm_id":"way/745467434"},"geometry":{"type":"Polygon","coordinates":[[[3.390598,6.496947],[3.390872,6.496867],[3.391534,6.496545],[3.391507,6.49646],[3.39186,6.496334],[3.390598,6.496947]]]}},{"type":"Feature","properties":{"waterway":"canal","osm_id":"way/745472901"},"geometry":{"type":"Polygon","coordinates":[[[3.39087,6.497436],[3.390896,6.497374],[3.391056,6.497318],[3.391162,6.497227],[3.392274,6.496808],[3.392322,6.496832],[3.39087,6.497436]]]}},{"type":"Feature","properties":{"waterway":"canal","osm_id":"way/745472902"},"geometry":{"type":"Polygon","coordinates":[[[3.391056,6.497318],[3.39112,6.497381],[3.391298,6.497314],[3.391877,6.496984],[3.391056,6.497318]]]}},{"type":"Feature","properties":{"waterway":"canal","osm_id":"way/745511377"},"geometry":{"type":"Polygon","coordinates":[[[3.389943,6.49478],[3.390254,6.494445],[3.390353,6.494427],[3.390576,6.494266],[3.390653,6.494389],[3.389943,6.49478]]]}},{"type":"Feature","properties":{"waterway":"canal","osm_id":"way/745511379"},"geometry":{"type":"Polygon","coordinates":[[[3.390607,6.494334],[3.390929,6.494065],[3.391678,6.493296],[3.391735,6.49314],[3.391949,6.49294],[3.391968,6.492815],[3.392054,6.492704],[3.390607,6.494334]]]}},{"type":"Feature","properties":{"waterway":"canal","osm_id":"way/745511381"},"geometry":{"type":"Polygon","coordinates":[[[3.38999,6.494398],[3.389843,6.494176],[3.389556,6.494239],[3.38999,6.494398]]]}},{"type":"Feature","properties":{"waterway":"canal","osm_id":"way/745511383"},"geometry":{"type":"Polygon","coordinates":[[[3.389607,6.494639],[3.389384,6.494753],[3.389177,6.494955],[3.389607,6.494639]]]}},{"type":"Feature","properties":{"waterway":"canal","osm_id":"way/745511384"},"geometry":{"type":"Polygon","coordinates":[[[3.389434,6.494544],[3.389374,6.494509],[3.389214,6.494656],[3.389434,6.494544]]]}},{"type":"Feature","properties":{"waterway":"canal","osm_id":"way/745511385"},"geometry":{"type":"Polygon","coordinates":[[[3.390372,6.495004],[3.390535,6.494682],[3.390648,6.494561],[3.390372,6.495004]]]}},{"type":"Feature","properties":{"waterway":"canal","osm_id":"way/745511388"},"geometry":{"type":"Polygon","coordinates":[[[3.389645,6.495008],[3.389661,6.494944],[3.389781,6.494846],[3.389938,6.494778],[3.389645,6.495008]]]}},{"type":"Feature","properties":{"waterway":"canal","osm_id":"way/745647426"},"geometry":{"type":"Polygon","coordinates":[[[3.394093,6.497249],[3.394134,6.497376],[3.394111,6.497552],[3.394166,6.497716],[3.394093,6.497249]]]}},{"type":"Feature","properties":{"waterway":"canal","osm_id":"way/745647428"},"geometry":{"type":"Polygon","coordinates":[[[3.394416,6.497654],[3.393816,6.497815],[3.393679,6.497531],[3.394416,6.497654]]]}},{"type":"Feature","properties":{"waterway":"canal","osm_id":"way/745652808"},"geometry":{"type":"Polygon","coordinates":[[[3.390312,6.496201],[3.390196,6.496187],[3.389798,6.496322],[3.389636,6.496204],[3.390312,6.496201]]]}},{"type":"Feature","properties":{"waterway":"canal","osm_id":"way/745652824"},"geometry":{"type":"Polygon","coordinates":[[[3.389815,6.496464],[3.389862,6.496484],[3.39,6.496722],[3.389815,6.496464]]]}},{"type":"Feature","properties":{"waterway":"canal","osm_id":"way/745677722"},"geometry":{"type":"Polygon","coordinates":[[[3.391531,6.495245],[3.39151,6.495169],[3.391681,6.495002],[3.39149,6.494686],[3.391657,6.494581],[3.391846,6.494589],[3.392196,6.494138],[3.391531,6.495245]]]}},{"type":"Feature","properties":{"waterway":"canal","osm_id":"way/745677724"},"geometry":{"type":"Polygon","coordinates":[[[3.391301,6.494872],[3.391242,6.494934],[3.391252,6.49499],[3.391404,6.495189],[3.391531,6.495245],[3.391301,6.494872]]]}},{"type":"Feature","properties":{"waterway":"canal","osm_id":"way/745691082"},"geometry":{"type":"Polygon","coordinates":[[[3.391259,6.496916],[3.391779,6.496691],[3.392168,6.496593],[3.392189,6.496688],[3.391259,6.496916]]]}},{"type":"Feature","properties":{"waterway":"canal","osm_id":"way/745695136"},"geometry":{"type":"Polygon","coordinates":[[[3.393264,6.497056],[3.393061,6.496779],[3.392922,6.496681],[3.392755,6.496405],[3.393264,6.497056]]]}},{"type":"Feature","properties":{"waterway":"canal","osm_id":"way/745695154"},"geometry":{"type":"Polygon","coordinates":[[[3.39337,6.497278],[3.393338,6.497337],[3.393378,6.497476],[3.39337,6.497278]]]}},{"type":"Feature","properties":{"waterway":"canal","osm_id":"way/745695155"},"geometry":{"type":"Polygon","coordinates":[[[3.392967,6.497623],[3.393378,6.497476],[3.393463,6.497571],[3.393666,6.497504],[3.392967,6.497623]]]}},{"type":"Feature","properties":{"waterway":"canal","osm_id":"way/745791906"},"geometry":{"type":"Polygon","coordinates":[[[3.390714,6.496068],[3.390879,6.496332],[3.390855,6.496383],[3.390922,6.49639],[3.390714,6.496068]]]}},{"type":"Feature","properties":{"waterway":"canal","osm_id":"way/745791907"},"geometry":{"type":"Polygon","coordinates":[[[3.390745,6.496042],[3.390744,6.496083],[3.390845,6.496095],[3.390879,6.496145],[3.390936,6.496118],[3.391101,6.496406],[3.390745,6.496042]]]}},{"type":"Feature","properties":{"waterway":"canal","osm_id":"way/745982986"},"geometry":{"type":"Polygon","coordinates":[[[3.393005,6.496156],[3.393197,6.496433],[3.392757,6.496885],[3.392726,6.496957],[3.392816,6.497044],[3.393005,6.496156]]]}},{"type":"Feature","properties":{"waterway":"canal","osm_id":"way/745982987"},"geometry":{"type":"Polygon","coordinates":[[[3.392716,6.496139],[3.392957,6.496377],[3.393082,6.496287],[3.392716,6.496139]]]}},{"type":"Feature","properties":{"waterway":"canal","osm_id":"way/745996924"},"geometry":{"type":"Polygon","coordinates":[[[3.392926,6.494071],[3.39294,6.494144],[3.392719,6.494318],[3.392871,6.494435],[3.393028,6.49424],[3.393056,6.494293],[3.39309,6.494258],[3.393296,6.494449],[3.393246,6.494565],[3.393374,6.494678],[3.392926,6.494071]]]}},{"type":"Feature","properties":{"waterway":"canal","osm_id":"way/745998881"},"geometry":{"type":"Polygon","coordinates":[[[3.393486,6.496321],[3.394145,6.495754],[3.394294,6.495562],[3.394433,6.495509],[3.394561,6.495548],[3.393486,6.496321]]]}},{"type":"Feature","properties":{"waterway":"canal","osm_id":"way/746008729"},"geometry":{"type":"Polygon","coordinates":[[[3.392465,6.494206],[3.392567,6.494304],[3.392778,6.494063],[3.392465,6.494206]]]}},{"type":"Feature","properties":{"waterway":"canal","osm_id":"way/746014783"},"geometry":{"type":"Polygon","coordinates":[[[3.38906,6.495462],[3.389324,6.495218],[3.389645,6.495008],[3.38906,6.495462]]]}},{"type":"Feature","properties":{"waterway":"canal","osm_id":"way/746023136"},"geometry":{"type":"Polygon","coordinates":[[[3.391342,6.495447],[3.391541,6.495575],[3.391632,6.49575],[3.391753,6.495866],[3.391726,6.495924],[3.391793,6.495942],[3.391936,6.496186],[3.392027,6.496259],[3.391342,6.495447]]]}},{"type":"Feature","properties":{"waterway":"canal","osm_id":"way/746028307"},"geometry":{"type":"Polygon","coordinates":[[[3.391624,6.496312],[3.39158,6.496198],[3.391522,6.496193],[3.391368,6.495937],[3.391323,6.495962],[3.391288,6.495864],[3.391107,6.495656],[3.391624,6.496312]]]}},{"type":"Feature","properties":{"waterway":"canal","osm_id":"way/746030062"},"geometry":{"type":"Polygon","coordinates":[[[3.391115,6.497002],[3.391195,6.497116],[3.391261,6.497119],[3.391632,6.4969],[3.392189,6.496688],[3.392274,6.496808],[3.391115,6.497002]]]}},{"type":"Feature","properties":{"waterway":"canal","osm_id":"way/746054944"},"geometry":{"type":"Polygon","coordinates":[[[3.390349,6.494998],[3.390281,6.495074],[3.390076,6.495109],[3.389847,6.495235],[3.390349,6.494998]]]}},{"type":"Feature","properties":{"waterway":"canal","osm_id":"way/746098378"},"geometry":{"type":"Polygon","coordinates":[[[3.39229,6.496934],[3.392514,6.497072],[3.392651,6.497345],[3.392768,6.497384],[3.392877,6.497505],[3.39229,6.496934]]]}},{"type":"Feature","properties":{"waterway":"canal","osm_id":"way/746098379"},"geometry":{"type":"Polygon","coordinates":[[[3.390768,6.497306],[3.391043,6.497149],[3.391061,6.497174],[3.391195,6.497116],[3.390768,6.497306]]]}},{"type":"Feature","properties":{"waterway":"canal","osm_id":"way/746102303"},"geometry":{"type":"Polygon","coordinates":[[[3.391372,6.494247],[3.39123,6.494276],[3.390929,6.494065],[3.391372,6.494247]]]}},{"type":"Feature","properties":{"waterway":"canal","osm_id":"way/746102306"},"geometry":{"type":"Polygon","coordinates":[[[3.391671,6.493556],[3.391808,6.493715],[3.391853,6.49366],[3.391671,6.493556]]]}},{"type":"Feature","properties":{"waterway":"canal","osm_id":"way/746102307"},"geometry":{"type":"Polygon","coordinates":[[[3.391669,6.494165],[3.391998,6.493839],[3.391945,6.493778],[3.391669,6.494165]]]}},{"type":"Feature","properties":{"waterway":"canal","osm_id":"way/746102313"},"geometry":{"type":"Polygon","coordinates":[[[3.39154,6.493722],[3.391663,6.49387],[3.391677,6.494008],[3.39183,6.494204],[3.39154,6.493722]]]}},{"type":"Feature","properties":{"waterway":"canal","osm_id":"way/746102315"},"geometry":{"type":"Polygon","coordinates":[[[3.391954,6.492925],[3.392029,6.493021],[3.391999,6.493063],[3.392081,6.493125],[3.391954,6.492925]]]}},{"type":"Feature","properties":{"waterway":"canal","osm_id":"way/746102318"},"geometry":{"type":"Polygon","coordinates":[[[3.390391,6.493844],[3.390313,6.493919],[3.390431,6.494065],[3.390391,6.493844]]]}},{"type":"Feature","properties":{"waterway":"canal","osm_id":"way/746102320"},"geometry":{"type":"Polygon","coordinates":[[[3.390705,6.493192],[3.390791,6.493233],[3.390867,6.493217],[3.390705,6.493192]]]}},{"type":"Feature","properties":{"waterway":"canal","osm_id":"way/746102321"},"geometry":{"type":"Polygon","coordinates":[[[3.391117,6.49341],[3.390867,6.493217],[3.390875,6.493154],[3.390785,6.49302],[3.391117,6.49341]]]}},{"type":"Feature","properties":{"waterway":"canal","osm_id":"way/746102323"},"geometry":{"type":"Polygon","coordinates":[[[3.390589,6.49366],[3.390676,6.493721],[3.390723,6.493681],[3.390797,6.493755],[3.390589,6.49366]]]}},{"type":"Feature","properties":{"waterway":"canal","osm_id":"way/746102324"},"geometry":{"type":"Polygon","coordinates":[[[3.390078,6.493647],[3.39034,6.493456],[3.390595,6.493635],[3.390575,6.493721],[3.390845,6.493994],[3.390078,6.493647]]]}},{"type":"Feature","properties":{"waterway":"canal","osm_id":"way/746102325"},"geometry":{"type":"Polygon","coordinates":[[[3.390708,6.493025],[3.39069,6.493249],[3.390753,6.493313],[3.390474,6.493544],[3.390708,6.493025]]]}},{"type":"Feature","properties":{"waterway":"canal","osm_id":"way/746116829"},"geometry":{"type":"Polygon","coordinates":[[[3.393525,6.494423],[3.393566,6.494479],[3.393654,6.494402],[3.393734,6.494398],[3.393796,6.494452],[3.394085,6.494149],[3.39424,6.494124],[3.39425,6.494064],[3.394196,6.494003],[3.393525,6.494423]]]}},{"type":"Feature","properties":{"waterway":"canal","osm_id":"way/746471626"},"geometry":{"type":"Polygon","coordinates":[[[3.392818,6.492406],[3.392629,6.492244],[3.392569,6.492098],[3.392818,6.492406]]]}},{"type":"Feature","properties":{"waterway":"canal","osm_id":"way/217636593"},"geometry":{"type":"Polygon","coordinates":[[[3.387134,6.50254],[3.387472,6.502209],[3.387717,6.502036],[3.388047,6.50188],[3.388708,6.501291],[3.389544,6.500064],[3.387134,6.50254]]]}},{"type":"Feature","properties":{"waterway":"canal","osm_id":"way/407972989"},"geometry":{"type":"Polygon","coordinates":[[[3.394889,6.501048],[3.39435,6.500575],[3.394068,6.50026],[3.393657,6.49996],[3.393261,6.499428],[3.393466,6.4987],[3.393557,6.498461],[3.393833,6.49827],[3.394166,6.498121],[3.394551,6.498074],[3.395274,6.498067],[3.395714,6.498147],[3.395986,6.498069],[3.394889,6.501048]]]}},{"type":"Feature","properties":{"waterway":"canal","osm_id":"way/407972991"},"geometry":{"type":"Polygon","coordinates":[[[3.385898,6.49555],[3.386154,6.495296],[3.38723,6.494607],[3.387826,6.494334],[3.388727,6.493828],[3.388871,6.493806],[3.38886,6.493748],[3.389503,6.493304],[3.389831,6.493246],[3.390125,6.49288],[3.390523,6.492932],[3.390708,6.493025],[3.390785,6.49302],[3.39087,6.492898],[3.390946,6.49288],[3.391025,6.492888],[3.391042,6.492992],[3.391176,6.49302],[3.39131,6.492971],[3.391408,6.492795],[3.391395,6.492694],[3.391568,6.492472],[3.391579,6.492357],[3.391647,6.492267],[3.39179,6.492223],[3.391905,6.492127],[3.385898,6.49555]]]}},{"type":"Feature","properties":{"waterway":"canal","osm_id":"way/407972992"},"geometry":{"type":"Polygon","coordinates":[[[3.391487,6.498491],[3.391481,6.498366],[3.391549,6.498173],[3.391756,6.49804],[3.391745,6.49797],[3.391806,6.497844],[3.392126,6.497425],[3.392322,6.496832],[3.393005,6.496156],[3.393276,6.495819],[3.394199,6.49506],[3.394528,6.494863],[3.391487,6.498491]]]}},{"type":"Feature","properties":{"waterway":"canal","osm_id":"way/407982601"},"geometry":{"type":"Polygon","coordinates":[[[3.388871,6.493806],[3.389258,6.494216],[3.389331,6.494454],[3.3895,6.494635],[3.38968,6.494628],[3.390349,6.494998],[3.390528,6.495002],[3.391385,6.495287],[3.391531,6.495245],[3.392316,6.495627],[3.392897,6.495987],[3.393157,6.496061],[3.393428,6.4963],[3.393599,6.496355],[3.393894,6.496751],[3.393983,6.496977],[3.394109,6.497151],[3.39418,6.497173],[3.394274,6.497344],[3.394302,6.49744],[3.394217,6.4975],[3.394253,6.497533],[3.394518,6.497484],[3.394532,6.497594],[3.394416,6.497654],[3.394454,6.497757],[3.394659,6.497784],[3.394738,6.498065],[3.388871,6.493806]]]}},{"type":"Feature","properties":{"waterway":"canal","osm_id":"way/495302474"},"geometry":{"type":"Polygon","coordinates":[[[3.391445,6.498526],[3.392089,6.49814],[3.392398,6.497903],[3.392556,6.497717],[3.392849,6.497518],[3.393055,6.497694],[3.393188,6.497938],[3.391445,6.498526]]]}},{"type":"Feature","properties":{"natural":"water","osm_id":"way/745462894"},"geometry":{"type":"Polygon","coordinates":[[[3.387113,6.502534],[3.387152,6.502583],[3.387773,6.50201],[3.388052,6.501896],[3.388621,6.501359],[3.388042,6.501869],[3.387442,6.502179],[3.387113,6.502534]]]}},{"type":"Feature","properties":{"waterway":"canal","osm_id":"way/745647416"},"geometry":{"type":"Polygon","coordinates":[[[3.393833,6.49827],[3.393678,6.498071],[3.39352,6.498069],[3.393396,6.497841],[3.393833,6.49827]]]}},{"type":"Feature","properties":{"waterway":"canal","osm_id":"way/745647417"},"geometry":{"type":"Polygon","coordinates":[[[3.393887,6.497299],[3.393823,6.497148],[3.394069,6.496995],[3.395143,6.496594],[3.393887,6.497299]]]}},{"type":"Feature","properties":{"waterway":"canal","osm_id":"way/745647420"},"geometry":{"type":"Polygon","coordinates":[[[3.394659,6.497784],[3.394822,6.497717],[3.395127,6.497676],[3.395968,6.497641],[3.394659,6.497784]]]}},{"type":"Feature","properties":{"waterway":"canal","osm_id":"way/745647424"},"geometry":{"type":"Polygon","coordinates":[[[3.393816,6.497815],[3.393806,6.497896],[3.393922,6.497989],[3.39399,6.498196],[3.393816,6.497815]]]}},{"type":"Feature","properties":{"waterway":"canal","osm_id":"way/745647425"},"geometry":{"type":"Polygon","coordinates":[[[3.394518,6.497484],[3.395251,6.497237],[3.39582,6.496948],[3.394518,6.497484]]]}},{"type":"Feature","properties":{"waterway":"canal","osm_id":"way/745647427"},"geometry":{"type":"Polygon","coordinates":[[[3.394532,6.497594],[3.394761,6.497578],[3.395097,6.49745],[3.395567,6.497389],[3.395628,6.49728],[3.395884,6.497189],[3.394532,6.497594]]]}},{"type":"Feature","properties":{"waterway":"canal","osm_id":"way/745695157"},"geometry":{"type":"Polygon","coordinates":[[[3.393289,6.498153],[3.393188,6.497938],[3.393453,6.497811],[3.393463,6.497571],[3.393289,6.498153]]]}},{"type":"Feature","properties":{"waterway":"canal","osm_id":"way/745990059"},"geometry":{"type":"Polygon","coordinates":[[[3.391745,6.498015],[3.391878,6.497945],[3.392215,6.497578],[3.392549,6.497296],[3.392692,6.4971],[3.392855,6.497012],[3.393121,6.496714],[3.393551,6.496346],[3.391745,6.498015]]]}},{"type":"Feature","properties":{"waterway":"canal","osm_id":"way/745990061"},"geometry":{"type":"Polygon","coordinates":[[[3.392014,6.49797],[3.39298,6.497182],[3.39353,6.496947],[3.392014,6.49797]]]}},{"type":"Feature","properties":{"waterway":"canal","osm_id":"way/745999555"},"geometry":{"type":"Polygon","coordinates":[[[3.393599,6.496355],[3.39425,6.495857],[3.394561,6.495548],[3.395142,6.495171],[3.393599,6.496355]]]}},{"type":"Feature","properties":{"waterway":"canal","osm_id":"way/746000224"},"geometry":{"type":"Polygon","coordinates":[[[3.393034,6.49855],[3.392886,6.498242],[3.39285,6.498058],[3.392609,6.497676],[3.393034,6.49855]]]}},{"type":"Feature","properties":{"waterway":"canal","osm_id":"way/746000324"},"geometry":{"type":"Polygon","coordinates":[[[3.393866,6.496715],[3.3943,6.496441],[3.394686,6.496258],[3.395342,6.495738],[3.393866,6.496715]]]}},{"type":"Feature","properties":{"waterway":"canal","osm_id":"way/746000335"},"geometry":{"type":"Polygon","coordinates":[[[3.393904,6.49677],[3.393936,6.496708],[3.394278,6.496484],[3.395419,6.495881],[3.393904,6.49677]]]}},{"type":"Feature","properties":{"waterway":"stream","osm_id":"way/746459150"},"geometry":{"type":"Polygon","coordinates":[[[3.384531,6.505033],[3.384604,6.504888],[3.384573,6.503868],[3.384663,6.503596],[3.384806,6.503412],[3.385119,6.503298],[3.385294,6.503304],[3.385482,6.503363],[3.38565,6.503591],[3.385825,6.503587],[3.386047,6.503468],[3.38692,6.50283],[3.387134,6.50254],[3.384531,6.505033]]]}},{"type":"Feature","properties":{"waterway":"canal","osm_id":"way/407972994"},"geometry":{"type":"Polygon","coordinates":[[[3.391399,6.499068],[3.391514,6.499037],[3.391637,6.499166],[3.392666,6.498771],[3.392848,6.498608],[3.393557,6.498461],[3.391399,6.499068]]]}},{"type":"Feature","properties":{"waterway":"canal","osm_id":"way/745653346"},"geometry":{"type":"Polygon","coordinates":[[[3.391526,6.49954],[3.391622,6.499398],[3.391564,6.499222],[3.391637,6.499166],[3.391526,6.49954]]]}},{"type":"Feature","properties":{"waterway":"canal","osm_id":"way/746000226"},"geometry":{"type":"Polygon","coordinates":[[[3.392886,6.498242],[3.39312,6.49811],[3.393108,6.498074],[3.393206,6.498011],[3.392886,6.498242]]]}},{"type":"Feature","properties":{"waterway":"canal","osm_id":"way/746016462"},"geometry":{"type":"Polygon","coordinates":[[[3.389544,6.500064],[3.389743,6.499851],[3.391445,6.498526],[3.389544,6.500064]]]}},{"type":"Feature","properties":{"waterway":"stream","osm_id":"way/407972990"},"geometry":{"type":"Polygon","coordinates":[[[3.39561,6.506106],[3.395671,6.505981],[3.39561,6.505885],[3.395652,6.505768],[3.395473,6.505566],[3.3955,6.505464],[3.395602,6.505379],[3.39569,6.505075],[3.395671,6.504897],[3.395717,6.504761],[3.395682,6.504641],[3.395746,6.504566],[3.395626,6.504294],[3.395626,6.504113],[3.39569,6.50395],[3.395762,6.503892],[3.395744,6.503804],[3.395612,6.503687],[3.395644,6.503577],[3.395618,6.503484],[3.395701,6.503252],[3.39566,6.503084],[3.395756,6.502822],[3.395839,6.502793],[3.396063,6.502328],[3.39608,6.501929],[3.396019,6.501822],[3.395882,6.501731],[3.395876,6.501661],[3.39561,6.506106]]]}},{"type":"Feature","properties":{"waterway":"canal","osm_id":"way/746459143"},"geometry":{"type":"Polygon","coordinates":[[[3.395876,6.501661],[3.395876,6.501567],[3.396022,6.501476],[3.396026,6.501395],[3.395884,6.501096],[3.39574,6.500968],[3.395923,6.500592],[3.395917,6.500495],[3.395811,6.500372],[3.395816,6.500293],[3.395731,6.500265],[3.395845,6.500093],[3.395999,6.500093],[3.396196,6.499942],[3.396337,6.499727],[3.396541,6.499561],[3.395876,6.501661]]]}},{"type":"Feature","properties":{"waterway":"stream","osm_id":"way/746459148"},"geometry":{"type":"Polygon","coordinates":[[[3.388899,6.509366],[3.389173,6.508266],[3.38918,6.507979],[3.38895,6.506631],[3.389022,6.505694],[3.388899,6.509366]]]}},{"type":"Feature","properties":{"natural":"water","osm_id":"way/704160859"},"geometry":{"type":"Polygon","coordinates":[[[3.478254,6.462618],[3.478687,6.462597],[3.479215,6.462945],[3.479629,6.462944],[3.482551,6.460587],[3.482837,6.46011],[3.482904,6.459806],[3.482331,6.459834],[3.482069,6.459665],[3.481932,6.459382],[3.481884,6.459057],[3.481896,6.45864],[3.481812,6.458442],[3.48168,6.458614],[3.481531,6.458661],[3.481403,6.4589],[3.480937,6.459158],[3.480729,6.459356],[3.480416,6.459507],[3.480272,6.459681],[3.478841,6.460315],[3.478441,6.460585],[3.478002,6.46091],[3.477225,6.461635],[3.477174,6.461899],[3.4774,6.46277],[3.477704,6.463059],[3.477941,6.46307],[3.478254,6.462618]]]}},{"type":"Feature","properties":{"waterway":"stream","osm_id":"way/220332229"},"geometry":{"type":"Polygon","coordinates":[[[3.387952,6.544241],[3.386533,6.544142],[3.385893,6.544143],[3.383837,6.544352],[3.382783,6.544515],[3.381874,6.544587],[3.38141,6.544718],[3.381125,6.544885],[3.380433,6.545585],[3.379785,6.546009],[3.379862,6.547682],[3.380007,6.548192],[3.380219,6.548715],[3.380348,6.549167],[3.380386,6.54949],[3.380305,6.551008],[3.380139,6.552034],[3.38012,6.552642],[3.380061,6.552812],[3.379954,6.553708],[3.379938,6.554305],[3.38001,6.554675],[3.380416,6.555219],[3.380495,6.5563],[3.380648,6.557326],[3.380726,6.558331],[3.38075,6.559647],[3.38072,6.560794],[3.380586,6.561792],[3.380615,6.562018],[3.380913,6.562349],[3.381375,6.563],[3.381546,6.563096],[3.381836,6.563468],[3.38219,6.564001],[3.382158,6.564183],[3.382212,6.564449],[3.382923,6.565372],[3.383006,6.5656],[3.382963,6.566453],[3.383038,6.566869],[3.383156,6.56722],[3.383649,6.567732],[3.383885,6.568041],[3.384379,6.568979],[3.384529,6.569437],[3.384711,6.57045],[3.384765,6.5711],[3.387952,6.544241]]]}},{"type":"Feature","properties":{"waterway":"stream","osm_id":"way/134222238"},"geometry":{"type":"Polygon","coordinates":[[[3.397159,6.550005],[3.39726,6.54968],[3.397551,6.549141],[3.397714,6.548656],[3.397847,6.548106],[3.397886,6.547683],[3.398002,6.547492],[3.398219,6.547327],[3.398318,6.547191],[3.398303,6.547085],[3.39847,6.546829],[3.399185,6.546148],[3.400118,6.545434],[3.400279,6.545157],[3.400451,6.544699],[3.400622,6.543275],[3.400832,6.542257],[3.400821,6.542034],[3.400758,6.541891],[3.400483,6.541591],[3.39975,6.541426],[3.397159,6.550005]]]}},{"type":"Feature","properties":{"waterway":"stream","osm_id":"way/95045712"},"geometry":{"type":"Polygon","coordinates":[[[3.367663,6.55039],[3.369219,6.55023],[3.36968,6.550305],[3.370077,6.550294],[3.370292,6.550166],[3.370646,6.550166],[3.370978,6.550252],[3.37129,6.550166],[3.371676,6.549996],[3.372459,6.549538],[3.37276,6.549452],[3.372953,6.549452],[3.373264,6.549868],[3.37321,6.550071],[3.373392,6.550316],[3.373521,6.550614],[3.373693,6.55152],[3.373661,6.551936],[3.373392,6.552288],[3.373253,6.552575],[3.373253,6.552789],[3.373106,6.55359],[3.373237,6.554113],[3.373452,6.55448],[3.373628,6.554654],[3.37394,6.555091],[3.373897,6.555389],[3.373704,6.555762],[3.373403,6.556103],[3.367663,6.55039]]]}},{"type":"Feature","properties":{"natural":"water","name":"Swimmimg pool","osm_id":"way/1265480175"},"geometry":{"type":"Polygon","coordinates":[[[3.361941,6.5442],[3.362018,6.544199],[3.362017,6.544147],[3.361941,6.544147],[3.361941,6.5442]]]}},{"type":"Feature","properties":{"waterway":"stream","osm_id":"way/135176586"},"geometry":{"type":"Polygon","coordinates":[[[3.404114,6.551815],[3.404925,6.551925],[3.405012,6.55206],[3.405036,6.552273],[3.405004,6.552464],[3.405129,6.552692],[3.405944,6.552916],[3.406314,6.553318],[3.404114,6.551815]]]}},{"type":"Feature","properties":{"natural":"water","osm_id":"way/745460363"},"geometry":{"type":"Polygon","coordinates":[[[3.488584,6.542024],[3.488535,6.541522],[3.488824,6.541085],[3.489943,6.540475],[3.490195,6.540427],[3.490509,6.540094],[3.490117,6.539843],[3.489667,6.53971],[3.489377,6.539907],[3.488969,6.540307],[3.488519,6.540563],[3.487521,6.540686],[3.486984,6.540643],[3.486679,6.54076],[3.486893,6.541096],[3.48729,6.541352],[3.488584,6.542024]]]}},{"type":"Feature","properties":{"natural":"water","osm_id":"way/745460364"},"geometry":{"type":"Polygon","coordinates":[[[3.487478,6.546926],[3.487671,6.547262],[3.488266,6.547539],[3.488384,6.547811],[3.488342,6.548067],[3.488218,6.548184],[3.48788,6.548067],[3.487215,6.547971],[3.487145,6.5478],[3.487145,6.547427],[3.487247,6.547097],[3.487392,6.546921],[3.487478,6.546926]]]}},{"type":"Feature","properties":{"natural":"water","water":"river","name":"Badagry Creek","osm_id":"relation/2116060"},"geometry":{"type":"Polygon","coordinates":[[[3.394298,6.434853],[3.397325,6.430464],[3.396806,6.430262],[3.396227,6.430218],[3.396116,6.430175],[3.395372,6.430152],[3.395118,6.430028],[3.394789,6.429596],[3.39471,6.429397],[3.394782,6.429157],[3.394573,6.4289],[3.393884,6.427776],[3.393607,6.427467],[3.393473,6.427197],[3.393475,6.426833],[3.392931,6.426104],[3.392298,6.425644],[3.39221,6.425388],[3.392233,6.425128],[3.39233,6.424916],[3.392535,6.424643],[3.393026,6.424141],[3.393223,6.42382],[3.393401,6.423385],[3.393292,6.423118],[3.393055,6.422942],[3.392872,6.422915],[3.392721,6.422627],[3.392636,6.422312],[3.391908,6.421403],[3.391473,6.421387],[3.391102,6.421208],[3.390474,6.42057],[3.390532,6.420349],[3.391002,6.420302],[3.391149,6.420119],[3.391154,6.419769],[3.390722,6.417807],[3.390331,6.417582],[3.390136,6.417332],[3.390248,6.416903],[3.390281,6.416591],[3.389923,6.416365],[3.389756,6.416179],[3.389667,6.415703],[3.38987,6.415412],[3.390912,6.414344],[3.390659,6.414278],[3.388765,6.414389],[3.388514,6.41424],[3.387908,6.414309],[3.387768,6.414614],[3.387598,6.415197],[3.387398,6.415493],[3.386638,6.41578],[3.385969,6.415735],[3.385473,6.415619],[3.385153,6.415344],[3.384864,6.41523],[3.384615,6.415195],[3.384491,6.414709],[3.38412,6.414645],[3.383825,6.41444],[3.38367,6.413772],[3.383345,6.413268],[3.382996,6.412882],[3.382586,6.412322],[3.382445,6.412419],[3.382206,6.412429],[3.381836,6.412065],[3.381089,6.411052],[3.380932,6.41039],[3.380288,6.409746],[3.379534,6.409842],[3.379088,6.409781],[3.3786,6.410049],[3.377834,6.410891],[3.377244,6.411915],[3.376874,6.41267],[3.37728,6.413705],[3.377417,6.41475],[3.378312,6.416525],[3.378204,6.416935],[3.37832,6.416972],[3.37887,6.41742],[3.380195,6.41762],[3.381259,6.417872],[3.381839,6.418065],[3.382673,6.417985],[3.383098,6.418084],[3.383308,6.418356],[3.383426,6.418752],[3.383695,6.419068],[3.383789,6.419395],[3.383888,6.419467],[3.38428,6.419483],[3.385256,6.41919],[3.385629,6.419217],[3.385889,6.419345],[3.386431,6.419283],[3.38657,6.419391],[3.386703,6.419595],[3.386631,6.419902],[3.386404,6.420122],[3.386306,6.420124],[3.38627,6.420082],[3.386316,6.419872],[3.38623,6.419708],[3.386046,6.419637],[3.385897,6.419704],[3.385899,6.419972],[3.386146,6.420835],[3.386616,6.421657],[3.386652,6.421884],[3.387126,6.42254],[3.387405,6.4227],[3.387836,6.422615],[3.388056,6.422391],[3.388094,6.422298],[3.38803,6.422095],[3.388091,6.421956],[3.388192,6.421841],[3.388528,6.421821],[3.388861,6.422127],[3.389068,6.422389],[3.389582,6.4233],[3.390009,6.423662],[3.390319,6.423758],[3.390762,6.424021],[3.391016,6.424225],[3.391158,6.424455],[3.391195,6.425105],[3.391168,6.425441],[3.391038,6.425678],[3.390893,6.426183],[3.390957,6.426451],[3.390759,6.431054],[3.3904,6.431557],[3.390129,6.431664],[3.389563,6.431988],[3.389558,6.432078],[3.387812,6.431986],[3.387796,6.431825],[3.387523,6.431724],[3.387138,6.431693],[3.387064,6.431482],[3.386864,6.431483],[3.3863,6.431591],[3.386112,6.431475],[3.385321,6.431525],[3.384839,6.431687],[3.384333,6.432101],[3.384128,6.432158],[3.383882,6.432112],[3.383268,6.431003],[3.382871,6.430592],[3.382266,6.430276],[3.381732,6.430184],[3.381715,6.429864],[3.381851,6.429359],[3.381877,6.42862],[3.382746,6.427259],[3.383349,6.424915],[3.3833,6.42304],[3.382158,6.420123],[3.381414,6.419588],[3.380776,6.418897],[3.379047,6.418526],[3.377717,6.418513],[3.377557,6.418461],[3.376922,6.418534],[3.375779,6.418927],[3.374532,6.4198],[3.372598,6.420902],[3.371124,6.421545],[3.370648,6.421507],[3.369709,6.421249],[3.368814,6.420557],[3.368492,6.419863],[3.368479,6.41927],[3.368581,6.417113],[3.368414,6.41629],[3.368522,6.415537],[3.368096,6.414548],[3.367816,6.414213],[3.367748,6.414017],[3.368165,6.413751],[3.367709,6.413476],[3.366061,6.412988],[3.365304,6.41293],[3.364928,6.412818],[3.36398,6.412637],[3.363991,6.412802],[3.36377,6.41391],[3.363858,6.414589],[3.363915,6.414634],[3.363824,6.414876],[3.36374,6.414861],[3.363714,6.415141],[3.363892,6.415811],[3.3642,6.415894],[3.364562,6.415909],[3.365674,6.415813],[3.366341,6.415948],[3.366506,6.416079],[3.366361,6.416386],[3.366294,6.416815],[3.366261,6.417639],[3.366289,6.418013],[3.366453,6.418676],[3.36676,6.419606],[3.36737,6.420852],[3.368234,6.421719],[3.36892,6.422255],[3.36932,6.422511],[3.370024,6.422475],[3.370308,6.422845],[3.371407,6.422908],[3.37247,6.423023],[3.373855,6.422612],[3.37474,6.422043],[3.375647,6.421536],[3.377006,6.42049],[3.378158,6.419818],[3.379276,6.41992],[3.3802,6.4202],[3.380953,6.420722],[3.381678,6.422059],[3.382014,6.423348],[3.382093,6.425048],[3.38159,6.426119],[3.381013,6.426996],[3.380683,6.427228],[3.380206,6.427683],[3.380152,6.428738],[3.379823,6.429049],[3.380052,6.429288],[3.380176,6.429326],[3.381011,6.431026],[3.381205,6.431178],[3.381429,6.431461],[3.381746,6.431718],[3.382056,6.432068],[3.383177,6.432623],[3.38373,6.43269],[3.38443,6.432962],[3.384702,6.433315],[3.384827,6.43367],[3.384087,6.434135],[3.382652,6.434315],[3.381066,6.434388],[3.380418,6.434359],[3.379675,6.434104],[3.378118,6.433207],[3.377418,6.432927],[3.376853,6.432765],[3.3759,6.432264],[3.375528,6.431924],[3.375457,6.431812],[3.374766,6.431504],[3.374356,6.431435],[3.373677,6.431152],[3.372956,6.43102],[3.372401,6.430768],[3.371723,6.430524],[3.370809,6.429945],[3.37043,6.429255],[3.370235,6.428999],[3.369495,6.428528],[3.369489,6.428408],[3.368892,6.42802],[3.367915,6.427596],[3.367518,6.427523],[3.367286,6.427574],[3.365567,6.427383],[3.363968,6.42776],[3.36374,6.427899],[3.363629,6.428066],[3.362739,6.428102],[3.362222,6.428198],[3.361963,6.428166],[3.361606,6.428031],[3.360826,6.427893],[3.359816,6.427602],[3.358026,6.427769],[3.357391,6.427667],[3.3569,6.427465],[3.355956,6.426984],[3.355755,6.426824],[3.355827,6.426663],[3.355659,6.426476],[3.354698,6.425933],[3.350731,6.423175],[3.34944,6.422354],[3.34884,6.421637],[3.348866,6.420907],[3.349269,6.420107],[3.349822,6.4194],[3.350702,6.418739],[3.351699,6.418261],[3.352575,6.418335],[3.353434,6.418612],[3.353721,6.419106],[3.35405,6.419275],[3.355403,6.421116],[3.356524,6.423138],[3.356961,6.423676],[3.357181,6.423432],[3.357304,6.42282],[3.355917,6.420512],[3.35589,6.420017],[3.356486,6.419382],[3.357164,6.419315],[3.357569,6.41919],[3.357816,6.4187],[3.358374,6.418678],[3.358776,6.418476],[3.358869,6.418524],[3.358896,6.418784],[3.358621,6.419388],[3.359211,6.419259],[3.359976,6.418932],[3.360275,6.419175],[3.360666,6.419098],[3.360714,6.419209],[3.360551,6.419472],[3.359675,6.419777],[3.359183,6.420121],[3.358978,6.420117],[3.358738,6.420401],[3.358694,6.420816],[3.35876,6.421],[3.358932,6.421149],[3.359376,6.421164],[3.359762,6.421055],[3.360236,6.420638],[3.360372,6.420612],[3.360592,6.42068],[3.361308,6.420759],[3.361376,6.420729],[3.361376,6.42055],[3.361893,6.420241],[3.36184,6.419753],[3.361927,6.41933],[3.36215,6.419038],[3.362318,6.418672],[3.362356,6.418248],[3.362045,6.417773],[3.361519,6.417496],[3.360652,6.417304],[3.36025,6.41749],[3.35978,6.417377],[3.359401,6.417391],[3.358434,6.417795],[3.358079,6.417787],[3.357376,6.41764],[3.356104,6.417579],[3.355237,6.417754],[3.354273,6.41803],[3.354223,6.417881],[3.354342,6.417564],[3.354074,6.417205],[3.353412,6.41696],[3.352901,6.416431],[3.352517,6.416718],[3.351983,6.417205],[3.351643,6.417406],[3.351176,6.417549],[3.350077,6.417594],[3.348787,6.418842],[3.345684,6.420839],[3.345135,6.421273],[3.344622,6.421401],[3.344027,6.421293],[3.341893,6.420468],[3.340698,6.419532],[3.339925,6.418062],[3.339446,6.41683],[3.339549,6.415811],[3.340438,6.414912],[3.341718,6.414324],[3.342464,6.414045],[3.342919,6.413965],[3.343172,6.413791],[3.343493,6.413793],[3.345472,6.413114],[3.348157,6.412961],[3.349767,6.413192],[3.351473,6.415512],[3.352178,6.415957],[3.353412,6.415862],[3.354252,6.41558],[3.355432,6.414962],[3.356234,6.414468],[3.357064,6.414324],[3.357743,6.414356],[3.360402,6.414956],[3.360916,6.41499],[3.361819,6.41525],[3.362706,6.415337],[3.36296,6.415022],[3.363149,6.41464],[3.363199,6.412998],[3.363113,6.412773],[3.362865,6.41256],[3.362252,6.412586],[3.361933,6.412553],[3.361916,6.412503],[3.362196,6.412101],[3.362388,6.411582],[3.362397,6.41133],[3.362466,6.411066],[3.362794,6.410061],[3.36304,6.409909],[3.363346,6.409932],[3.363743,6.410074],[3.363982,6.410045],[3.364223,6.410079],[3.364555,6.409946],[3.364989,6.41008],[3.365416,6.410475],[3.365742,6.410874],[3.366148,6.411681],[3.366664,6.41204],[3.367294,6.411806],[3.367864,6.411188],[3.368243,6.41127],[3.368412,6.4115],[3.368701,6.411709],[3.3694,6.411349],[3.369874,6.411252],[3.370108,6.411431],[3.370835,6.41158],[3.371423,6.411144],[3.371741,6.411183],[3.371863,6.411346],[3.372127,6.411434],[3.372588,6.411435],[3.372988,6.411369],[3.37332,6.411144],[3.373656,6.410723],[3.37385,6.410291],[3.373978,6.409854],[3.374035,6.40929],[3.37395,6.408843],[3.373768,6.408689],[3.373658,6.408511],[3.373505,6.407771],[3.373362,6.407721],[3.373158,6.407532],[3.372587,6.407505],[3.372452,6.407626],[3.372303,6.407587],[3.37218,6.407341],[3.37201,6.40714],[3.371903,6.406865],[3.3718,6.40632],[3.371292,6.405907],[3.371099,6.405527],[3.370813,6.405283],[3.370234,6.405184],[3.369621,6.404805],[3.368833,6.404614],[3.367912,6.404465],[3.367183,6.403696],[3.36677,6.403655],[3.366347,6.403357],[3.366103,6.403232],[3.365952,6.40321],[3.365746,6.403226],[3.365263,6.403533],[3.365121,6.403575],[3.36471,6.403399],[3.363858,6.403413],[3.363407,6.403535],[3.363139,6.403503],[3.362758,6.403375],[3.362366,6.403573],[3.361948,6.403498],[3.361642,6.403615],[3.361084,6.403637],[3.360382,6.403599],[3.35871,6.403618],[3.35841,6.403781],[3.35782,6.403666],[3.356864,6.403767],[3.355135,6.403786],[3.352995,6.403956],[3.352879,6.404026],[3.352523,6.404418],[3.351444,6.404919],[3.35108,6.405294],[3.350704,6.405476],[3.349355,6.405564],[3.349121,6.405523],[3.348101,6.405045],[3.347493,6.404935],[3.347083,6.405145],[3.346665,6.405494],[3.346521,6.405697],[3.346321,6.406185],[3.346683,6.40707],[3.346737,6.407507],[3.347078,6.408184],[3.347142,6.408573],[3.346936,6.408786],[3.344522,6.409178],[3.342593,6.409597],[3.342274,6.410261],[3.342231,6.410927],[3.342376,6.411178],[3.34235,6.411439],[3.34222,6.411722],[3.341442,6.412175],[3.341045,6.412308],[3.339784,6.412898],[3.338916,6.413197],[3.338292,6.41326],[3.337017,6.413252],[3.335343,6.413001],[3.334705,6.412716],[3.334071,6.412283],[3.328517,6.410604],[3.326038,6.410236],[3.324888,6.410155],[3.3243,6.410172],[3.324011,6.410252],[3.323603,6.410471],[3.323437,6.410482],[3.322528,6.410154],[3.320712,6.410274],[3.319175,6.410224],[3.317016,6.410322],[3.314118,6.410915],[3.311592,6.411713],[3.310786,6.411806],[3.309798,6.412286],[3.308303,6.412438],[3.306258,6.411953],[3.305026,6.411499],[3.303368,6.411068],[3.300048,6.409874],[3.298814,6.409362],[3.296856,6.408664],[3.295643,6.40853],[3.295165,6.408368],[3.293899,6.408197],[3.293214,6.408193],[3.292434,6.408085],[3.29054,6.408016],[3.288631,6.408117],[3.287161,6.408066],[3.286539,6.408088],[3.28537,6.408012],[3.283492,6.408321],[3.282226,6.408384],[3.281594,6.408593],[3.281281,6.408435],[3.280704,6.408576],[3.280412,6.408927],[3.279823,6.40913],[3.279329,6.409471],[3.278965,6.409902],[3.27846,6.410275],[3.277205,6.410691],[3.276365,6.41043],[3.275819,6.410536],[3.274604,6.410378],[3.274312,6.41014],[3.273907,6.410073],[3.273319,6.410341],[3.272087,6.410286],[3.270656,6.409911],[3.269798,6.409756],[3.269095,6.409479],[3.267625,6.409181],[3.266284,6.408786],[3.265419,6.40843],[3.263511,6.408083],[3.262465,6.407747],[3.260008,6.40732],[3.255789,6.407176],[3.255365,6.407051],[3.255156,6.407214],[3.254707,6.407254],[3.25357,6.407459],[3.252959,6.407432],[3.252042,6.40771],[3.25121,6.407805],[3.250708,6.407762],[3.249806,6.407771],[3.248837,6.407426],[3.246876,6.406585],[3.245755,6.406606],[3.245443,6.406697],[3.245218,6.406851],[3.245132,6.407048],[3.244939,6.407272],[3.24377,6.407853],[3.243239,6.408296],[3.242076,6.408844],[3.242162,6.409012],[3.24201,6.409059],[3.241922,6.409021],[3.24182,6.408893],[3.241761,6.408928],[3.241731,6.409112],[3.241656,6.409237],[3.241015,6.409469],[3.24021,6.40993],[3.240495,6.410202],[3.240648,6.410487],[3.240359,6.411348],[3.24017,6.411574],[3.240082,6.411865],[3.240103,6.412147],[3.240047,6.412278],[3.239757,6.412473],[3.239562,6.412538],[3.239178,6.412379],[3.238808,6.412534],[3.237633,6.41264],[3.237518,6.412795],[3.237416,6.412851],[3.237375,6.412982],[3.23788,6.413432],[3.237979,6.413579],[3.238202,6.413955],[3.238235,6.414198],[3.238561,6.414394],[3.238771,6.414624],[3.23892,6.414721],[3.239032,6.414741],[3.239194,6.414908],[3.239072,6.415058],[3.239091,6.415238],[3.239017,6.415263],[3.238894,6.415189],[3.238735,6.415211],[3.238577,6.415071],[3.238609,6.414617],[3.238417,6.414425],[3.23832,6.414384],[3.237858,6.414634],[3.237617,6.414432],[3.237477,6.414469],[3.23752,6.414778],[3.237224,6.414796],[3.234584,6.41355],[3.233905,6.412982],[3.233846,6.412587],[3.233379,6.412507],[3.232488,6.4119],[3.231781,6.411314],[3.231107,6.410673],[3.230015,6.409527],[3.230074,6.409218],[3.229605,6.409061],[3.229149,6.408706],[3.229176,6.408608],[3.229291,6.408586],[3.229428,6.408626],[3.230029,6.408546],[3.230284,6.408469],[3.230501,6.408266],[3.230501,6.408077],[3.23045,6.407968],[3.230192,6.407832],[3.229967,6.407829],[3.229492,6.407925],[3.229168,6.408056],[3.229114,6.408266],[3.229015,6.408344],[3.228577,6.408178],[3.228036,6.407566],[3.2281,6.407432],[3.227811,6.407251],[3.227611,6.407341],[3.22708,6.407063],[3.226711,6.406692],[3.226053,6.406675],[3.224535,6.406174],[3.222966,6.405981],[3.221205,6.405946],[3.219179,6.406405],[3.216159,6.407762],[3.214278,6.408078],[3.212326,6.40812],[3.211377,6.408098],[3.209861,6.407691],[3.208866,6.407227],[3.207962,6.407047],[3.2063,6.406346],[3.203427,6.406206],[3.202334,6.406445],[3.202072,6.406917],[3.203012,6.408539],[3.203901,6.409079],[3.205555,6.409164],[3.2066,6.409896],[3.206736,6.410052],[3.207032,6.410191],[3.207393,6.410751],[3.207456,6.41102],[3.208046,6.411778],[3.20838,6.412682],[3.208422,6.412983],[3.20829,6.413667],[3.208621,6.413835],[3.20874,6.413962],[3.208822,6.413912],[3.209259,6.414284],[3.209252,6.414399],[3.209337,6.414356],[3.209371,6.414431],[3.209409,6.414226],[3.209496,6.414063],[3.209836,6.414007],[3.210705,6.414522],[3.210768,6.414719],[3.210847,6.414812],[3.210975,6.415493],[3.210795,6.415578],[3.21026,6.415699],[3.209877,6.415551],[3.209059,6.415489],[3.208296,6.415239],[3.206845,6.414595],[3.205209,6.413531],[3.201097,6.410126],[3.199867,6.408798],[3.199497,6.408019],[3.198593,6.407103],[3.19799,6.406734],[3.197566,6.406521],[3.196311,6.406233],[3.195021,6.40611],[3.193475,6.406114],[3.193192,6.406148],[3.193104,6.406013],[3.192975,6.405378],[3.192855,6.405177],[3.192725,6.40513],[3.191905,6.40547],[3.191778,6.405639],[3.191972,6.406044],[3.191963,6.406162],[3.19206,6.406202],[3.192146,6.406019],[3.192257,6.406039],[3.19223,6.406192],[3.191964,6.406472],[3.18851,6.407548],[3.187507,6.407601],[3.187057,6.407779],[3.186426,6.407792],[3.186032,6.407635],[3.184364,6.407566],[3.184027,6.407642],[3.183785,6.407624],[3.183635,6.407678],[3.183302,6.407603],[3.183018,6.407678],[3.182331,6.408024],[3.182047,6.408088],[3.180974,6.408109],[3.180309,6.408296],[3.18032,6.408746],[3.180505,6.408851],[3.18072,6.409293],[3.180822,6.409371],[3.181119,6.409863],[3.181069,6.410033],[3.181821,6.410647],[3.182083,6.410983],[3.182504,6.41189],[3.182524,6.412155],[3.18283,6.412534],[3.183082,6.41271],[3.183208,6.412911],[3.183581,6.412942],[3.18394,6.413216],[3.183807,6.413511],[3.183477,6.413571],[3.18332,6.41349],[3.183044,6.41353],[3.18297,6.41376],[3.182437,6.413965],[3.182266,6.413922],[3.182259,6.414041],[3.182489,6.414291],[3.182485,6.414575],[3.182292,6.414831],[3.182036,6.414927],[3.181864,6.414906],[3.181194,6.415221],[3.180652,6.415119],[3.180089,6.414853],[3.178061,6.413014],[3.177337,6.412065],[3.176741,6.411521],[3.176521,6.411153],[3.175803,6.410551],[3.175406,6.409943],[3.175116,6.409623],[3.17429,6.408211],[3.17393,6.407763],[3.173753,6.407352],[3.17327,6.406819],[3.172908,6.406246],[3.172558,6.405971],[3.171978,6.405257],[3.170814,6.404439],[3.17021,6.404217],[3.167933,6.403711],[3.166104,6.403738],[3.160784,6.404426],[3.157424,6.405258],[3.154945,6.405738],[3.153978,6.406039],[3.153384,6.406328],[3.152493,6.407313],[3.151569,6.407654],[3.150534,6.408196],[3.149583,6.408889],[3.149514,6.409016],[3.149525,6.409141],[3.149661,6.409278],[3.150297,6.409213],[3.150633,6.409293],[3.150705,6.409383],[3.150622,6.409597],[3.150635,6.409719],[3.150831,6.409863],[3.15104,6.409778],[3.151078,6.409684],[3.15134,6.4095],[3.151368,6.409359],[3.151456,6.409229],[3.1517,6.40912],[3.152438,6.409002],[3.152553,6.408802],[3.152754,6.408626],[3.153063,6.408698],[3.153181,6.408768],[3.153599,6.409314],[3.15377,6.409568],[3.153929,6.409927],[3.154205,6.41029],[3.154329,6.410335],[3.154482,6.410322],[3.154553,6.410396],[3.15471,6.410396],[3.154747,6.410506],[3.154812,6.410532],[3.154884,6.410418],[3.155509,6.410316],[3.155823,6.410207],[3.156576,6.40982],[3.156834,6.409786],[3.156957,6.409882],[3.15704,6.410068],[3.156998,6.410188],[3.155523,6.410927],[3.154624,6.41118],[3.152292,6.411198],[3.1508,6.411063],[3.148588,6.410951],[3.147607,6.41084],[3.145892,6.41021],[3.144798,6.41],[3.143953,6.40963],[3.142474,6.409334],[3.141642,6.409062],[3.140362,6.408963],[3.139293,6.408679],[3.138684,6.408642],[3.138038,6.408482],[3.136646,6.408],[3.136012,6.407518],[3.135478,6.40737],[3.134943,6.406716],[3.134496,6.406382],[3.133763,6.40574],[3.133454,6.405399],[3.131062,6.403781],[3.129478,6.403265],[3.127896,6.403207],[3.126918,6.403444],[3.126254,6.403527],[3.125496,6.403755],[3.12396,6.404381],[3.122203,6.405324],[3.120474,6.405919],[3.119283,6.405764],[3.118202,6.405487],[3.117655,6.405644],[3.11706,6.406132],[3.11651,6.406479],[3.11511,6.407126],[3.113978,6.408344],[3.113894,6.408763],[3.114581,6.409064],[3.116901,6.408886],[3.119377,6.409493],[3.120418,6.409621],[3.121233,6.409568],[3.121812,6.409419],[3.122402,6.409035],[3.122628,6.408651],[3.122842,6.408086],[3.123454,6.407755],[3.124323,6.407649],[3.125192,6.40766],[3.125546,6.407265],[3.125732,6.406135],[3.125623,6.405802],[3.125568,6.40514],[3.125739,6.404715],[3.125986,6.404483],[3.128507,6.403961],[3.129634,6.404436],[3.129831,6.405098],[3.129663,6.405605],[3.129882,6.405959],[3.129911,6.406695],[3.129176,6.407318],[3.129171,6.407813],[3.129568,6.408384],[3.130312,6.408702],[3.130853,6.408099],[3.131297,6.408371],[3.131393,6.4089],[3.13253,6.408982],[3.132487,6.409227],[3.131372,6.409594],[3.128903,6.410289],[3.126593,6.410817],[3.124727,6.411085],[3.124454,6.411333],[3.123639,6.41175],[3.119083,6.41295],[3.115574,6.412677],[3.113358,6.411978],[3.112263,6.411333],[3.108708,6.408529],[3.104706,6.40624],[3.102192,6.405498],[3.098085,6.404781],[3.096487,6.404595],[3.095306,6.40461],[3.094716,6.404352],[3.09381,6.404381],[3.092298,6.404309],[3.089347,6.404495],[3.091204,6.406097],[3.089261,6.406655],[3.087894,6.40687],[3.086526,6.407256],[3.08585,6.407542],[3.084453,6.407914],[3.083374,6.407885],[3.082438,6.408172],[3.081546,6.408286],[3.080567,6.408343],[3.079801,6.408291],[3.079032,6.408355],[3.078383,6.408506],[3.077568,6.40856],[3.077182,6.408629],[3.076588,6.408451],[3.075857,6.408531],[3.074282,6.408382],[3.073609,6.408267],[3.071936,6.407859],[3.071438,6.407881],[3.070795,6.407705],[3.069743,6.407595],[3.069234,6.407661],[3.068646,6.407584],[3.068192,6.407573],[3.067262,6.40787],[3.065324,6.40787],[3.063053,6.407749],[3.060627,6.407815],[3.059863,6.408068],[3.059232,6.408101],[3.058844,6.408024],[3.057836,6.408068],[3.055853,6.408509],[3.054923,6.408443],[3.053451,6.409989],[3.051242,6.41091],[3.051009,6.411448],[3.051467,6.411859],[3.051821,6.412605],[3.051632,6.412825],[3.049523,6.412948],[3.048265,6.412568],[3.046433,6.411381],[3.045719,6.410462],[3.043092,6.408586],[3.041762,6.407933],[3.040912,6.407673],[3.039126,6.407034],[3.037244,6.406618],[3.036336,6.406537],[3.035502,6.406641],[3.033482,6.406302],[3.032686,6.406276],[3.031464,6.405949],[3.029841,6.405411],[3.025997,6.403821],[3.025522,6.403534],[3.025035,6.402754],[3.026062,6.40168],[3.027324,6.401186],[3.027438,6.400698],[3.027336,6.400068],[3.027089,6.399773],[3.025429,6.399741],[3.020849,6.399937],[3.018663,6.400213],[3.016251,6.399477],[3.014967,6.399626],[3.013903,6.399982],[3.011065,6.399191],[3.00851,6.399392],[3.006143,6.399516],[3.001487,6.399156],[3.001171,6.399626],[3.001091,6.400155],[3.000696,6.401153],[3.00067,6.401657],[3.003928,6.401811],[3.006896,6.401799],[3.007218,6.401267],[3.007599,6.401118],[3.008216,6.401203],[3.008938,6.402181],[3.010072,6.402223],[3.010456,6.402362],[3.010369,6.402785],[3.010226,6.403017],[3.008466,6.403131],[3.003673,6.403745],[3.003485,6.404797],[3.003862,6.406002],[3.00499,6.406796],[3.006434,6.407063],[3.008182,6.406921],[3.009185,6.407721],[3.010199,6.409459],[3.009674,6.409667],[3.008672,6.40965],[3.005427,6.409062],[2.997109,6.407059],[2.992322,6.404637],[2.989753,6.403872],[2.987086,6.40368],[2.985697,6.403379],[2.984132,6.403178],[2.980573,6.402938],[2.976031,6.402717],[2.974273,6.4028],[2.972493,6.403568],[2.971199,6.405214],[2.968347,6.406519],[2.965785,6.407378],[2.963979,6.407694],[2.963054,6.407652],[2.962538,6.40778],[2.962023,6.40778],[2.956026,6.406415],[2.952617,6.405218],[2.951069,6.404557],[2.950683,6.40417],[2.950168,6.403912],[2.94991,6.403654],[2.949137,6.403396],[2.945543,6.401714],[2.944686,6.401253],[2.943542,6.401211],[2.941838,6.400385],[2.94057,6.40055],[2.939053,6.40024],[2.937952,6.400356],[2.9369,6.400229],[2.936053,6.400185],[2.93396,6.39994],[2.93119,6.399812],[2.928763,6.400067],[2.92817,6.40026],[2.927231,6.401331],[2.927241,6.401871],[2.927908,6.401892],[2.928105,6.402469],[2.927889,6.402904],[2.92784,6.403921],[2.928124,6.404434],[2.9276,6.404464],[2.926868,6.404727],[2.924502,6.405431],[2.923934,6.405742],[2.921385,6.406313],[2.92003,6.40639],[2.914712,6.406041],[2.908211,6.404559],[2.906216,6.404353],[2.905128,6.405191],[2.903764,6.404394],[2.897508,6.404146],[2.893205,6.404456],[2.89149,6.404661],[2.890017,6.404738],[2.885165,6.405355],[2.883172,6.40585],[2.881422,6.406588],[2.879098,6.407693],[2.878952,6.408073],[2.877016,6.409633],[2.874067,6.412355],[2.873051,6.413592],[2.871995,6.414351],[2.870269,6.415404],[2.868722,6.41606],[2.865517,6.417014],[2.864076,6.417991],[2.85901,6.42045],[2.854511,6.422354],[2.852554,6.423827],[2.85135,6.424521],[2.849284,6.425958],[2.848496,6.42677],[2.847895,6.427652],[2.847348,6.42786],[2.84659,6.427952],[2.844404,6.429389],[2.841726,6.430989],[2.836134,6.434048],[2.833173,6.436033],[2.829989,6.437538],[2.828464,6.437984],[2.827924,6.438547],[2.828237,6.439331],[2.826524,6.440961],[2.825469,6.4418],[2.824024,6.442724],[2.821989,6.444195],[2.819547,6.44693],[2.81849,6.44804],[2.815754,6.449938],[2.812208,6.451563],[2.805185,6.453188],[2.800486,6.453838],[2.798248,6.453633],[2.794823,6.452076],[2.791518,6.450999],[2.790038,6.449665],[2.788282,6.447099],[2.785407,6.444841],[2.783152,6.444089],[2.777592,6.442806],[2.769933,6.442293],[2.764132,6.441762],[2.753081,6.441472],[2.746454,6.44231],[2.740017,6.445354],[2.736953,6.449134],[2.73382,6.451512],[2.7295,6.45365],[2.727021,6.454112],[2.725902,6.454556],[2.723148,6.45462],[2.720166,6.454473],[2.714844,6.452562],[2.714586,6.452304],[2.713556,6.451788],[2.712525,6.450756],[2.711752,6.450498],[2.711623,6.450369],[2.711495,6.449854],[2.710979,6.449724],[2.710722,6.449466],[2.710206,6.449208],[2.709691,6.448692],[2.709176,6.448434],[2.708145,6.448175],[2.707114,6.447659],[2.706084,6.446627],[2.704133,6.445397],[2.696767,6.442602],[2.689852,6.440955],[2.683155,6.43999],[2.680099,6.439208],[2.675695,6.438942],[2.675466,6.438969],[2.674688,6.438887],[2.673825,6.438961],[2.673669,6.438894],[2.673487,6.438894],[2.673202,6.438974],[2.672827,6.438706],[2.672382,6.438852],[2.672252,6.43897],[2.672097,6.438942],[2.671314,6.439086],[2.671084,6.438995],[2.671003,6.439004],[2.670209,6.439239],[2.664231,6.440322],[2.661425,6.441541],[2.660878,6.44189],[2.660226,6.442226],[2.656344,6.443836],[2.655169,6.444406],[2.654409,6.445082],[2.651232,6.448451],[2.646268,6.452615],[2.642531,6.45467],[2.638541,6.456222],[2.633985,6.457665],[2.62987,6.458377],[2.626671,6.458556],[2.626169,6.458675],[2.625714,6.458567],[2.625016,6.45853],[2.62455,6.458551],[2.622744,6.45837],[2.622358,6.458411],[2.621863,6.458346],[2.621419,6.458589],[2.620979,6.459842],[2.620711,6.462442],[2.62041,6.464277],[2.619986,6.464342],[2.61974,6.466739],[2.620046,6.466813],[2.620459,6.46684],[2.620623,6.466674],[2.621116,6.466611],[2.622368,6.466323],[2.622726,6.466405],[2.623098,6.46611],[2.623448,6.465952],[2.623686,6.46607],[2.624652,6.465358],[2.625847,6.464678],[2.626381,6.464433],[2.626967,6.464271],[2.627547,6.464032],[2.628616,6.463816],[2.628893,6.463528],[2.629514,6.463508],[2.630337,6.463357],[2.631398,6.463307],[2.632297,6.463105],[2.634048,6.462881],[2.63462,6.463629],[2.635161,6.463414],[2.636118,6.463374],[2.637426,6.462968],[2.637752,6.462826],[2.637841,6.46274],[2.638903,6.462452],[2.638962,6.462464],[2.639084,6.462633],[2.639389,6.463645],[2.639783,6.463538],[2.639837,6.46341],[2.6399,6.463385],[2.640006,6.463364],[2.640089,6.463428],[2.640147,6.463355],[2.640202,6.463366],[2.640228,6.463298],[2.640209,6.462984],[2.640331,6.46294],[2.640336,6.462875],[2.640444,6.462844],[2.640477,6.462776],[2.64043,6.462452],[2.640741,6.462248],[2.64087,6.462229],[2.641473,6.461912],[2.641863,6.46183],[2.64211,6.461883],[2.642357,6.461845],[2.644343,6.461091],[2.645289,6.460832],[2.646247,6.460288],[2.647032,6.459745],[2.649025,6.458485],[2.649559,6.458538],[2.651898,6.457054],[2.652227,6.45677],[2.652786,6.455923],[2.653728,6.455336],[2.65441,6.45439],[2.654554,6.453498],[2.655425,6.452684],[2.656022,6.452018],[2.656612,6.451659],[2.65678,6.451286],[2.656979,6.451144],[2.65707,6.450974],[2.657427,6.450724],[2.657969,6.450526],[2.658323,6.450526],[2.65868,6.450465],[2.658983,6.450283],[2.659574,6.449217],[2.660476,6.44889],[2.660955,6.448672],[2.661234,6.448634],[2.66155,6.448421],[2.661914,6.448263],[2.662301,6.44816],[2.662757,6.447904],[2.663063,6.447861],[2.663455,6.447936],[2.664114,6.447755],[2.664377,6.447829],[2.665325,6.447771],[2.665879,6.448128],[2.666468,6.448075],[2.666842,6.447963],[2.667405,6.44799],[2.668201,6.447869],[2.668811,6.447835],[2.669232,6.447714],[2.669562,6.447787],[2.670177,6.447654],[2.670946,6.447639],[2.671157,6.447584],[2.671307,6.447374],[2.671441,6.447016],[2.671673,6.446744],[2.671984,6.4466],[2.672444,6.44648],[2.672589,6.44669],[2.672504,6.447203],[2.67274,6.447416],[2.672745,6.447565],[2.673217,6.4479],[2.673408,6.447862],[2.673512,6.447575],[2.67333,6.447224],[2.673689,6.447272],[2.674703,6.447282],[2.67508,6.447145],[2.675474,6.447072],[2.676148,6.447017],[2.676606,6.447264],[2.67718,6.446864],[2.67791,6.446976],[2.678146,6.446843],[2.678331,6.446657],[2.678497,6.446665],[2.678631,6.446446],[2.678615,6.446273],[2.678835,6.446156],[2.680133,6.446449],[2.68022,6.446517],[2.680235,6.44671],[2.679967,6.447605],[2.679007,6.447403],[2.678878,6.447653],[2.679463,6.447749],[2.679854,6.447877],[2.680321,6.447867],[2.681204,6.447966],[2.681516,6.447784],[2.681892,6.446751],[2.682944,6.446828],[2.683061,6.446891],[2.683077,6.4472],[2.682788,6.448309],[2.682891,6.448392],[2.683351,6.448544],[2.683485,6.448453],[2.683672,6.448729],[2.684985,6.449096],[2.686071,6.449269],[2.686306,6.449335],[2.686688,6.449524],[2.686965,6.449552],[2.687438,6.449673],[2.687975,6.450036],[2.689248,6.450305],[2.690789,6.451089],[2.691803,6.451392],[2.692061,6.45165],[2.693691,6.452236],[2.694375,6.452163],[2.694814,6.452432],[2.695131,6.452743],[2.695669,6.452941],[2.696184,6.453199],[2.696752,6.453222],[2.697419,6.453446],[2.69845,6.453911],[2.700223,6.454473],[2.701143,6.454678],[2.701254,6.454937],[2.701874,6.454962],[2.70379,6.455656],[2.704737,6.455863],[2.705654,6.455949],[2.706346,6.456233],[2.706928,6.456408],[2.707682,6.456826],[2.708362,6.457589],[2.709056,6.458003],[2.70948,6.458519],[2.710036,6.458773],[2.710665,6.45891],[2.711532,6.459444],[2.711988,6.459651],[2.713532,6.459964],[2.714033,6.460142],[2.714822,6.459964],[2.715813,6.460001],[2.717252,6.459967],[2.718582,6.460079],[2.720578,6.459964],[2.723506,6.460223],[2.727081,6.46062],[2.728402,6.460511],[2.729937,6.460265],[2.730504,6.460109],[2.731718,6.459651],[2.733678,6.458712],[2.735418,6.45806],[2.737766,6.456487],[2.740628,6.452778],[2.742333,6.450806],[2.743181,6.45038],[2.743943,6.450454],[2.745584,6.450838],[2.747708,6.451542],[2.751936,6.452761],[2.756854,6.453173],[2.76744,6.452921],[2.769139,6.453243],[2.771006,6.453434],[2.772617,6.453498],[2.774699,6.453735],[2.775471,6.453692],[2.778884,6.452952],[2.7797,6.452845],[2.780434,6.45293],[2.782389,6.453481],[2.783312,6.453906],[2.783913,6.454397],[2.785523,6.455911],[2.786489,6.456934],[2.787069,6.457385],[2.787781,6.458132],[2.788468,6.458542],[2.789906,6.459224],[2.791493,6.460042],[2.793447,6.46067],[2.795078,6.460992],[2.796775,6.461186],[2.798127,6.461273],[2.799592,6.461228],[2.800634,6.46135],[2.801256,6.461243],[2.80278,6.46071],[2.803738,6.460526],[2.807887,6.458599],[2.809946,6.457737],[2.813488,6.456369],[2.815236,6.45587],[2.81611,6.45579],[2.817805,6.454375],[2.818518,6.4539],[2.818841,6.4538],[2.819348,6.453976],[2.819949,6.453784],[2.820556,6.45353],[2.821873,6.452737],[2.823333,6.450983],[2.824386,6.450171],[2.825205,6.449356],[2.828348,6.447255],[2.831705,6.44523],[2.832799,6.444298],[2.834161,6.443481],[2.834842,6.442661],[2.835112,6.441932],[2.835099,6.441535],[2.835344,6.440984],[2.835937,6.440485],[2.838642,6.439],[2.844762,6.435812],[2.846102,6.435223],[2.847042,6.435018],[2.851231,6.432004],[2.851601,6.43091],[2.852364,6.429584],[2.852781,6.429311],[2.853449,6.428778],[2.854474,6.427842],[2.854987,6.427297],[2.855928,6.426681],[2.857354,6.425645],[2.859166,6.424946],[2.859949,6.424729],[2.860706,6.424143],[2.861617,6.42362],[2.862733,6.423136],[2.863241,6.422552],[2.86462,6.421797],[2.865761,6.421389],[2.866933,6.421581],[2.869747,6.421411],[2.870988,6.420858],[2.87188,6.420141],[2.873599,6.418388],[2.873826,6.418281],[2.874036,6.418238],[2.87455,6.418229],[2.874639,6.418012],[2.874716,6.417599],[2.874634,6.417464],[2.874629,6.417319],[2.875319,6.416439],[2.876846,6.414993],[2.877143,6.414547],[2.877489,6.414359],[2.878297,6.413726],[2.878808,6.413382],[2.87876,6.413206],[2.879035,6.412924],[2.879322,6.412992],[2.879517,6.412849],[2.879736,6.412416],[2.881231,6.411523],[2.881937,6.411299],[2.882828,6.411527],[2.883674,6.411378],[2.884448,6.41112],[2.885116,6.410996],[2.885542,6.410812],[2.886314,6.410899],[2.887669,6.410842],[2.889602,6.410606],[2.892399,6.410634],[2.894384,6.410365],[2.895498,6.410379],[2.8988,6.409753],[2.900251,6.409634],[2.901622,6.409604],[2.906612,6.410094],[2.907602,6.410292],[2.908015,6.410227],[2.908373,6.41034],[2.908742,6.410352],[2.909231,6.410281],[2.90978,6.410088],[2.910247,6.410088],[2.910701,6.410479],[2.91225,6.410599],[2.913139,6.410466],[2.914206,6.410076],[2.91456,6.409994],[2.914942,6.40998],[2.915255,6.410186],[2.916336,6.41051],[2.917354,6.410213],[2.917814,6.410127],[2.919668,6.410279],[2.921261,6.410198],[2.922055,6.409988],[2.92257,6.40991],[2.923128,6.409721],[2.92336,6.409948],[2.925168,6.409772],[2.927463,6.409214],[2.929605,6.40859],[2.930969,6.408451],[2.934803,6.408952],[2.93582,6.40925],[2.937386,6.409272],[2.939082,6.409485],[2.93996,6.409383],[2.942236,6.409351],[2.944312,6.40916],[2.946828,6.409392],[2.951198,6.4101],[2.95326,6.410358],[2.953775,6.410487],[2.954033,6.410487],[2.954291,6.410358],[2.955322,6.410358],[2.956868,6.410616],[2.957383,6.410874],[2.958064,6.410946],[2.961345,6.410729],[2.96549,6.410708],[2.966379,6.41077],[2.96677,6.410693],[2.969147,6.411799],[2.970134,6.411696],[2.971184,6.411975],[2.973177,6.411402],[2.980346,6.408644],[2.984455,6.407876],[2.986208,6.407388],[2.987215,6.407327],[2.988373,6.408371],[2.990048,6.409253],[2.991055,6.41167],[2.995713,6.412478],[2.997819,6.412356],[2.998442,6.412228],[3.000196,6.412244],[3.001247,6.412441],[3.001682,6.412644],[3.00195,6.412852],[3.002261,6.41322],[3.002545,6.413428],[3.002781,6.413518],[3.003162,6.413582],[3.003774,6.413969],[3.004805,6.413969],[3.005578,6.413712],[3.005835,6.413712],[3.006351,6.413841],[3.006917,6.413876],[3.007159,6.413697],[3.00765,6.413672],[3.008413,6.413969],[3.009444,6.413969],[3.010911,6.414112],[3.01266,6.413606],[3.013677,6.413206],[3.016197,6.412782],[3.017814,6.412679],[3.018174,6.412307],[3.019556,6.412153],[3.023394,6.411918],[3.027204,6.411375],[3.029248,6.410952],[3.030459,6.41085],[3.032179,6.410952],[3.034658,6.411715],[3.036181,6.412286],[3.037744,6.412748],[3.039972,6.413487],[3.041353,6.414039],[3.043758,6.414536],[3.044756,6.414632],[3.045327,6.414756],[3.046362,6.41527],[3.048876,6.41603],[3.049833,6.416071],[3.051084,6.416279],[3.052698,6.416595],[3.053768,6.41692],[3.059124,6.41747],[3.063271,6.41745],[3.0651,6.416018],[3.065743,6.414675],[3.066151,6.413332],[3.066709,6.411903],[3.06746,6.411029],[3.068447,6.410368],[3.069692,6.410325],[3.070893,6.410709],[3.07158,6.41137],[3.072653,6.411668],[3.074391,6.411818],[3.076386,6.411754],[3.078017,6.412159],[3.08042,6.412628],[3.081386,6.412756],[3.081386,6.41331],[3.08085,6.41491],[3.078983,6.416061],[3.078039,6.416701],[3.07836,6.417298],[3.07864,6.416679],[3.081322,6.41572],[3.083532,6.414504],[3.086514,6.412649],[3.087984,6.411457],[3.088682,6.410709],[3.091321,6.409813],[3.095977,6.40896],[3.097973,6.408939],[3.105655,6.411093],[3.105569,6.411647],[3.105204,6.41201],[3.105011,6.412543],[3.104238,6.412798],[3.103359,6.412777],[3.1022,6.411967],[3.09941,6.411348],[3.09881,6.411626],[3.098724,6.412052],[3.099453,6.412585],[3.100698,6.412521],[3.102136,6.41282],[3.103724,6.414675],[3.105054,6.416317],[3.105869,6.418449],[3.106685,6.420326],[3.107092,6.421626],[3.106792,6.421983],[3.107686,6.422926],[3.107946,6.423917],[3.108348,6.42507],[3.108788,6.425976],[3.108294,6.427213],[3.107843,6.428002],[3.107178,6.428812],[3.106384,6.429111],[3.105891,6.430219],[3.105462,6.430923],[3.105226,6.432885],[3.105226,6.434164],[3.105655,6.434932],[3.10632,6.435038],[3.107994,6.434463],[3.108616,6.434676],[3.109603,6.43523],[3.112307,6.435401],[3.113487,6.435273],[3.114667,6.435209],[3.116126,6.434718],[3.117113,6.435081],[3.118359,6.435908],[3.119698,6.436649],[3.121222,6.437202],[3.123797,6.4378],[3.124838,6.438354],[3.125803,6.439431],[3.127057,6.439534],[3.128006,6.439552],[3.129804,6.439341],[3.13095,6.438089],[3.132762,6.434628],[3.133714,6.434258],[3.134757,6.434159],[3.136906,6.434925],[3.139606,6.436633],[3.141868,6.438941],[3.143841,6.440068],[3.145583,6.440489],[3.14866,6.440241],[3.151223,6.439003],[3.152978,6.439327],[3.154512,6.43888],[3.156014,6.438177],[3.157667,6.438187],[3.159119,6.437918],[3.160349,6.437974],[3.162279,6.438286],[3.163707,6.438987],[3.165166,6.440064],[3.167169,6.441305],[3.169375,6.442121],[3.172028,6.442122],[3.174243,6.441656],[3.175601,6.441015],[3.179466,6.439074],[3.182382,6.439059],[3.184095,6.438398],[3.187224,6.440551],[3.182933,6.443624],[3.182482,6.444286],[3.182611,6.445672],[3.182354,6.445981],[3.181688,6.445952],[3.181045,6.445863],[3.18009,6.446375],[3.179586,6.446396],[3.179436,6.445906],[3.178953,6.44614],[3.178534,6.446514],[3.177809,6.446501],[3.17553,6.445437],[3.173953,6.445021],[3.174275,6.444403],[3.174146,6.444008],[3.173771,6.443614],[3.172998,6.444051],[3.172408,6.444147],[3.172204,6.444318],[3.171217,6.444403],[3.170777,6.444978],[3.170338,6.445032],[3.169898,6.44484],[3.169714,6.444359],[3.16938,6.444353],[3.168998,6.444419],[3.168754,6.444588],[3.168385,6.445597],[3.165394,6.445995],[3.163975,6.44694],[3.163171,6.44788],[3.160977,6.451551],[3.160071,6.452072],[3.154946,6.452128],[3.152521,6.450783],[3.150303,6.451115],[3.146287,6.450094],[3.14539,6.449722],[3.143281,6.447866],[3.139778,6.446924],[3.138331,6.446685],[3.138142,6.446593],[3.135642,6.446501],[3.134535,6.446716],[3.13328,6.447239],[3.131617,6.448038],[3.129815,6.449019],[3.128634,6.45001],[3.126972,6.451002],[3.126188,6.451876],[3.125266,6.453592],[3.1243,6.453827],[3.122498,6.453667],[3.121693,6.453687],[3.121597,6.454367],[3.124021,6.4548],[3.125512,6.454419],[3.126006,6.453928],[3.126764,6.453049],[3.127349,6.451951],[3.127714,6.451498],[3.128847,6.450896],[3.129413,6.450543],[3.129983,6.450011],[3.130501,6.449657],[3.132352,6.448669],[3.133403,6.448017],[3.13453,6.447477],[3.135245,6.44728],[3.13814,6.447365],[3.141025,6.44813],[3.142186,6.448538],[3.142984,6.44894],[3.144009,6.449748],[3.144323,6.449776],[3.144615,6.450162],[3.145331,6.450629],[3.145844,6.450818],[3.147794,6.451337],[3.148767,6.451686],[3.150532,6.452092],[3.150521,6.451865],[3.150653,6.451853],[3.150685,6.452067],[3.151047,6.451963],[3.152254,6.451768],[3.153026,6.452109],[3.153896,6.452834],[3.155097,6.453154],[3.156422,6.453163],[3.156638,6.453227],[3.156277,6.454774],[3.155848,6.454743],[3.155898,6.455094],[3.156552,6.455137],[3.156894,6.453806],[3.157184,6.453326],[3.157601,6.453217],[3.159104,6.453049],[3.16049,6.452686],[3.161165,6.452289],[3.163392,6.449703],[3.164891,6.447616],[3.165962,6.446715],[3.168556,6.446396],[3.173105,6.446139],[3.175278,6.446305],[3.177824,6.4474],[3.17965,6.447718],[3.181195,6.447441],[3.182568,6.446887],[3.183298,6.446844],[3.184371,6.447185],[3.185615,6.447718],[3.186753,6.447694],[3.188485,6.447465],[3.18991,6.447353],[3.190152,6.447742],[3.189786,6.448596],[3.189932,6.448947],[3.190263,6.449311],[3.190655,6.449641],[3.190866,6.449752],[3.191126,6.449784],[3.19224,6.449682],[3.192516,6.449802],[3.193934,6.449791],[3.194247,6.449668],[3.195228,6.449704],[3.195555,6.449475],[3.195636,6.44899],[3.196065,6.448542],[3.196532,6.448601],[3.196821,6.449086],[3.196912,6.449475],[3.19732,6.44953],[3.19774,6.449425],[3.198578,6.448491],[3.198805,6.448564],[3.199365,6.449734],[3.200358,6.449977],[3.201862,6.451507],[3.202227,6.452057],[3.202279,6.452336],[3.20182,6.452871],[3.201512,6.453572],[3.201137,6.453683],[3.20096,6.453683],[3.200915,6.45355],[3.200974,6.453446],[3.200931,6.453225],[3.200762,6.453046],[3.200428,6.453074],[3.200396,6.453301],[3.200434,6.45354],[3.200551,6.453548],[3.200658,6.453647],[3.200624,6.453895],[3.200092,6.45413],[3.199908,6.454596],[3.19805,6.456118],[3.197462,6.456693],[3.19703,6.456993],[3.196954,6.457159],[3.197776,6.457021],[3.198897,6.455704],[3.200712,6.454023],[3.201452,6.453905],[3.201722,6.453928],[3.201996,6.454084],[3.202459,6.454183],[3.202544,6.453381],[3.202701,6.453228],[3.203213,6.453409],[3.203155,6.453548],[3.202845,6.453497],[3.202679,6.454517],[3.203169,6.454628],[3.2032,6.454132],[3.204058,6.453686],[3.20431,6.453219],[3.204751,6.453297],[3.205451,6.453106],[3.20607,6.452853],[3.206191,6.452951],[3.206437,6.452961],[3.206815,6.452672],[3.207208,6.452694],[3.207751,6.453198],[3.207844,6.453884],[3.208338,6.454536],[3.208928,6.454878],[3.209306,6.455286],[3.209544,6.455267],[3.209975,6.455514],[3.210659,6.455637],[3.211178,6.455785],[3.211335,6.455366],[3.211179,6.455054],[3.210562,6.454618],[3.210035,6.454305],[3.208873,6.453196],[3.208719,6.452651],[3.208803,6.452314],[3.209091,6.451956],[3.209291,6.451858],[3.209721,6.452333],[3.210191,6.450602],[3.211354,6.449449],[3.21231,6.44914],[3.212816,6.449088],[3.213127,6.44894],[3.213291,6.448952],[3.213789,6.449142],[3.214678,6.449562],[3.215409,6.449583],[3.221247,6.450239],[3.222537,6.4501],[3.224015,6.450461],[3.224526,6.450788],[3.225015,6.450904],[3.225323,6.451526],[3.225392,6.451816],[3.225863,6.452292],[3.226067,6.452593],[3.226229,6.452352],[3.225941,6.452087],[3.225753,6.452048],[3.22552,6.451836],[3.226044,6.45079],[3.226618,6.450826],[3.227306,6.450969],[3.227638,6.450937],[3.230036,6.450978],[3.227305,6.450953],[3.226249,6.450748],[3.224965,6.450813],[3.224382,6.450564],[3.224157,6.450401],[3.223693,6.450303],[3.22295,6.450058],[3.222509,6.450064],[3.221238,6.450201],[3.217286,6.449748],[3.21608,6.449493],[3.214733,6.449413],[3.213694,6.448935],[3.213565,6.448681],[3.213482,6.448626],[3.213274,6.448608],[3.213158,6.448748],[3.213042,6.448761],[3.212633,6.448579],[3.212488,6.448433],[3.212357,6.448193],[3.212306,6.44773],[3.212474,6.44722],[3.213136,6.446846],[3.213355,6.446217],[3.213544,6.445895],[3.213738,6.445691],[3.213715,6.445289],[3.213934,6.444969],[3.214002,6.444674],[3.214476,6.444159],[3.214784,6.443396],[3.215046,6.442999],[3.215298,6.442918],[3.215782,6.442445],[3.216055,6.442047],[3.216289,6.441358],[3.216915,6.44064],[3.21737,6.440321],[3.218039,6.439638],[3.218669,6.439271],[3.2192,6.439299],[3.220056,6.438719],[3.220251,6.438825],[3.220874,6.438568],[3.221323,6.43823],[3.221068,6.437952],[3.221228,6.43758],[3.221574,6.437356],[3.222856,6.437099],[3.223206,6.437082],[3.224255,6.436646],[3.225665,6.436338],[3.226295,6.436092],[3.228264,6.435869],[3.231716,6.436121],[3.231979,6.436349],[3.232444,6.436499],[3.232482,6.436823],[3.231967,6.436858],[3.231852,6.43723],[3.23203,6.438056],[3.229827,6.438892],[3.227673,6.439394],[3.227187,6.439564],[3.227195,6.439842],[3.227059,6.439937],[3.227281,6.440148],[3.22722,6.440549],[3.228,6.440978],[3.228679,6.44116],[3.22907,6.441091],[3.229387,6.440943],[3.229539,6.440586],[3.22976,6.440441],[3.230049,6.440278],[3.230592,6.4402],[3.230902,6.440453],[3.231477,6.440754],[3.233347,6.439773],[3.233664,6.439566],[3.234153,6.4396],[3.234328,6.43945],[3.234487,6.439229],[3.234487,6.438093],[3.234596,6.437912],[3.234884,6.437666],[3.2355,6.437512],[3.236648,6.437011],[3.236995,6.437042],[3.237232,6.437016],[3.237447,6.437078],[3.237696,6.438075],[3.237598,6.438986],[3.237636,6.439303],[3.237743,6.439471],[3.237941,6.439359],[3.237965,6.438911],[3.238252,6.438421],[3.237924,6.437357],[3.237829,6.436852],[3.238417,6.436174],[3.239767,6.435511],[3.24126,6.433996],[3.242001,6.432481],[3.243102,6.430051],[3.243959,6.428662],[3.244864,6.427984],[3.246341,6.427321],[3.247389,6.427163],[3.248866,6.427636],[3.249772,6.4277],[3.251105,6.427542],[3.252376,6.427747],[3.252519,6.427984],[3.252296,6.428852],[3.251756,6.429641],[3.251375,6.431092],[3.250978,6.432276],[3.250534,6.433223],[3.250026,6.433633],[3.249168,6.433712],[3.248834,6.434044],[3.24885,6.434454],[3.249104,6.434943],[3.24965,6.435236],[3.251068,6.43545],[3.251342,6.434901],[3.251109,6.434489],[3.251144,6.434146],[3.251505,6.433282],[3.252116,6.432009],[3.2523,6.4308],[3.252437,6.430376],[3.252948,6.429012],[3.253281,6.428605],[3.25329,6.4279],[3.254064,6.42782],[3.254793,6.427896],[3.254914,6.427972],[3.254939,6.427871],[3.255095,6.427722],[3.255175,6.427722],[3.255308,6.427874],[3.255777,6.427899],[3.256008,6.427856],[3.256291,6.427879],[3.257013,6.427689],[3.258388,6.427749],[3.258514,6.427883],[3.258786,6.427808],[3.25975,6.428034],[3.259737,6.428174],[3.260017,6.428193],[3.260274,6.428487],[3.260307,6.428606],[3.260529,6.42864],[3.260992,6.42885],[3.261322,6.428843],[3.261852,6.429102],[3.262855,6.429247],[3.26358,6.429221],[3.263524,6.429839],[3.263699,6.42963],[3.264479,6.429622],[3.264624,6.429564],[3.264778,6.429402],[3.265169,6.429335],[3.265984,6.429404],[3.266717,6.429357],[3.267422,6.429615],[3.267651,6.429574],[3.267851,6.429771],[3.268602,6.429814],[3.269024,6.429752],[3.269239,6.429866],[3.269323,6.429771],[3.269516,6.429806],[3.269647,6.430066],[3.270275,6.4303],[3.271043,6.430342],[3.271176,6.434651],[3.271569,6.434575],[3.271308,6.434839],[3.271446,6.443251],[3.271369,6.443376],[3.270892,6.443815],[3.270058,6.444401],[3.269964,6.444712],[3.270007,6.444764],[3.270069,6.444767],[3.270602,6.44419],[3.271097,6.443883],[3.271232,6.443728],[3.271509,6.443545],[3.271639,6.443416],[3.271729,6.44317],[3.271624,6.437264],[3.271682,6.434608],[3.271615,6.434534],[3.271541,6.434524],[3.271544,6.434376],[3.271642,6.434295],[3.271603,6.433598],[3.271615,6.431554],[3.271707,6.431204],[3.271906,6.431032],[3.271935,6.430751],[3.271822,6.430539],[3.27186,6.430286],[3.272091,6.430159],[3.272855,6.430081],[3.273836,6.429679],[3.275148,6.429315],[3.27589,6.429283],[3.276294,6.42934],[3.276536,6.429331],[3.276941,6.429473],[3.277234,6.429661],[3.277828,6.429762],[3.278088,6.429904],[3.278778,6.430061],[3.279157,6.430007],[3.279988,6.430152],[3.280704,6.430209],[3.28193,6.430447],[3.282099,6.43056],[3.282198,6.430725],[3.282166,6.431276],[3.282179,6.431507],[3.282249,6.431734],[3.282405,6.431969],[3.282564,6.432111],[3.283031,6.432182],[3.283186,6.432078],[3.283912,6.43223],[3.2841,6.432318],[3.284308,6.432716],[3.28424,6.432883],[3.284227,6.433158],[3.284259,6.433664],[3.284202,6.434348],[3.284256,6.43493],[3.284192,6.435701],[3.284224,6.43721],[3.284173,6.437663],[3.284218,6.438568],[3.284157,6.438976],[3.284157,6.43941],[3.283896,6.439701],[3.283549,6.439906],[3.283234,6.440024],[3.282928,6.440242],[3.282867,6.440454],[3.282839,6.441185],[3.282861,6.441951],[3.282925,6.442188],[3.283097,6.44233],[3.283377,6.442384],[3.284577,6.442397],[3.284702,6.442463],[3.28544,6.442352],[3.285504,6.442406],[3.285689,6.4424],[3.286163,6.442321],[3.286358,6.442101],[3.286361,6.441841],[3.286333,6.441841],[3.286383,6.439955],[3.286265,6.439639],[3.285539,6.439522],[3.285415,6.438648],[3.28539,6.43793],[3.285447,6.436338],[3.285406,6.43587],[3.285409,6.434889],[3.285453,6.434285],[3.285431,6.432076],[3.285332,6.432041],[3.284915,6.431272],[3.28496,6.431063],[3.28509,6.430886],[3.2853,6.430778],[3.287259,6.430949],[3.28874,6.430924],[3.289692,6.43099],[3.290444,6.431123],[3.291456,6.431522],[3.291781,6.431725],[3.291902,6.43187],[3.292125,6.431946],[3.292517,6.432184],[3.293068,6.432728],[3.29316,6.432981],[3.293322,6.433174],[3.293625,6.433807],[3.293638,6.434003],[3.293886,6.434506],[3.293991,6.434547],[3.294032,6.434677],[3.294141,6.434709],[3.294354,6.434952],[3.294462,6.435152],[3.294739,6.435449],[3.295055,6.435946],[3.295201,6.436054],[3.295265,6.436168],[3.296099,6.436987],[3.296335,6.43731],[3.296354,6.437655],[3.29652,6.437971],[3.296647,6.438104],[3.296676,6.438262],[3.296879,6.438554],[3.297074,6.438664],[3.297933,6.438693],[3.298217,6.438614],[3.298312,6.438645],[3.298481,6.438617],[3.298704,6.438547],[3.298816,6.438655],[3.299108,6.438743],[3.299828,6.438832],[3.300038,6.438905],[3.30043,6.438959],[3.300911,6.439082],[3.301239,6.439218],[3.301653,6.439284],[3.301854,6.439246],[3.302338,6.439304],[3.302404,6.439379],[3.302787,6.439462],[3.303089,6.439402],[3.303503,6.439417],[3.303583,6.439335],[3.303726,6.439326],[3.304134,6.439427],[3.304226,6.439411],[3.304334,6.43931],[3.306522,6.43875],[3.306793,6.438721],[3.307016,6.438807],[3.307245,6.438715],[3.307366,6.438522],[3.307614,6.438525],[3.30786,6.438405],[3.308089,6.438234],[3.308106,6.438117],[3.309834,6.437572],[3.309869,6.437597],[3.310903,6.437302],[3.310875,6.437228],[3.311032,6.437178],[3.311076,6.437292],[3.311638,6.437242],[3.312201,6.437049],[3.312165,6.436908],[3.312509,6.436804],[3.312518,6.436833],[3.31295,6.436676],[3.312917,6.436596],[3.314078,6.436156],[3.314241,6.436051],[3.314424,6.436038],[3.314756,6.435762],[3.315811,6.435212],[3.316526,6.434703],[3.317705,6.433545],[3.317957,6.433845],[3.318455,6.433455],[3.318707,6.433356],[3.318966,6.433336],[3.319223,6.433473],[3.321361,6.433322],[3.321551,6.433198],[3.321629,6.432951],[3.322206,6.432695],[3.322442,6.432819],[3.3225,6.432782],[3.322829,6.43281],[3.323159,6.432891],[3.323259,6.432957],[3.323304,6.433059],[3.324502,6.43446],[3.326185,6.435283],[3.326346,6.435159],[3.326701,6.435688],[3.326454,6.437394],[3.327432,6.437328],[3.328982,6.437346],[3.328986,6.437151],[3.3293,6.437165],[3.329294,6.43736],[3.334588,6.437675],[3.334621,6.437741],[3.33471,6.437665],[3.334882,6.437622],[3.335343,6.437588],[3.335662,6.43762],[3.335758,6.438013],[3.336364,6.438004],[3.336754,6.437814],[3.337048,6.437807],[3.33734,6.437979],[3.337352,6.438187],[3.337874,6.438221],[3.338073,6.438138],[3.338071,6.438058],[3.338313,6.438028],[3.338335,6.438176],[3.338445,6.438164],[3.338422,6.438021],[3.338664,6.437992],[3.338681,6.438112],[3.338784,6.438125],[3.339038,6.43831],[3.340437,6.438009],[3.34181,6.4376],[3.342814,6.437237],[3.343126,6.436992],[3.343301,6.43693],[3.343658,6.436812],[3.344148,6.436769],[3.345079,6.436554],[3.345063,6.436469],[3.347477,6.436449],[3.347946,6.436514],[3.348275,6.436622],[3.348975,6.437028],[3.349509,6.437123],[3.351689,6.438307],[3.353228,6.439452],[3.35348,6.439577],[3.354162,6.43971],[3.354334,6.439648],[3.355218,6.439866],[3.356321,6.439864],[3.356688,6.439747],[3.357196,6.439722],[3.358104,6.43955],[3.358564,6.439371],[3.359174,6.439065],[3.359974,6.438765],[3.360357,6.438526],[3.360717,6.438194],[3.360647,6.438059],[3.361937,6.436985],[3.361937,6.43682],[3.362321,6.436368],[3.362213,6.436295],[3.362528,6.435857],[3.362643,6.435959],[3.362927,6.435598],[3.363351,6.435054],[3.363238,6.434921],[3.36345,6.43471],[3.363697,6.434484],[3.363819,6.434606],[3.36456,6.434092],[3.364616,6.434135],[3.365118,6.433946],[3.365144,6.434019],[3.365191,6.433893],[3.365164,6.433686],[3.36547,6.433659],[3.365506,6.433756],[3.365591,6.433788],[3.366585,6.433768],[3.366589,6.433826],[3.367251,6.433853],[3.367444,6.433813],[3.367777,6.433923],[3.368024,6.433351],[3.369005,6.4337],[3.368939,6.433883],[3.369069,6.433921],[3.369118,6.433796],[3.3701,6.434176],[3.36994,6.434624],[3.369978,6.434656],[3.370081,6.434676],[3.370243,6.434598],[3.370425,6.434649],[3.370535,6.434561],[3.370895,6.434624],[3.370964,6.43447],[3.371454,6.434675],[3.371441,6.434768],[3.371609,6.434722],[3.371817,6.43439],[3.371974,6.43445],[3.371863,6.43474],[3.376616,6.436474],[3.377054,6.436901],[3.383528,6.437431],[3.38354,6.437254],[3.383936,6.437282],[3.384018,6.437535],[3.392407,6.434023],[3.392485,6.434212],[3.39269,6.434175],[3.392787,6.434243],[3.393197,6.435219],[3.394298,6.434853]],[[3.013647,6.403046],[3.01347,6.402695],[3.013426,6.402197],[3.013809,6.402036],[3.015016,6.402182],[3.016577,6.402139],[3.017828,6.402373],[3.018874,6.402373],[3.01958,6.402051],[3.020169,6.40208],[3.020508,6.402475],[3.020861,6.402431],[3.021804,6.402168],[3.022231,6.402504],[3.023306,6.403148],[3.022908,6.403382],[3.021715,6.403353],[3.017755,6.40309],[3.015252,6.403016],[3.013647,6.403046]],[[3.010672,6.403177],[3.010584,6.402841],[3.010878,6.40227],[3.01132,6.402065],[3.013043,6.402139],[3.013264,6.402548],[3.013323,6.402885],[3.01291,6.403134],[3.011261,6.403207],[3.010672,6.403177]],[[2.928514,6.404356],[2.928132,6.404034],[2.928132,6.403448],[2.928544,6.401956],[2.928882,6.401824],[2.930001,6.401532],[2.93087,6.401663],[2.931533,6.401707],[2.931945,6.401824],[2.932431,6.401678],[2.932711,6.401546],[2.9338,6.40159],[2.93517,6.401824],[2.935332,6.401912],[2.93489,6.402161],[2.932858,6.403053],[2.931636,6.403361],[2.929,6.404297],[2.928514,6.404356]],[[3.057864,6.41412],[3.059253,6.412872],[3.060876,6.411708],[3.062014,6.411093],[3.062734,6.41061],[3.062968,6.410744],[3.063002,6.41101],[3.062701,6.411409],[3.063219,6.411791],[3.06332,6.41239],[3.063136,6.412872],[3.061931,6.413538],[3.060475,6.41392],[3.059404,6.414319],[3.058466,6.414402],[3.058048,6.414369],[3.057864,6.41412]],[[3.185102,6.412329],[3.184404,6.411764],[3.18434,6.411519],[3.184683,6.411018],[3.185359,6.410453],[3.185885,6.409888],[3.186336,6.409632],[3.186861,6.409525],[3.187033,6.409685],[3.186121,6.411231],[3.185466,6.411999],[3.185102,6.412329]],[[3.236624,6.435196],[3.236175,6.432301],[3.23648,6.432033],[3.237236,6.43189],[3.237919,6.431408],[3.238458,6.431479],[3.239088,6.431354],[3.239645,6.431068],[3.239933,6.431229],[3.239915,6.431854],[3.239411,6.432926],[3.23871,6.433856],[3.237847,6.434463],[3.237056,6.434767],[3.23684,6.435106],[3.236624,6.435196]],[[3.236748,6.435784],[3.237593,6.435159],[3.238906,6.434319],[3.239877,6.433194],[3.24038,6.432282],[3.240524,6.431478],[3.241046,6.431031],[3.241549,6.430942],[3.241783,6.43121],[3.241261,6.432765],[3.24056,6.43398],[3.239445,6.434927],[3.238348,6.435516],[3.237557,6.435856],[3.237018,6.435945],[3.236748,6.435784]],[[3.24031,6.430478],[3.241048,6.429102],[3.241947,6.428138],[3.24317,6.427387],[3.243781,6.427173],[3.243529,6.427655],[3.24272,6.428584],[3.241875,6.429246],[3.2413,6.429924],[3.24067,6.430478],[3.24031,6.430478]],[[3.01494,6.410578],[3.016259,6.409726],[3.017744,6.408415],[3.022852,6.406176],[3.024811,6.405247],[3.025285,6.405413],[3.026885,6.406736],[3.027974,6.407385],[3.029395,6.408631],[3.028281,6.409318],[3.024491,6.410145],[3.021534,6.410489],[3.019857,6.410476],[3.018346,6.410603],[3.01727,6.410769],[3.015657,6.410756],[3.01512,6.410794],[3.01494,6.410578]],[[3.339844,6.436548],[3.339702,6.436802],[3.339233,6.436964],[3.338464,6.437123],[3.338018,6.437152],[3.337361,6.437064],[3.337132,6.436953],[3.33693,6.437011],[3.33689,6.436997],[3.336906,6.436908],[3.334459,6.436779],[3.333791,6.436336],[3.333639,6.436182],[3.333263,6.436436],[3.332166,6.434986],[3.334266,6.433339],[3.334568,6.433727],[3.334845,6.433835],[3.335125,6.43356],[3.335058,6.433402],[3.335387,6.433245],[3.335745,6.432818],[3.335344,6.432502],[3.337727,6.430628],[3.337914,6.430865],[3.33831,6.430888],[3.338794,6.429794],[3.342754,6.42948],[3.342745,6.429298],[3.343007,6.429277],[3.349298,6.432604],[3.360532,6.431661],[3.361003,6.432412],[3.361094,6.432359],[3.361203,6.432529],[3.361101,6.432578],[3.36122,6.432777],[3.361325,6.432722],[3.361453,6.432922],[3.361347,6.432981],[3.361438,6.433095],[3.36183,6.433059],[3.362438,6.433096],[3.36251,6.433174],[3.362442,6.433511],[3.362552,6.433531],[3.362625,6.433192],[3.362733,6.433356],[3.362666,6.433871],[3.362381,6.434274],[3.361736,6.435006],[3.36178,6.435047],[3.361172,6.435805],[3.361084,6.435827],[3.359471,6.437469],[3.359394,6.437371],[3.358548,6.437862],[3.357506,6.438156],[3.356112,6.438326],[3.354253,6.437986],[3.353786,6.437817],[3.352869,6.437355],[3.352828,6.437213],[3.352601,6.437025],[3.352342,6.436907],[3.352156,6.436989],[3.351061,6.436587],[3.351036,6.436461],[3.350784,6.436315],[3.3497,6.435852],[3.348347,6.435428],[3.34757,6.435305],[3.34732,6.435216],[3.346966,6.435247],[3.346252,6.435024],[3.34575,6.43507],[3.345397,6.435036],[3.344612,6.435153],[3.344379,6.435142],[3.344172,6.435186],[3.344034,6.435302],[3.343824,6.43525],[3.343618,6.435253],[3.343322,6.43538],[3.343257,6.435624],[3.342854,6.435403],[3.342735,6.43553],[3.342438,6.435626],[3.342359,6.435602],[3.341546,6.435961],[3.341177,6.435945],[3.340721,6.436219],[3.340323,6.436345],[3.340174,6.436476],[3.340042,6.436521],[3.339948,6.436488],[3.339844,6.436548]],[[3.350209,6.427363],[3.349844,6.427192],[3.349565,6.426915],[3.349619,6.426771],[3.35001,6.426761],[3.350456,6.426995],[3.350209,6.427363]],[[3.350295,6.427576],[3.350595,6.427171],[3.350826,6.427134],[3.351138,6.427332],[3.351437,6.427603],[3.351464,6.427918],[3.351368,6.428083],[3.351094,6.428035],[3.350638,6.427896],[3.350295,6.427576]],[[3.235257,6.417142],[3.232953,6.416648],[3.23171,6.416134],[3.230474,6.415375],[3.229296,6.414756],[3.227432,6.413965],[3.223411,6.413149],[3.222891,6.412871],[3.222821,6.412377],[3.223054,6.41166],[3.223464,6.41079],[3.224769,6.41034],[3.225571,6.410233],[3.226142,6.410067],[3.226665,6.410265],[3.22705,6.410084],[3.226901,6.40987],[3.22637,6.40946],[3.224954,6.408865],[3.223117,6.408758],[3.221658,6.40911],[3.22031,6.410068],[3.219005,6.411138],[3.216922,6.412385],[3.215609,6.413257],[3.214525,6.414631],[3.213244,6.41581],[3.211956,6.416746],[3.210798,6.417336],[3.209296,6.417673],[3.205376,6.417181],[3.203788,6.416774],[3.2022,6.416774],[3.200643,6.417528],[3.200143,6.418046],[3.19926,6.419203],[3.199496,6.420725],[3.199683,6.424516],[3.200148,6.427246],[3.199786,6.431951],[3.200403,6.432796],[3.201098,6.433228],[3.20159,6.433408],[3.203009,6.433092],[3.204485,6.432883],[3.206893,6.433156],[3.209081,6.433508],[3.212557,6.433674],[3.215566,6.434096],[3.218405,6.435118],[3.221173,6.434996],[3.224773,6.434177],[3.227715,6.433226],[3.23128,6.431042],[3.232627,6.430034],[3.233053,6.428473],[3.232664,6.427154],[3.233412,6.428066],[3.233934,6.428339],[3.234682,6.428318],[3.234949,6.428364],[3.235349,6.428575],[3.237343,6.428335],[3.239463,6.427755],[3.240834,6.426783],[3.242815,6.424356],[3.243308,6.423092],[3.243499,6.421499],[3.243109,6.420339],[3.242684,6.41962],[3.242437,6.418965],[3.24248,6.418602],[3.242793,6.418264],[3.243113,6.417443],[3.243005,6.417302],[3.240474,6.417718],[3.23921,6.41781],[3.238423,6.417744],[3.236504,6.417313],[3.235257,6.417142]],[[3.233946,6.431915],[3.233049,6.432202],[3.232609,6.432522],[3.23211,6.432933],[3.231552,6.433615],[3.231107,6.433844],[3.23041,6.434404],[3.230093,6.434785],[3.231668,6.43505],[3.233891,6.435209],[3.235275,6.435263],[3.23556,6.435092],[3.235766,6.434742],[3.23607,6.434573],[3.235779,6.433652],[3.235404,6.43192],[3.235243,6.431723],[3.234961,6.431687],[3.233946,6.431915]],[[3.21568,6.43636],[3.215325,6.435721],[3.214131,6.43541],[3.207844,6.43509],[3.205182,6.434731],[3.203835,6.434728],[3.203008,6.434879],[3.202682,6.435042],[3.202571,6.435346],[3.201132,6.435652],[3.198739,6.43685],[3.195542,6.437426],[3.192302,6.440347],[3.191614,6.440795],[3.19038,6.441254],[3.189459,6.441381],[3.187988,6.441232],[3.187452,6.441114],[3.186514,6.44138],[3.185488,6.442352],[3.184405,6.443193],[3.183804,6.443599],[3.183696,6.443919],[3.183858,6.444505],[3.183889,6.445316],[3.184427,6.445656],[3.184962,6.446147],[3.18594,6.446434],[3.18756,6.446637],[3.189218,6.446113],[3.191207,6.446165],[3.191603,6.44598],[3.191728,6.446263],[3.191462,6.446561],[3.190632,6.446865],[3.190574,6.447274],[3.19059,6.447658],[3.190478,6.448268],[3.191105,6.448778],[3.191733,6.448864],[3.193038,6.448852],[3.194416,6.448772],[3.195162,6.448869],[3.195518,6.448155],[3.196191,6.447521],[3.197611,6.448245],[3.198718,6.447614],[3.199389,6.447862],[3.199765,6.448986],[3.20025,6.449032],[3.201318,6.449447],[3.201828,6.449527],[3.202419,6.449034],[3.202853,6.448604],[3.203466,6.448339],[3.205562,6.447959],[3.208037,6.447116],[3.21013,6.445342],[3.210717,6.444154],[3.211275,6.443676],[3.211807,6.442756],[3.212607,6.442041],[3.212757,6.441273],[3.2126,6.439761],[3.212987,6.438748],[3.214077,6.437499],[3.214735,6.436957],[3.215519,6.436711],[3.21568,6.43636]],[[3.153278,6.42299],[3.15534,6.423961],[3.157967,6.424844],[3.159872,6.426208],[3.160857,6.427039],[3.162453,6.429105],[3.163065,6.430768],[3.163267,6.432275],[3.163782,6.433645],[3.165672,6.437298],[3.167013,6.43924],[3.168696,6.440421],[3.171596,6.440824],[3.174317,6.439994],[3.181556,6.435668],[3.186005,6.433724],[3.187534,6.433509],[3.191798,6.434688],[3.195502,6.436433],[3.19664,6.436492],[3.19789,6.435806],[3.199189,6.434932],[3.199781,6.434358],[3.199736,6.434121],[3.199274,6.433236],[3.19902,6.432127],[3.199114,6.429878],[3.19942,6.427076],[3.198776,6.423513],[3.198642,6.420038],[3.198663,6.418556],[3.198631,6.418011],[3.197988,6.417346],[3.197193,6.416988],[3.195897,6.416672],[3.195144,6.416818],[3.193438,6.417383],[3.19224,6.417201],[3.192751,6.416914],[3.192676,6.416189],[3.192472,6.415592],[3.192708,6.415154],[3.194296,6.414419],[3.195348,6.413694],[3.196185,6.413311],[3.196871,6.413822],[3.199816,6.415204],[3.200626,6.415432],[3.201027,6.41527],[3.201088,6.415069],[3.200787,6.414408],[3.20039,6.413822],[3.200079,6.412948],[3.199867,6.411332],[3.199446,6.410218],[3.198784,6.409527],[3.19789,6.408875],[3.197054,6.408608],[3.19578,6.408439],[3.194479,6.40879],[3.192034,6.409692],[3.187514,6.413788],[3.184482,6.415754],[3.183252,6.416445],[3.18247,6.416796],[3.181058,6.416977],[3.179289,6.417007],[3.178537,6.416794],[3.178271,6.41692],[3.17802,6.416899],[3.177861,6.416647],[3.177967,6.416497],[3.177864,6.416382],[3.177326,6.416207],[3.175392,6.414952],[3.175017,6.414835],[3.174308,6.414164],[3.17313,6.413644],[3.170773,6.413806],[3.170173,6.413609],[3.169974,6.413454],[3.169627,6.41344],[3.169252,6.413562],[3.169041,6.413582],[3.168298,6.413298],[3.167286,6.412782],[3.166507,6.412604],[3.165865,6.411999],[3.16586,6.411759],[3.165425,6.41122],[3.165297,6.410308],[3.165874,6.409312],[3.166208,6.409211],[3.166482,6.409035],[3.16704,6.409078],[3.167335,6.409264],[3.16778,6.409387],[3.168392,6.409227],[3.169615,6.409269],[3.170065,6.408763],[3.170242,6.408182],[3.170348,6.407661],[3.170859,6.407142],[3.170661,6.406929],[3.170634,6.406833],[3.17043,6.406567],[3.170119,6.406258],[3.169588,6.406258],[3.169266,6.406162],[3.167947,6.405999],[3.16494,6.406732],[3.162913,6.408021],[3.159267,6.411064],[3.15866,6.411524],[3.157314,6.412425],[3.156756,6.412713],[3.155742,6.413172],[3.154061,6.41381],[3.151832,6.414174],[3.151397,6.414232],[3.151027,6.414152],[3.150228,6.41419],[3.150115,6.414115],[3.149734,6.414083],[3.149085,6.414094],[3.14872,6.414211],[3.148527,6.414216],[3.148356,6.414142],[3.147985,6.414072],[3.146358,6.41414],[3.145566,6.414234],[3.143515,6.414111],[3.143308,6.414051],[3.143243,6.413902],[3.143367,6.413534],[3.143613,6.41323],[3.143672,6.41306],[3.143903,6.412948],[3.144032,6.413124],[3.144321,6.413102],[3.14452,6.412932],[3.144395,6.412641],[3.143646,6.412516],[3.143206,6.412345],[3.142133,6.41258],[3.141875,6.41258],[3.141746,6.412495],[3.141473,6.412468],[3.140851,6.412633],[3.140529,6.412617],[3.140207,6.412505],[3.138587,6.412388],[3.138265,6.412415],[3.13643,6.412265],[3.128791,6.412462],[3.126971,6.412719],[3.12215,6.414654],[3.121226,6.41492],[3.118877,6.415436],[3.116614,6.416088],[3.115348,6.416242],[3.114492,6.416076],[3.113556,6.415478],[3.111873,6.414527],[3.111405,6.414302],[3.111116,6.414312],[3.110928,6.414696],[3.110854,6.415663],[3.110754,6.418604],[3.110127,6.420352],[3.11008,6.420875],[3.110459,6.423429],[3.110732,6.424657],[3.111118,6.425431],[3.11169,6.426376],[3.112621,6.426816],[3.113701,6.426834],[3.11457,6.42669],[3.120436,6.425226],[3.12451,6.425453],[3.126567,6.425887],[3.130213,6.426546],[3.13193,6.426734],[3.13294,6.426602],[3.133587,6.426605],[3.134435,6.426525],[3.135525,6.4263],[3.137085,6.425726],[3.137455,6.425534],[3.137832,6.425123],[3.139079,6.4244],[3.139742,6.42413],[3.140318,6.423772],[3.14124,6.422914],[3.142165,6.421701],[3.142863,6.421011],[3.143306,6.420984],[3.143649,6.420894],[3.143977,6.42063],[3.144525,6.42029],[3.145131,6.420021],[3.146174,6.419656],[3.146945,6.419489],[3.14739,6.419464],[3.149611,6.419848],[3.150615,6.420385],[3.152132,6.421946],[3.153278,6.42299]],[[3.334694,6.419643],[3.334564,6.419717],[3.334544,6.419656],[3.334398,6.419587],[3.334351,6.419688],[3.333862,6.419383],[3.333601,6.419349],[3.333366,6.419414],[3.33319,6.41936],[3.332772,6.418947],[3.332022,6.418458],[3.331615,6.418263],[3.331487,6.418297],[3.331142,6.418145],[3.330518,6.417771],[3.33017,6.417499],[3.33002,6.417114],[3.33012,6.416732],[3.330043,6.416266],[3.328049,6.415278],[3.325139,6.414688],[3.324004,6.41476],[3.322422,6.41445],[3.321426,6.41446],[3.320348,6.414677],[3.318975,6.415042],[3.316767,6.4158],[3.315457,6.416138],[3.314985,6.416137],[3.313768,6.416643],[3.313303,6.416607],[3.312976,6.416367],[3.312716,6.416596],[3.30974,6.416787],[3.308109,6.416787],[3.306843,6.416723],[3.305963,6.416744],[3.305276,6.41683],[3.304611,6.417085],[3.303388,6.417213],[3.302852,6.417213],[3.301457,6.417448],[3.299333,6.417213],[3.296629,6.416467],[3.296092,6.416211],[3.295911,6.416191],[3.296028,6.416403],[3.295911,6.41666],[3.295642,6.416723],[3.295234,6.416702],[3.294912,6.416531],[3.294698,6.416211],[3.294891,6.416126],[3.29532,6.416062],[3.295675,6.416191],[3.295792,6.416083],[3.295599,6.414825],[3.295685,6.414505],[3.296157,6.413951],[3.296393,6.413588],[3.296414,6.413247],[3.296372,6.412906],[3.295792,6.412714],[3.295213,6.412458],[3.294419,6.412309],[3.293518,6.412309],[3.292917,6.412373],[3.29208,6.41233],[3.290363,6.412458],[3.289324,6.412609],[3.288496,6.41297],[3.287295,6.413247],[3.286179,6.413631],[3.284033,6.41393],[3.283583,6.4141],[3.283196,6.414356],[3.281652,6.415102],[3.279377,6.415593],[3.278411,6.415977],[3.277017,6.416105],[3.275789,6.41629],[3.274656,6.416403],[3.273197,6.416446],[3.272081,6.416403],[3.271438,6.416275],[3.270622,6.416232],[3.270022,6.415763],[3.269378,6.415529],[3.269034,6.415316],[3.268884,6.415038],[3.268584,6.414782],[3.267768,6.414676],[3.266696,6.414015],[3.265859,6.413631],[3.264099,6.41297],[3.263498,6.412991],[3.261782,6.412693],[3.260687,6.412629],[3.258649,6.412288],[3.257898,6.412096],[3.256846,6.411968],[3.255859,6.411541],[3.255216,6.41135],[3.254701,6.411328],[3.254014,6.411456],[3.253113,6.411904],[3.252083,6.412352],[3.251117,6.412714],[3.250431,6.413077],[3.249701,6.413759],[3.2491,6.414399],[3.248671,6.415017],[3.248328,6.415294],[3.247877,6.415465],[3.247448,6.415891],[3.246976,6.416552],[3.246268,6.417768],[3.245624,6.418557],[3.245238,6.419282],[3.24498,6.420241],[3.24483,6.421457],[3.244853,6.421354],[3.244868,6.421823],[3.244873,6.423397],[3.244744,6.424015],[3.244744,6.42457],[3.244916,6.424719],[3.245915,6.424742],[3.246654,6.424847],[3.248404,6.425317],[3.249305,6.425658],[3.25028,6.425934],[3.250979,6.425914],[3.252567,6.42568],[3.253386,6.42513],[3.254251,6.424997],[3.254804,6.425],[3.255555,6.424801],[3.256051,6.424806],[3.256649,6.424719],[3.258526,6.424728],[3.260227,6.425019],[3.261438,6.425465],[3.262952,6.426213],[3.264304,6.42681],[3.265644,6.42715],[3.267201,6.427364],[3.269089,6.427492],[3.270934,6.427535],[3.272909,6.427322],[3.27675,6.427364],[3.280462,6.427471],[3.281136,6.427438],[3.281513,6.427291],[3.28162,6.427166],[3.281846,6.425494],[3.282211,6.425329],[3.28286,6.424801],[3.283228,6.424621],[3.284962,6.42425],[3.285778,6.424268],[3.283649,6.42464],[3.283015,6.424956],[3.282562,6.425273],[3.282198,6.425643],[3.282137,6.425956],[3.282158,6.427478],[3.282233,6.427775],[3.284098,6.428813],[3.284892,6.42909],[3.285643,6.42924],[3.286599,6.429241],[3.288926,6.429026],[3.290847,6.429177],[3.291822,6.429474],[3.292724,6.430114],[3.29399,6.431159],[3.295663,6.433078],[3.296491,6.43423],[3.297187,6.434975],[3.297981,6.435615],[3.299087,6.436128],[3.300417,6.436597],[3.301962,6.436917],[3.30253,6.436766],[3.303195,6.436724],[3.303796,6.436745],[3.304118,6.436574],[3.30443,6.436341],[3.304611,6.435999],[3.304998,6.435828],[3.305374,6.435915],[3.305512,6.436169],[3.305438,6.436746],[3.305717,6.43681],[3.306736,6.436361],[3.307198,6.43632],[3.307701,6.435999],[3.308195,6.435764],[3.308431,6.435892],[3.30916,6.435658],[3.310298,6.435103],[3.311435,6.434336],[3.312121,6.433525],[3.312422,6.432907],[3.313538,6.43167],[3.314074,6.431414],[3.314825,6.43135],[3.316405,6.431056],[3.316445,6.430544],[3.316322,6.430311],[3.316322,6.430013],[3.316463,6.429617],[3.316435,6.429233],[3.316729,6.428752],[3.316963,6.428571],[3.317286,6.42855],[3.317566,6.428679],[3.317895,6.428767],[3.318184,6.4287],[3.31833,6.428952],[3.318526,6.429168],[3.318964,6.429398],[3.319122,6.429765],[3.319414,6.43027],[3.319483,6.430702],[3.321479,6.430512],[3.322542,6.430682],[3.323832,6.431043],[3.324228,6.431212],[3.324362,6.4313],[3.324749,6.431727],[3.325472,6.432215],[3.326269,6.432471],[3.327179,6.432556],[3.327803,6.432482],[3.327489,6.432303],[3.327271,6.431891],[3.327183,6.431455],[3.327185,6.431019],[3.327839,6.428932],[3.328223,6.428075],[3.328559,6.427826],[3.328842,6.427742],[3.331422,6.427634],[3.332978,6.427395],[3.333391,6.427483],[3.333821,6.427346],[3.334812,6.427193],[3.338977,6.426847],[3.339588,6.425688],[3.340468,6.426146],[3.340404,6.426291],[3.340803,6.4265],[3.340736,6.426584],[3.341595,6.426886],[3.341659,6.426759],[3.343922,6.42706],[3.344482,6.427189],[3.345672,6.427815],[3.346161,6.428026],[3.347469,6.428431],[3.348042,6.428726],[3.348418,6.428784],[3.350285,6.430058],[3.350607,6.430002],[3.350886,6.429762],[3.351106,6.429418],[3.351085,6.429069],[3.350896,6.428822],[3.349329,6.427178],[3.349148,6.426672],[3.348547,6.426331],[3.347312,6.426264],[3.34653,6.426072],[3.345993,6.425905],[3.343633,6.425012],[3.341166,6.423395],[3.340286,6.422915],[3.339346,6.422491],[3.33905,6.421999],[3.338781,6.421859],[3.337796,6.421588],[3.337411,6.42139],[3.336687,6.421321],[3.336169,6.421052],[3.335271,6.420398],[3.335339,6.420285],[3.335312,6.420215],[3.334934,6.420013],[3.334968,6.41994],[3.334914,6.419892],[3.334843,6.419914],[3.334694,6.419643]],[[3.194362,6.437468],[3.19072,6.435559],[3.188102,6.434663],[3.186422,6.434824],[3.180549,6.43816],[3.182431,6.438449],[3.183418,6.437767],[3.184427,6.437959],[3.187495,6.440048],[3.188804,6.440795],[3.190864,6.440731],[3.193081,6.439205],[3.194362,6.437468]],[[3.115952,6.434262],[3.11723,6.434676],[3.118537,6.435325],[3.119548,6.435709],[3.119979,6.435975],[3.120187,6.436315],[3.123367,6.436743],[3.125596,6.437851],[3.127171,6.438692],[3.128553,6.43912],[3.129653,6.438929],[3.130619,6.437998],[3.131585,6.435828],[3.132521,6.434233],[3.133442,6.433864],[3.134973,6.433657],[3.137143,6.434336],[3.139788,6.436064],[3.142612,6.438648],[3.144142,6.439416],[3.145435,6.439844],[3.147634,6.439726],[3.14869,6.439431],[3.149774,6.438884],[3.150725,6.438279],[3.152717,6.437924],[3.154103,6.437303],[3.157826,6.437185],[3.160562,6.437025],[3.162743,6.437522],[3.163137,6.437426],[3.163075,6.43668],[3.162619,6.435076],[3.162343,6.431731],[3.160765,6.42913],[3.159936,6.428402],[3.157822,6.426932],[3.15444,6.425413],[3.151903,6.423651],[3.150423,6.421842],[3.148943,6.42084],[3.148,6.420856],[3.145496,6.421615],[3.145144,6.421808],[3.143647,6.422942],[3.143352,6.423404],[3.141576,6.425203],[3.140422,6.425898],[3.137267,6.427481],[3.135364,6.428305],[3.133267,6.428661],[3.129998,6.428402],[3.125737,6.427336],[3.123477,6.42698],[3.119623,6.426657],[3.116045,6.42753],[3.113605,6.427749],[3.112639,6.427597],[3.111577,6.427309],[3.110247,6.42636],[3.109785,6.426115],[3.109292,6.426147],[3.108948,6.427],[3.108133,6.428268],[3.10618,6.430454],[3.105987,6.430976],[3.105687,6.432234],[3.105687,6.433834],[3.105923,6.434452],[3.106449,6.434527],[3.107414,6.433994],[3.107704,6.433994],[3.108873,6.434228],[3.109882,6.434697],[3.110869,6.434804],[3.111877,6.43459],[3.112886,6.43459],[3.114109,6.434697],[3.114924,6.434463],[3.115952,6.434262]],[[2.941547,6.40305],[2.944166,6.404227],[2.94427,6.405755],[2.943293,6.406974],[2.94215,6.407428],[2.94082,6.407883],[2.936995,6.407346],[2.93463,6.407124],[2.934005,6.40665],[2.933641,6.406229],[2.934558,6.405458],[2.936373,6.404478],[2.9403,6.403545],[2.941547,6.40305]],[[3.211105,6.414826],[3.211256,6.415196],[3.211351,6.415264],[3.211402,6.415202],[3.211454,6.415269],[3.211644,6.415158],[3.211683,6.415192],[3.21189,6.415011],[3.211888,6.414909],[3.212096,6.41464],[3.21213,6.414528],[3.211924,6.414238],[3.211279,6.414157],[3.211226,6.414228],[3.211105,6.414826]],[[3.357788,6.412231],[3.357007,6.41216],[3.356521,6.412169],[3.356201,6.412064],[3.355976,6.411913],[3.355635,6.411765],[3.355456,6.411749],[3.355286,6.4118],[3.355045,6.411774],[3.354905,6.411689],[3.354801,6.411544],[3.35466,6.411477],[3.354344,6.4114],[3.353852,6.411358],[3.353597,6.411236],[3.3534,6.411056],[3.353084,6.410965],[3.352805,6.410668],[3.352162,6.410216],[3.351765,6.410142],[3.351812,6.410221],[3.352291,6.410556],[3.353758,6.411373],[3.354635,6.411569],[3.354916,6.411774],[3.355857,6.411984],[3.356147,6.412184],[3.356598,6.412302],[3.357156,6.412265],[3.35766,6.412307],[3.357785,6.412279],[3.357788,6.412231]]]}},{"type":"Feature","properties":{"natural":"water","water":"river","name":"Five Cowries Creek","osm_id":"relation/2116206"},"geometry":{"type":"Polygon","coordinates":[[[3.452173,6.461137],[3.451649,6.460218],[3.451551,6.460275],[3.450721,6.458667],[3.451015,6.458513],[3.451244,6.458977],[3.451575,6.458992],[3.452154,6.45879],[3.455723,6.458882],[3.455801,6.45684],[3.455728,6.455318],[3.454862,6.455414],[3.452083,6.455323],[3.452098,6.455225],[3.451371,6.455172],[3.451275,6.455128],[3.451054,6.454777],[3.450842,6.454297],[3.450869,6.45414],[3.450946,6.454038],[3.450928,6.45366],[3.450789,6.453432],[3.451042,6.45303],[3.451056,6.45291],[3.45098,6.452817],[3.451014,6.452409],[3.450799,6.45216],[3.450288,6.451703],[3.450256,6.451241],[3.450148,6.450626],[3.450274,6.449206],[3.450379,6.448852],[3.450518,6.448635],[3.450863,6.448431],[3.451059,6.448494],[3.451269,6.447253],[3.451225,6.447239],[3.451187,6.447085],[3.451173,6.445867],[3.451513,6.444138],[3.451642,6.443878],[3.451765,6.44344],[3.451801,6.442679],[3.451566,6.44194],[3.451508,6.441957],[3.45098,6.441215],[3.450098,6.440317],[3.450017,6.440394],[3.449459,6.440006],[3.449354,6.439876],[3.4494,6.439799],[3.448883,6.439492],[3.448703,6.439284],[3.448556,6.439214],[3.448441,6.439183],[3.448237,6.43921],[3.447728,6.438981],[3.447609,6.439054],[3.447189,6.438937],[3.447226,6.438814],[3.446711,6.438656],[3.446701,6.438715],[3.445983,6.438562],[3.44596,6.438608],[3.445898,6.438604],[3.445813,6.438774],[3.445546,6.438796],[3.445441,6.43874],[3.445361,6.438539],[3.445172,6.438458],[3.444965,6.438439],[3.444836,6.438493],[3.44484,6.438647],[3.444756,6.438753],[3.444532,6.438727],[3.444125,6.438821],[3.444093,6.438866],[3.443173,6.439209],[3.443123,6.439014],[3.442334,6.43957],[3.442469,6.439767],[3.441878,6.440309],[3.441771,6.440454],[3.441628,6.440564],[3.441452,6.440583],[3.441122,6.440862],[3.440965,6.440858],[3.440734,6.441083],[3.440794,6.441146],[3.440481,6.44139],[3.44019,6.441533],[3.439947,6.44187],[3.439943,6.441972],[3.4392,6.442324],[3.438156,6.442552],[3.437595,6.44245],[3.436743,6.442668],[3.436728,6.442577],[3.436341,6.442654],[3.436371,6.442814],[3.436191,6.442879],[3.43433,6.44319],[3.433635,6.443239],[3.432928,6.443161],[3.431716,6.442834],[3.431455,6.442951],[3.43083,6.442747],[3.430644,6.442553],[3.430144,6.442377],[3.43003,6.442271],[3.4295,6.442302],[3.429436,6.442362],[3.428684,6.442313],[3.428481,6.442194],[3.427477,6.442058],[3.427395,6.441853],[3.426728,6.44213],[3.426062,6.442253],[3.425329,6.442014],[3.423026,6.441755],[3.422017,6.44142],[3.420499,6.440806],[3.418588,6.439543],[3.417901,6.439407],[3.417722,6.439541],[3.417077,6.439621],[3.416498,6.439823],[3.416252,6.439828],[3.415693,6.439967],[3.415551,6.440184],[3.415244,6.440348],[3.414935,6.440351],[3.41467,6.44042],[3.414704,6.440549],[3.414593,6.4406],[3.414393,6.440566],[3.414268,6.44033],[3.413486,6.440812],[3.41273,6.441374],[3.412021,6.441788],[3.409806,6.442853],[3.40981,6.442885],[3.408958,6.443077],[3.406131,6.443198],[3.405906,6.4433],[3.405446,6.443102],[3.404217,6.442692],[3.403634,6.44213],[3.402792,6.441047],[3.402393,6.440074],[3.402119,6.439854],[3.401987,6.439882],[3.403933,6.437956],[3.403759,6.438906],[3.403821,6.439933],[3.403758,6.440136],[3.40381,6.440396],[3.403914,6.440505],[3.404053,6.440501],[3.40455,6.4409],[3.405176,6.44122],[3.405561,6.44132],[3.406153,6.441344],[3.406295,6.441265],[3.407757,6.441237],[3.408615,6.441069],[3.408963,6.440856],[3.409899,6.440588],[3.409949,6.440664],[3.410673,6.440147],[3.410489,6.439952],[3.411614,6.438763],[3.412022,6.438631],[3.41208,6.438369],[3.413092,6.437824],[3.414215,6.43734],[3.414617,6.437298],[3.41468,6.437386],[3.414889,6.437359],[3.414916,6.437458],[3.415126,6.437404],[3.415092,6.437278],[3.415882,6.437078],[3.415901,6.437206],[3.416298,6.437245],[3.416309,6.437163],[3.416587,6.437056],[3.417286,6.437086],[3.417957,6.437042],[3.418506,6.43723],[3.419372,6.437268],[3.420312,6.437506],[3.420399,6.437597],[3.420822,6.437828],[3.421311,6.43801],[3.421921,6.438327],[3.422253,6.438428],[3.422641,6.438479],[3.422718,6.438396],[3.422969,6.43841],[3.423741,6.43879],[3.423884,6.43891],[3.423922,6.439022],[3.423867,6.439165],[3.424869,6.439519],[3.424946,6.439612],[3.425223,6.439569],[3.425383,6.43995],[3.425654,6.439871],[3.425946,6.439692],[3.426948,6.439777],[3.427833,6.439769],[3.427966,6.43984],[3.427963,6.439961],[3.428208,6.43998],[3.428145,6.440034],[3.428141,6.44011],[3.428189,6.440166],[3.42827,6.440171],[3.428321,6.440122],[3.428325,6.440044],[3.428274,6.439983],[3.429085,6.440043],[3.429086,6.440262],[3.429823,6.440323],[3.429834,6.440227],[3.430267,6.440242],[3.431371,6.440492],[3.431382,6.440439],[3.43143,6.440431],[3.431477,6.440445],[3.431389,6.440791],[3.432177,6.440996],[3.43227,6.440671],[3.43301,6.440922],[3.432965,6.441055],[3.433432,6.441202],[3.434375,6.441293],[3.434718,6.441226],[3.434904,6.441114],[3.435504,6.441216],[3.435541,6.441259],[3.436146,6.440705],[3.436087,6.44064],[3.436476,6.440298],[3.436576,6.440286],[3.436817,6.44009],[3.43684,6.440012],[3.43689,6.440017],[3.437265,6.439772],[3.437312,6.439823],[3.437598,6.439706],[3.43836,6.439205],[3.438629,6.439152],[3.438763,6.439038],[3.439185,6.438856],[3.439336,6.438831],[3.440132,6.438318],[3.440178,6.438214],[3.440154,6.438052],[3.4398,6.437698],[3.439934,6.437602],[3.440261,6.437947],[3.440793,6.437636],[3.440746,6.437533],[3.440815,6.43749],[3.440885,6.43758],[3.441705,6.437016],[3.441767,6.436884],[3.441688,6.436727],[3.441957,6.436777],[3.442206,6.43669],[3.443036,6.436239],[3.443294,6.436044],[3.443608,6.436068],[3.443571,6.436305],[3.444429,6.436434],[3.444412,6.436519],[3.44582,6.436929],[3.445894,6.436666],[3.446107,6.436768],[3.446155,6.436698],[3.446544,6.436822],[3.446491,6.436964],[3.44692,6.437088],[3.447079,6.437068],[3.447149,6.436958],[3.447502,6.436895],[3.447805,6.436917],[3.447791,6.43699],[3.448555,6.436996],[3.449038,6.437066],[3.44976,6.437373],[3.449813,6.437275],[3.450706,6.437742],[3.451104,6.438245],[3.451558,6.438559],[3.452029,6.438993],[3.452521,6.43928],[3.453514,6.440304],[3.453529,6.440873],[3.453736,6.441723],[3.453822,6.441768],[3.454007,6.442725],[3.454059,6.443443],[3.453984,6.444122],[3.45404,6.444128],[3.453891,6.44531],[3.45368,6.446221],[3.453578,6.448143],[3.453647,6.448543],[3.453512,6.449113],[3.453773,6.44929],[3.454013,6.44938],[3.454189,6.449378],[3.455308,6.44964],[3.455949,6.449841],[3.45615,6.449839],[3.456496,6.449668],[3.456724,6.449402],[3.457107,6.449095],[3.457888,6.44857],[3.458378,6.448394],[3.458401,6.448441],[3.458957,6.448116],[3.459105,6.447932],[3.459201,6.447888],[3.459708,6.447425],[3.459902,6.447498],[3.460039,6.447392],[3.460133,6.447184],[3.463513,6.447998],[3.464202,6.447866],[3.464907,6.447976],[3.46587,6.447864],[3.466666,6.448062],[3.467283,6.448389],[3.468185,6.44849],[3.468638,6.448759],[3.468952,6.449095],[3.469158,6.449497],[3.469537,6.45058],[3.469625,6.451167],[3.46955,6.452253],[3.469214,6.453561],[3.468995,6.455042],[3.468794,6.455587],[3.468579,6.457048],[3.46852,6.457059],[3.468014,6.458823],[3.4681,6.458902],[3.467939,6.459777],[3.467463,6.46055],[3.467546,6.460718],[3.467724,6.460862],[3.467077,6.460928],[3.464868,6.462437],[3.463297,6.463242],[3.462366,6.463773],[3.462133,6.464652],[3.462334,6.4636],[3.462617,6.463273],[3.462745,6.463055],[3.463062,6.462919],[3.463182,6.462789],[3.463063,6.46254],[3.463306,6.462186],[3.463502,6.462154],[3.46416,6.460404],[3.463642,6.460282],[3.464172,6.45801],[3.464525,6.457617],[3.464515,6.457441],[3.46438,6.457427],[3.46441,6.456891],[3.464186,6.456877],[3.464122,6.456353],[3.464162,6.456163],[3.464146,6.455914],[3.463899,6.455878],[3.463836,6.455323],[3.463698,6.455305],[3.463412,6.453845],[3.463649,6.453756],[3.463678,6.453607],[3.46357,6.453455],[3.463448,6.452932],[3.463365,6.45282],[3.463093,6.452782],[3.462907,6.452315],[3.462707,6.452225],[3.462646,6.452294],[3.462354,6.452067],[3.461762,6.451723],[3.461732,6.45178],[3.459859,6.451011],[3.459068,6.450929],[3.45848,6.451088],[3.458192,6.451474],[3.457882,6.451632],[3.457504,6.451917],[3.457344,6.452262],[3.457589,6.452383],[3.457712,6.452981],[3.457892,6.453184],[3.458243,6.45334],[3.458186,6.453474],[3.459176,6.453872],[3.459614,6.454196],[3.460287,6.454569],[3.460422,6.454783],[3.460492,6.454976],[3.460111,6.456907],[3.459875,6.457165],[3.459018,6.457735],[3.458459,6.458002],[3.458478,6.458183],[3.45811,6.458338],[3.458046,6.458207],[3.45763,6.458519],[3.457638,6.458575],[3.456257,6.459391],[3.456152,6.459535],[3.456016,6.45963],[3.455718,6.459673],[3.45399,6.460531],[3.453883,6.460441],[3.452605,6.461233],[3.452173,6.461137]]]}},{"type":"Feature","properties":{"natural":"water","name":"Commodore Channel","osm_id":"relation/17721809"},"geometry":{"type":"Polygon","coordinates":[[[3.384952,6.470649],[3.384568,6.470486],[3.3845,6.470526],[3.384374,6.470443],[3.383895,6.469905],[3.38392,6.4693],[3.383698,6.468869],[3.383193,6.468146],[3.382716,6.468044],[3.382454,6.46805],[3.382369,6.467871],[3.382256,6.467819],[3.381768,6.467809],[3.381693,6.467741],[3.381677,6.467563],[3.381466,6.467629],[3.381342,6.467022],[3.38108,6.466119],[3.380546,6.46574],[3.38019,6.465711],[3.379905,6.465774],[3.379587,6.465648],[3.379522,6.46567],[3.377777,6.465411],[3.377752,6.465456],[3.377519,6.465509],[3.377493,6.465438],[3.376962,6.465611],[3.376753,6.46563],[3.376861,6.465832],[3.37667,6.46602],[3.376121,6.466069],[3.375784,6.465821],[3.37507,6.465636],[3.375262,6.465214],[3.374588,6.464839],[3.374424,6.465162],[3.374124,6.465032],[3.373924,6.465084],[3.373784,6.465239],[3.373784,6.465311],[3.372994,6.465106],[3.372717,6.465208],[3.372567,6.465345],[3.372558,6.465432],[3.37227,6.465658],[3.372168,6.465856],[3.37179,6.466206],[3.371547,6.466219],[3.371403,6.466334],[3.371272,6.466631],[3.371204,6.46757],[3.371793,6.46873],[3.372008,6.468909],[3.372013,6.469053],[3.371854,6.469118],[3.37172,6.469028],[3.371122,6.468885],[3.37104,6.468911],[3.370635,6.468337],[3.370379,6.468179],[3.370229,6.467899],[3.370326,6.467348],[3.370286,6.467246],[3.370337,6.467132],[3.370328,6.467037],[3.370279,6.46702],[3.370286,6.466943],[3.370423,6.466636],[3.370509,6.466559],[3.370507,6.466388],[3.370551,6.46634],[3.370648,6.465878],[3.370851,6.465468],[3.370826,6.465328],[3.370941,6.46501],[3.370937,6.464959],[3.37082,6.464926],[3.370886,6.464578],[3.370912,6.463697],[3.370849,6.463629],[3.370917,6.463524],[3.371069,6.463438],[3.371104,6.463335],[3.3714,6.463156],[3.371484,6.46316],[3.371579,6.46309],[3.371757,6.463083],[3.372007,6.462947],[3.372262,6.462956],[3.372269,6.462892],[3.37236,6.46289],[3.372353,6.462805],[3.372265,6.462803],[3.372234,6.462583],[3.372315,6.461958],[3.372571,6.461945],[3.372004,6.459355],[3.371611,6.459432],[3.371574,6.459271],[3.371499,6.459283],[3.37139,6.459144],[3.371199,6.459147],[3.371184,6.45906],[3.371343,6.459026],[3.371358,6.458831],[3.371157,6.458254],[3.371116,6.457953],[3.371185,6.457367],[3.371447,6.457358],[3.371388,6.455706],[3.37179,6.453511],[3.372099,6.452637],[3.372027,6.452606],[3.372096,6.452414],[3.372196,6.452426],[3.37227,6.452237],[3.372245,6.452153],[3.372405,6.452054],[3.372442,6.451901],[3.372604,6.451697],[3.37273,6.451385],[3.372526,6.451158],[3.372691,6.450884],[3.372655,6.450857],[3.37273,6.450729],[3.373103,6.450929],[3.373157,6.45083],[3.372365,6.450495],[3.37199,6.450275],[3.372195,6.449937],[3.373272,6.450628],[3.373497,6.450271],[3.373414,6.450225],[3.37357,6.449998],[3.373332,6.44985],[3.373655,6.44937],[3.373671,6.449296],[3.37363,6.44925],[3.373868,6.449018],[3.374622,6.447851],[3.381196,6.444338],[3.395404,6.438237],[3.395706,6.43817],[3.394298,6.434853],[3.397387,6.430392],[3.397553,6.429757],[3.397655,6.427154],[3.3978,6.427191],[3.398115,6.427157],[3.398115,6.426453],[3.398237,6.426366],[3.398167,6.426045],[3.397993,6.425984],[3.397827,6.425646],[3.3978,6.424442],[3.397305,6.423237],[3.397876,6.422316],[3.397963,6.421649],[3.397812,6.421052],[3.396585,6.418986],[3.3965,6.418517],[3.396487,6.417996],[3.396332,6.417807],[3.39537,6.417153],[3.394845,6.416702],[3.394407,6.416237],[3.394124,6.415662],[3.39402,6.415305],[3.39399,6.414835],[3.39409,6.414301],[3.394224,6.41397],[3.394423,6.41376],[3.395217,6.413399],[3.395387,6.413513],[3.395412,6.413441],[3.395108,6.413226],[3.394761,6.412661],[3.394312,6.412345],[3.394227,6.41247],[3.394181,6.412451],[3.393239,6.409775],[3.392926,6.409278],[3.392896,6.408981],[3.392982,6.408642],[3.393122,6.408421],[3.393548,6.408109],[3.394319,6.407705],[3.395999,6.40656],[3.396383,6.406266],[3.39658,6.405964],[3.396704,6.405368],[3.396649,6.405144],[3.396423,6.404694],[3.396375,6.404407],[3.396594,6.404306],[3.396619,6.403869],[3.39694,6.403823],[3.396951,6.403423],[3.397394,6.400822],[3.399969,6.400498],[3.402494,6.400397],[3.402278,6.4017],[3.402224,6.402584],[3.402261,6.404925],[3.402283,6.404981],[3.402468,6.405068],[3.40249,6.405133],[3.402574,6.405892],[3.402471,6.406067],[3.402477,6.406211],[3.402637,6.406585],[3.403297,6.409275],[3.403973,6.411034],[3.404877,6.41315],[3.405236,6.414104],[3.405366,6.414746],[3.40587,6.41503],[3.406048,6.414963],[3.406277,6.41548],[3.406023,6.415807],[3.405819,6.415969],[3.405808,6.416051],[3.406186,6.416509],[3.406476,6.416958],[3.406797,6.417594],[3.407382,6.418865],[3.40748,6.419481],[3.407359,6.419755],[3.407193,6.41979],[3.407206,6.420011],[3.40732,6.42003],[3.407317,6.420351],[3.407265,6.420379],[3.407292,6.420857],[3.407535,6.420916],[3.407529,6.420995],[3.407106,6.421642],[3.406838,6.422363],[3.406423,6.422315],[3.40609,6.422396],[3.40577,6.422768],[3.405879,6.422836],[3.406155,6.422495],[3.406656,6.422463],[3.405954,6.423718],[3.407385,6.424806],[3.406793,6.425703],[3.405839,6.425371],[3.405719,6.425264],[3.405673,6.425136],[3.405497,6.424042],[3.405436,6.424004],[3.405398,6.424064],[3.405577,6.425121],[3.405634,6.425305],[3.405768,6.425443],[3.406828,6.425812],[3.407186,6.425868],[3.407119,6.426312],[3.406568,6.427766],[3.406455,6.428505],[3.406492,6.42854],[3.406447,6.428557],[3.406348,6.429214],[3.405906,6.429813],[3.405838,6.430101],[3.406354,6.431156],[3.406724,6.432372],[3.405644,6.435286],[3.404791,6.436345],[3.403933,6.437956],[3.401987,6.439882],[3.401712,6.440318],[3.401392,6.440697],[3.399472,6.4427],[3.396522,6.444753],[3.394003,6.446409],[3.392033,6.447885],[3.390068,6.449136],[3.384612,6.452168],[3.383539,6.452671],[3.382365,6.45334],[3.381549,6.453995],[3.380488,6.455305],[3.379948,6.456356],[3.379822,6.456765],[3.379774,6.457002],[3.379746,6.457855],[3.379826,6.459486],[3.379927,6.459929],[3.380521,6.461419],[3.381097,6.462032],[3.381436,6.462308],[3.381895,6.462524],[3.382334,6.462633],[3.382317,6.462709],[3.382786,6.462842],[3.382807,6.462774],[3.383031,6.462861],[3.383988,6.463334],[3.384438,6.463631],[3.386849,6.46495],[3.387697,6.465387],[3.388604,6.465747],[3.386743,6.468154],[3.384952,6.470649]],[[3.397388,6.430896],[3.397354,6.43085],[3.397452,6.43072],[3.397605,6.43071],[3.397834,6.430617],[3.397871,6.43065],[3.397575,6.43092],[3.397442,6.430933],[3.397388,6.430896]]]}},{"type":"Feature","properties":{"natural":"water","water":"lagoon","name":"Lagos Lagoon","osm_id":"relation/2116203"},"geometry":{"type":"Polygon","coordinates":[[[3.529159,6.46244],[3.529097,6.462098],[3.529365,6.461792],[3.529624,6.461611],[3.52958,6.461138],[3.529245,6.461352],[3.528856,6.461445],[3.528266,6.461458],[3.528126,6.46127],[3.527903,6.461383],[3.527816,6.46159],[3.527696,6.462536],[3.527318,6.463152],[3.526872,6.463304],[3.527041,6.46367],[3.526982,6.463884],[3.526702,6.463692],[3.525301,6.464651],[3.525098,6.464642],[3.524477,6.46487],[3.524032,6.464881],[3.523734,6.464699],[3.523678,6.464598],[3.523319,6.464836],[3.52264,6.463774],[3.52079,6.461483],[3.51756,6.461578],[3.517625,6.462346],[3.520543,6.462485],[3.521565,6.46333],[3.522362,6.464614],[3.52221,6.465389],[3.52063,6.4664],[3.518193,6.468362],[3.516876,6.468359],[3.514648,6.468439],[3.514285,6.469171],[3.514373,6.469554],[3.514379,6.471132],[3.513934,6.470964],[3.509635,6.470909],[3.507528,6.470571],[3.507084,6.470219],[3.507372,6.467307],[3.508198,6.466858],[3.508599,6.466698],[3.508632,6.466538],[3.508227,6.466099],[3.507999,6.465512],[3.507484,6.465392],[3.507383,6.465137],[3.507418,6.464766],[3.507758,6.464666],[3.508047,6.46485],[3.508335,6.464783],[3.508498,6.464169],[3.508816,6.46412],[3.508988,6.464317],[3.509031,6.465254],[3.509222,6.465716],[3.509441,6.465716],[3.509595,6.465331],[3.509485,6.464592],[3.509086,6.46354],[3.508985,6.462857],[3.508703,6.462714],[3.508621,6.461434],[3.508353,6.461041],[3.50725,6.461309],[3.506758,6.461327],[3.506444,6.46122],[3.506385,6.460688],[3.506447,6.460166],[3.506866,6.459753],[3.50774,6.459549],[3.508064,6.459396],[3.508202,6.4596],[3.508579,6.459582],[3.508799,6.459447],[3.508723,6.458976],[3.508394,6.457696],[3.507959,6.456878],[3.507412,6.456255],[3.507136,6.456406],[3.506438,6.455632],[3.506323,6.455746],[3.506504,6.456064],[3.506402,6.456288],[3.506674,6.456883],[3.50571,6.457237],[3.505206,6.457375],[3.503615,6.45715],[3.503432,6.456373],[3.502981,6.455755],[3.503171,6.455155],[3.503535,6.454607],[3.503166,6.454694],[3.5028,6.455066],[3.502289,6.455097],[3.500456,6.454996],[3.499426,6.454819],[3.498601,6.45457],[3.498457,6.454733],[3.498019,6.454856],[3.497525,6.454912],[3.497421,6.454751],[3.497487,6.454961],[3.497172,6.455092],[3.496947,6.455074],[3.495175,6.455657],[3.494879,6.455818],[3.494491,6.455944],[3.493728,6.456073],[3.492963,6.456492],[3.492557,6.456656],[3.492318,6.456719],[3.492032,6.456701],[3.490694,6.457256],[3.488135,6.457873],[3.486936,6.458236],[3.48569,6.458723],[3.483189,6.459534],[3.48374,6.460326],[3.484459,6.46102],[3.485434,6.460875],[3.484352,6.459502],[3.487262,6.458481],[3.491261,6.45722],[3.493729,6.456261],[3.494394,6.456095],[3.494708,6.456244],[3.494843,6.456728],[3.49475,6.4571],[3.494104,6.457477],[3.493637,6.458102],[3.493482,6.459608],[3.492203,6.45959],[3.490037,6.459262],[3.489752,6.459645],[3.488776,6.459572],[3.487805,6.459683],[3.487291,6.46056],[3.486366,6.461463],[3.485934,6.461627],[3.485547,6.461049],[3.484578,6.461173],[3.484837,6.461547],[3.485348,6.462529],[3.48585,6.463235],[3.486368,6.463768],[3.487324,6.464609],[3.48871,6.465323],[3.490077,6.465797],[3.491105,6.466065],[3.491657,6.465715],[3.491567,6.465546],[3.489557,6.46486],[3.487965,6.464007],[3.486302,6.462604],[3.486058,6.462228],[3.486029,6.461958],[3.486265,6.461773],[3.494558,6.461802],[3.494859,6.461627],[3.4948,6.458348],[3.494981,6.45819],[3.495162,6.458295],[3.495176,6.458954],[3.495439,6.459406],[3.495715,6.459534],[3.495871,6.460143],[3.495601,6.46153],[3.495872,6.461491],[3.496132,6.461763],[3.49701,6.461744],[3.497535,6.462037],[3.498199,6.462057],[3.498903,6.461939],[3.498988,6.466922],[3.498764,6.467058],[3.498627,6.466785],[3.497668,6.466284],[3.49717,6.466188],[3.497001,6.466342],[3.496603,6.467373],[3.496227,6.467],[3.492831,6.465885],[3.491965,6.465923],[3.491199,6.466369],[3.491128,6.46669],[3.491114,6.467042],[3.494258,6.46786],[3.495667,6.468088],[3.496356,6.468492],[3.497614,6.469095],[3.498062,6.469036],[3.498909,6.469338],[3.499049,6.469273],[3.499387,6.46853],[3.499378,6.468362],[3.498314,6.467969],[3.49825,6.467814],[3.498274,6.467608],[3.498452,6.467421],[3.498859,6.467557],[3.499134,6.467506],[3.499484,6.467032],[3.499773,6.467032],[3.499954,6.467779],[3.500158,6.468229],[3.50217,6.469057],[3.502122,6.469254],[3.501647,6.4692],[3.499683,6.468475],[3.499585,6.468514],[3.499193,6.469439],[3.50389,6.47112],[3.505001,6.471336],[3.50559,6.471533],[3.505591,6.472845],[3.505705,6.473677],[3.505578,6.474804],[3.505767,6.47502],[3.506107,6.474995],[3.5064,6.47484],[3.507111,6.475022],[3.507567,6.47502],[3.508105,6.475529],[3.508229,6.47576],[3.508322,6.476238],[3.508202,6.476624],[3.507977,6.476902],[3.507972,6.477265],[3.507826,6.477734],[3.507601,6.477805],[3.507353,6.478631],[3.507111,6.479153],[3.506746,6.479612],[3.506471,6.479833],[3.506114,6.479954],[3.504924,6.480055],[3.504415,6.479726],[3.503946,6.479753],[3.503324,6.479599],[3.502791,6.478935],[3.502389,6.478328],[3.502048,6.478112],[3.500589,6.478506],[3.500583,6.478905],[3.500493,6.479124],[3.500183,6.479157],[3.49996,6.479123],[3.499725,6.47935],[3.499607,6.479568],[3.499596,6.47975],[3.499484,6.480075],[3.499328,6.480171],[3.499097,6.48048],[3.49852,6.480885],[3.498126,6.480599],[3.497847,6.479792],[3.497789,6.479502],[3.497801,6.479044],[3.497408,6.478164],[3.497179,6.47675],[3.497195,6.474337],[3.497415,6.472616],[3.497388,6.472018],[3.497498,6.469648],[3.496292,6.468831],[3.49556,6.472704],[3.495587,6.474726],[3.495634,6.475006],[3.493872,6.475027],[3.493703,6.475064],[3.493497,6.474998],[3.493207,6.474654],[3.492968,6.474486],[3.492746,6.474459],[3.492268,6.474558],[3.491954,6.474521],[3.491402,6.474294],[3.490903,6.4739],[3.490533,6.47375],[3.490324,6.473772],[3.490206,6.4739],[3.490053,6.474212],[3.489999,6.474494],[3.490125,6.474659],[3.490434,6.474739],[3.490868,6.474731],[3.491311,6.474531],[3.491512,6.474518],[3.491933,6.474667],[3.492271,6.474707],[3.492668,6.47463],[3.492877,6.474659],[3.493105,6.474771],[3.493365,6.47507],[3.49354,6.475187],[3.493687,6.475227],[3.495406,6.475187],[3.495677,6.475318],[3.495821,6.475854],[3.495649,6.478522],[3.495068,6.479036],[3.495042,6.479968],[3.494918,6.480274],[3.492462,6.480492],[3.491009,6.480261],[3.490812,6.47927],[3.490604,6.479066],[3.490414,6.479327],[3.490339,6.480195],[3.487339,6.480736],[3.486628,6.481005],[3.486249,6.481544],[3.485462,6.482121],[3.484428,6.482149],[3.483839,6.481572],[3.483008,6.480896],[3.482926,6.478943],[3.482632,6.478068],[3.48205,6.477262],[3.481593,6.476902],[3.481572,6.476452],[3.481836,6.475799],[3.482396,6.475431],[3.482898,6.474155],[3.483352,6.473827],[3.48378,6.474089],[3.484476,6.473902],[3.4845,6.472974],[3.485265,6.470919],[3.486458,6.469616],[3.48878,6.468219],[3.490602,6.467238],[3.490841,6.466837],[3.490762,6.466486],[3.489578,6.466203],[3.489294,6.466259],[3.488662,6.466574],[3.487697,6.467193],[3.48703,6.467716],[3.48576,6.468912],[3.484551,6.470549],[3.484494,6.470882],[3.483962,6.471626],[3.483674,6.471557],[3.482844,6.471017],[3.481356,6.469622],[3.480164,6.468345],[3.479876,6.468456],[3.479096,6.466928],[3.478535,6.466097],[3.478513,6.465424],[3.477691,6.464569],[3.477542,6.464139],[3.477739,6.463427],[3.476225,6.461935],[3.476169,6.461393],[3.475811,6.460866],[3.475498,6.460498],[3.47549,6.460244],[3.475402,6.460008],[3.475262,6.459814],[3.474158,6.460383],[3.473443,6.460591],[3.472048,6.460104],[3.47198,6.460165],[3.471742,6.460046],[3.47137,6.460066],[3.470182,6.460329],[3.470055,6.460416],[3.469442,6.460603],[3.468635,6.460763],[3.467993,6.460759],[3.467724,6.460862],[3.467077,6.460928],[3.464868,6.462437],[3.463297,6.463242],[3.462366,6.463773],[3.462133,6.464652],[3.461672,6.464954],[3.46111,6.464758],[3.460892,6.464826],[3.460759,6.465146],[3.46096,6.465463],[3.46027,6.465767],[3.46022,6.465674],[3.46016,6.46573],[3.459647,6.465858],[3.459647,6.465922],[3.458334,6.466166],[3.458206,6.466302],[3.458042,6.466332],[3.45793,6.466215],[3.457659,6.46624],[3.457494,6.466412],[3.45701,6.46649],[3.457024,6.46641],[3.456446,6.466485],[3.456461,6.466535],[3.451099,6.467613],[3.45107,6.467778],[3.450555,6.467876],[3.450531,6.467769],[3.450392,6.467684],[3.450074,6.467759],[3.449715,6.467959],[3.449044,6.468096],[3.449059,6.468164],[3.447184,6.468546],[3.446633,6.468812],[3.446038,6.46887],[3.44601,6.468768],[3.445362,6.468822],[3.445025,6.468641],[3.44482,6.468456],[3.44479,6.468317],[3.444615,6.468014],[3.444555,6.468048],[3.444498,6.467926],[3.44434,6.467399],[3.444231,6.466619],[3.443672,6.466276],[3.443923,6.465857],[3.444139,6.465726],[3.444175,6.465621],[3.444343,6.465512],[3.444316,6.465385],[3.44489,6.465083],[3.445131,6.464897],[3.44475,6.46462],[3.445229,6.464199],[3.445763,6.463858],[3.445856,6.463968],[3.446652,6.463399],[3.446963,6.463905],[3.44711,6.46384],[3.446706,6.46303],[3.446156,6.463271],[3.445364,6.463779],[3.445151,6.46398],[3.444915,6.464126],[3.444696,6.46416],[3.444534,6.464279],[3.444445,6.464289],[3.444383,6.464412],[3.44439,6.464504],[3.444137,6.464858],[3.44377,6.465088],[3.443189,6.465328],[3.443336,6.465643],[3.442939,6.465831],[3.441792,6.466676],[3.441704,6.466892],[3.441363,6.468652],[3.441203,6.468665],[3.441036,6.468794],[3.440992,6.4693],[3.440862,6.46947],[3.440696,6.469552],[3.440523,6.469564],[3.440298,6.469502],[3.439892,6.469204],[3.439647,6.46889],[3.439611,6.468636],[3.439753,6.468502],[3.440381,6.46571],[3.440486,6.465602],[3.440248,6.465424],[3.439854,6.466001],[3.439104,6.467658],[3.438646,6.467486],[3.438448,6.467474],[3.438014,6.467668],[3.437693,6.467698],[3.437492,6.467504],[3.437343,6.467204],[3.437331,6.466708],[3.437175,6.466759],[3.437066,6.466916],[3.436952,6.466844],[3.436994,6.466608],[3.436889,6.466423],[3.436868,6.46627],[3.437378,6.465754],[3.437768,6.465525],[3.438026,6.465147],[3.437275,6.464664],[3.436866,6.465202],[3.436501,6.464681],[3.43612,6.463643],[3.435885,6.463564],[3.435597,6.463693],[3.43549,6.4638],[3.435088,6.46402],[3.434367,6.464301],[3.434402,6.464393],[3.433168,6.464752],[3.432664,6.464735],[3.432294,6.464875],[3.4321,6.464874],[3.431798,6.464651],[3.43139,6.46449],[3.431216,6.464541],[3.430364,6.464495],[3.42921,6.465284],[3.428268,6.466362],[3.428218,6.466469],[3.427906,6.466757],[3.427967,6.466793],[3.427713,6.467046],[3.427609,6.466954],[3.427175,6.467356],[3.427322,6.467472],[3.427228,6.467598],[3.426945,6.467702],[3.426616,6.467778],[3.426334,6.467682],[3.425661,6.467637],[3.425535,6.467559],[3.424883,6.467631],[3.424017,6.46783],[3.42304,6.467938],[3.422719,6.468018],[3.422694,6.467926],[3.422024,6.467986],[3.421447,6.467756],[3.420882,6.46731],[3.420893,6.467266],[3.42065,6.467046],[3.420759,6.466905],[3.420558,6.466676],[3.420499,6.46674],[3.42016,6.466434],[3.419861,6.465944],[3.41998,6.465882],[3.419912,6.465764],[3.41972,6.465656],[3.419436,6.465699],[3.418829,6.465395],[3.418744,6.465079],[3.418409,6.465021],[3.417754,6.464695],[3.417595,6.464494],[3.416813,6.464064],[3.416647,6.464051],[3.416645,6.464176],[3.415437,6.463899],[3.415438,6.463995],[3.415146,6.463994],[3.415129,6.463714],[3.414165,6.463704],[3.413989,6.463591],[3.413936,6.463688],[3.411908,6.462517],[3.411137,6.462233],[3.41047,6.462308],[3.410283,6.462158],[3.41001,6.462204],[3.40998,6.462366],[3.409523,6.462388],[3.409266,6.462299],[3.409144,6.462165],[3.40901,6.461893],[3.408602,6.461814],[3.408372,6.461826],[3.408328,6.462109],[3.407914,6.462236],[3.407442,6.462225],[3.406947,6.46208],[3.40596,6.462173],[3.405986,6.461849],[3.405614,6.461802],[3.405355,6.461709],[3.40533,6.462204],[3.40507,6.462208],[3.404402,6.462071],[3.404002,6.462066],[3.403826,6.461902],[3.403679,6.46161],[3.40372,6.460545],[3.403942,6.459458],[3.40386,6.459289],[3.40353,6.459304],[3.40327,6.45951],[3.403068,6.459819],[3.4028,6.460665],[3.402339,6.46152],[3.402108,6.461584],[3.401607,6.461823],[3.401108,6.461786],[3.400976,6.46173],[3.400823,6.461459],[3.400037,6.461081],[3.399541,6.460192],[3.398925,6.458497],[3.398841,6.458427],[3.398656,6.458397],[3.398589,6.458426],[3.39864,6.458503],[3.39883,6.45854],[3.398887,6.458604],[3.39934,6.459923],[3.399844,6.461002],[3.397675,6.459979],[3.397242,6.459717],[3.396916,6.459392],[3.396191,6.458794],[3.396078,6.458743],[3.395955,6.458754],[3.395192,6.459316],[3.395033,6.459368],[3.394035,6.459348],[3.394107,6.459433],[3.39478,6.459487],[3.395087,6.459456],[3.395325,6.459367],[3.39598,6.458872],[3.397086,6.459716],[3.397881,6.460222],[3.400742,6.461563],[3.400813,6.461644],[3.400859,6.461796],[3.401021,6.461904],[3.401336,6.461906],[3.401558,6.462056],[3.401492,6.462277],[3.401535,6.462485],[3.401799,6.462973],[3.401277,6.463154],[3.400729,6.463482],[3.400434,6.463947],[3.400043,6.464244],[3.399644,6.464708],[3.399378,6.464904],[3.398864,6.465171],[3.3983,6.465195],[3.39633,6.465687],[3.395142,6.465847],[3.393434,6.466182],[3.393107,6.466144],[3.392168,6.466344],[3.39175,6.466163],[3.391661,6.466059],[3.390146,6.466016],[3.388604,6.465747],[3.386743,6.468154],[3.384952,6.470649],[3.384846,6.470744],[3.384806,6.470934],[3.384854,6.471235],[3.385045,6.471737],[3.385104,6.472071],[3.385062,6.472687],[3.384919,6.473506],[3.384753,6.473977],[3.384514,6.47431],[3.384586,6.474804],[3.384682,6.474976],[3.383166,6.476335],[3.38266,6.47702],[3.382444,6.477226],[3.382556,6.477448],[3.382859,6.477146],[3.38352,6.476323],[3.383892,6.475974],[3.384872,6.475225],[3.384995,6.47524],[3.385107,6.475317],[3.385514,6.475759],[3.385581,6.475783],[3.385777,6.475733],[3.385906,6.475767],[3.386322,6.476035],[3.386959,6.476176],[3.387023,6.476252],[3.387018,6.476588],[3.387061,6.476611],[3.387259,6.476543],[3.38743,6.476587],[3.387462,6.476671],[3.387427,6.476851],[3.38749,6.476946],[3.387626,6.476778],[3.387932,6.476787],[3.388097,6.476721],[3.388189,6.476801],[3.388083,6.47703],[3.388107,6.477113],[3.388152,6.477128],[3.388241,6.477092],[3.388437,6.476879],[3.388544,6.4769],[3.388689,6.477188],[3.388721,6.477513],[3.389811,6.478434],[3.390096,6.478742],[3.390562,6.479666],[3.390903,6.480177],[3.391169,6.480814],[3.391411,6.48107],[3.391775,6.482134],[3.392314,6.48294],[3.392475,6.483709],[3.392657,6.483704],[3.392813,6.483792],[3.393086,6.484367],[3.392987,6.484549],[3.392791,6.484714],[3.392538,6.484774],[3.39233,6.484663],[3.392349,6.485633],[3.392474,6.485853],[3.39267,6.486772],[3.392589,6.487697],[3.392637,6.487918],[3.393063,6.488071],[3.393804,6.487689],[3.394373,6.487241],[3.394614,6.486767],[3.394748,6.486132],[3.394437,6.486335],[3.394384,6.486825],[3.394148,6.487102],[3.393724,6.486863],[3.393627,6.486128],[3.393665,6.485653],[3.393938,6.485286],[3.39404,6.484768],[3.394856,6.483798],[3.395371,6.483915],[3.39566,6.484512],[3.396132,6.48512],[3.396948,6.486666],[3.397366,6.487134],[3.397742,6.487721],[3.397752,6.488296],[3.397645,6.488787],[3.397034,6.488776],[3.396476,6.488851],[3.396005,6.488726],[3.395745,6.48879],[3.395609,6.488974],[3.395576,6.489162],[3.395616,6.489305],[3.395471,6.48966],[3.395926,6.490311],[3.396455,6.491195],[3.396645,6.491352],[3.396694,6.491725],[3.39688,6.491924],[3.3968,6.492062],[3.396191,6.492226],[3.395912,6.491966],[3.395998,6.491668],[3.39613,6.491428],[3.395876,6.491357],[3.395613,6.491073],[3.395492,6.490809],[3.394721,6.490223],[3.394734,6.489894],[3.394888,6.489815],[3.395017,6.489573],[3.394963,6.489482],[3.395029,6.489417],[3.395158,6.489425],[3.395391,6.489542],[3.395492,6.48927],[3.395503,6.488991],[3.395713,6.488545],[3.395585,6.488318],[3.394834,6.488041],[3.394544,6.488041],[3.394233,6.48819],[3.394094,6.488488],[3.393761,6.488616],[3.39301,6.489064],[3.392646,6.488936],[3.392518,6.488496],[3.392018,6.489065],[3.391402,6.48983],[3.391707,6.490146],[3.392108,6.490143],[3.392313,6.490374],[3.392218,6.490944],[3.391889,6.491449],[3.391278,6.49219],[3.391216,6.492495],[3.391299,6.49255],[3.391327,6.492658],[3.391149,6.492759],[3.391047,6.492728],[3.390998,6.492635],[3.390576,6.492603],[3.390426,6.492678],[3.39041,6.492766],[3.390467,6.492867],[3.390713,6.492963],[3.39113,6.493004],[3.391495,6.493116],[3.392054,6.492704],[3.392569,6.492098],[3.393286,6.491522],[3.393552,6.491659],[3.393613,6.491796],[3.393859,6.491986],[3.393749,6.492246],[3.393855,6.492264],[3.393765,6.492408],[3.393778,6.492684],[3.394118,6.493202],[3.394093,6.493298],[3.394176,6.49344],[3.394335,6.493575],[3.394148,6.493837],[3.394218,6.493915],[3.394196,6.494003],[3.394291,6.494014],[3.394284,6.494076],[3.394381,6.494165],[3.394687,6.494315],[3.39482,6.494582],[3.394551,6.494694],[3.394474,6.494794],[3.394528,6.494863],[3.394971,6.494536],[3.395045,6.494797],[3.395024,6.494866],[3.395668,6.496509],[3.395684,6.496591],[3.395577,6.496651],[3.39582,6.496948],[3.395968,6.497641],[3.395916,6.497732],[3.395927,6.497994],[3.395986,6.498069],[3.395955,6.498152],[3.396039,6.498144],[3.396197,6.498662],[3.396249,6.499052],[3.396457,6.499264],[3.396541,6.499561],[3.396876,6.499545],[3.397242,6.499617],[3.397334,6.499753],[3.397374,6.500148],[3.397486,6.500225],[3.39758,6.500385],[3.397726,6.50102],[3.397723,6.501336],[3.397381,6.503511],[3.397545,6.50595],[3.397676,6.50683],[3.397919,6.507738],[3.397912,6.508311],[3.398096,6.509117],[3.398229,6.509972],[3.398465,6.510454],[3.398879,6.510814],[3.399222,6.511316],[3.399276,6.512105],[3.399493,6.512782],[3.39967,6.512915],[3.399719,6.513278],[3.39989,6.513518],[3.400596,6.51412],[3.400888,6.51465],[3.400861,6.514885],[3.400961,6.515015],[3.400926,6.514514],[3.400859,6.514269],[3.40043,6.513726],[3.399925,6.513294],[3.400006,6.51259],[3.40018,6.511797],[3.401282,6.511706],[3.401923,6.512501],[3.403659,6.513739],[3.404134,6.513883],[3.404624,6.514274],[3.404885,6.514573],[3.405113,6.515063],[3.405123,6.515164],[3.405016,6.515342],[3.404486,6.515821],[3.403538,6.516608],[3.402889,6.517011],[3.402672,6.517404],[3.402246,6.518624],[3.40122,6.519998],[3.400837,6.521142],[3.400251,6.521858],[3.400073,6.522205],[3.399646,6.522352],[3.399284,6.522408],[3.398681,6.522392],[3.398373,6.522427],[3.39816,6.522191],[3.398139,6.521897],[3.39805,6.52156],[3.398189,6.521053],[3.398088,6.521006],[3.397825,6.521416],[3.397747,6.521432],[3.396653,6.521224],[3.396484,6.521275],[3.396114,6.521259],[3.395964,6.521182],[3.395846,6.521001],[3.395872,6.52054],[3.395998,6.520505],[3.396033,6.520356],[3.396127,6.520358],[3.396323,6.519452],[3.396252,6.519311],[3.396139,6.519299],[3.39586,6.519063],[3.39587,6.518935],[3.395828,6.518886],[3.395888,6.518855],[3.395893,6.518789],[3.395832,6.518702],[3.39584,6.518624],[3.395757,6.518605],[3.39421,6.518941],[3.394413,6.519274],[3.394086,6.519507],[3.391485,6.520993],[3.391094,6.520956],[3.391,6.520851],[3.390975,6.520628],[3.391074,6.520281],[3.391482,6.519948],[3.391506,6.519842],[3.391332,6.519732],[3.391385,6.519392],[3.39136,6.5193],[3.391295,6.51925],[3.390859,6.51937],[3.390482,6.519348],[3.389908,6.519237],[3.389576,6.519532],[3.389051,6.519689],[3.388752,6.519591],[3.38861,6.519333],[3.388404,6.519528],[3.388207,6.520146],[3.38774,6.520302],[3.387462,6.520335],[3.386913,6.520698],[3.387309,6.52091],[3.38748,6.52152],[3.387572,6.522195],[3.387411,6.523175],[3.387627,6.523219],[3.387921,6.523651],[3.388429,6.523657],[3.388972,6.523764],[3.389385,6.523605],[3.390079,6.523761],[3.39128,6.523763],[3.391428,6.523868],[3.391875,6.523937],[3.392127,6.523873],[3.392869,6.523544],[3.393175,6.523549],[3.393379,6.523684],[3.393661,6.524004],[3.394594,6.523905],[3.394749,6.523739],[3.395486,6.523549],[3.397395,6.523513],[3.397542,6.523299],[3.397835,6.523344],[3.398437,6.523912],[3.398671,6.523977],[3.399938,6.524058],[3.399968,6.524255],[3.400056,6.524426],[3.399894,6.524554],[3.399452,6.52467],[3.399778,6.52465],[3.400038,6.524528],[3.400165,6.524646],[3.40032,6.525252],[3.400306,6.525689],[3.400259,6.525749],[3.400279,6.525933],[3.399976,6.526036],[3.399204,6.526179],[3.399254,6.526288],[3.400109,6.52621],[3.400207,6.526302],[3.400221,6.526423],[3.400376,6.526728],[3.400312,6.527299],[3.400017,6.527578],[3.400097,6.527817],[3.399918,6.528283],[3.400036,6.528314],[3.400032,6.52845],[3.399921,6.528454],[3.400306,6.529033],[3.400186,6.529318],[3.400311,6.52979],[3.400501,6.52999],[3.400668,6.53032],[3.400867,6.530884],[3.400797,6.531367],[3.400705,6.531562],[3.400586,6.531665],[3.400546,6.531865],[3.400586,6.532087],[3.400548,6.532398],[3.400642,6.532668],[3.400669,6.532934],[3.400916,6.533403],[3.401104,6.533543],[3.401079,6.533919],[3.40147,6.533216],[3.401679,6.533065],[3.402315,6.532259],[3.402496,6.532192],[3.403368,6.532593],[3.404186,6.532699],[3.404486,6.532987],[3.405172,6.533277],[3.405402,6.534392],[3.40572,6.535227],[3.40559,6.535695],[3.405589,6.536204],[3.405704,6.536947],[3.405809,6.53718],[3.405915,6.537179],[3.406014,6.53732],[3.406038,6.537892],[3.406019,6.53805],[3.405901,6.538138],[3.405693,6.538209],[3.40553,6.538929],[3.405411,6.539968],[3.405416,6.540305],[3.405366,6.540462],[3.405388,6.540552],[3.405444,6.540632],[3.406808,6.540851],[3.407604,6.540544],[3.408125,6.54055],[3.408543,6.540749],[3.408597,6.540875],[3.408361,6.54125],[3.407714,6.541778],[3.407457,6.541935],[3.407103,6.542002],[3.406915,6.542162],[3.406749,6.542532],[3.406556,6.542745],[3.406349,6.542828],[3.406408,6.54307],[3.406379,6.54323],[3.406642,6.54419],[3.406699,6.544529],[3.406692,6.544777],[3.406839,6.544994],[3.406847,6.545514],[3.407149,6.545898],[3.407507,6.546105],[3.407644,6.546257],[3.407861,6.546923],[3.407371,6.547197],[3.407339,6.547518],[3.407178,6.547598],[3.407014,6.547891],[3.407138,6.548235],[3.407478,6.548349],[3.407881,6.548211],[3.408303,6.548297],[3.408562,6.549149],[3.408342,6.549692],[3.407828,6.549919],[3.407599,6.550356],[3.407727,6.552086],[3.407327,6.552638],[3.406504,6.553308],[3.406314,6.553318],[3.405974,6.553821],[3.405746,6.554286],[3.405837,6.55443],[3.405746,6.554718],[3.405542,6.554734],[3.405278,6.555041],[3.404999,6.555224],[3.40472,6.555558],[3.404847,6.556397],[3.404764,6.55718],[3.404775,6.557745],[3.404314,6.558216],[3.403865,6.558449],[3.403653,6.558463],[3.403539,6.55861],[3.403622,6.559255],[3.403398,6.559642],[3.403518,6.559701],[3.40368,6.560164],[3.40376,6.560271],[3.403255,6.561022],[3.402854,6.561401],[3.402642,6.56179],[3.402482,6.561872],[3.402485,6.561985],[3.402293,6.562254],[3.402132,6.562692],[3.401825,6.562953],[3.401678,6.563243],[3.401571,6.563613],[3.40165,6.563717],[3.401717,6.563926],[3.401942,6.564133],[3.401647,6.564705],[3.401725,6.564829],[3.402257,6.564444],[3.402636,6.564305],[3.403231,6.564665],[3.403648,6.565159],[3.403578,6.565366],[3.403139,6.565691],[3.40279,6.56575],[3.402291,6.565968],[3.401991,6.566186],[3.401964,6.566506],[3.402055,6.566746],[3.402253,6.566847],[3.402457,6.566831],[3.402436,6.567151],[3.402811,6.567034],[3.403026,6.566608],[3.403509,6.56649],[3.403294,6.565963],[3.40347,6.565749],[3.40385,6.565686],[3.404252,6.565795],[3.404364,6.566033],[3.404459,6.56608],[3.404453,6.566199],[3.404577,6.566315],[3.404835,6.566315],[3.405029,6.565708],[3.405167,6.565617],[3.405401,6.565578],[3.406273,6.564886],[3.406525,6.564866],[3.406642,6.564682],[3.406932,6.564476],[3.407013,6.564616],[3.407213,6.564127],[3.407319,6.56405],[3.407496,6.564086],[3.407789,6.564394],[3.408246,6.565035],[3.407934,6.56543],[3.407001,6.56624],[3.406346,6.566549],[3.406153,6.56737],[3.40625,6.567796],[3.406722,6.568308],[3.407012,6.568329],[3.408224,6.567338],[3.408567,6.566933],[3.408782,6.566783],[3.408514,6.566314],[3.40876,6.566186],[3.408964,6.566261],[3.409394,6.567007],[3.408846,6.567498],[3.407462,6.568489],[3.407602,6.56883],[3.408299,6.569448],[3.409886,6.568301],[3.409034,6.567679],[3.40912,6.567508],[3.409495,6.56721],[3.410202,6.567715],[3.410813,6.568262],[3.410676,6.567785],[3.409731,6.56673],[3.40957,6.566368],[3.410086,6.566424],[3.410021,6.565877],[3.410461,6.565142],[3.410241,6.565041],[3.409855,6.565073],[3.40897,6.564812],[3.40853,6.564598],[3.408532,6.564257],[3.408843,6.564041],[3.409524,6.563886],[3.410034,6.56392],[3.410274,6.564061],[3.410342,6.564253],[3.410068,6.564364],[3.410076,6.564624],[3.411701,6.565064],[3.411916,6.565105],[3.412121,6.564968],[3.412554,6.565103],[3.414092,6.565855],[3.414568,6.56616],[3.414903,6.565934],[3.415262,6.565861],[3.415745,6.566075],[3.415697,6.566277],[3.415289,6.56649],[3.414978,6.566927],[3.415031,6.567114],[3.415279,6.567205],[3.416314,6.567743],[3.416163,6.566719],[3.416324,6.566226],[3.416719,6.565682],[3.417701,6.56481],[3.41841,6.564049],[3.418873,6.56364],[3.419093,6.56304],[3.419432,6.56304],[3.419875,6.563306],[3.420546,6.563296],[3.420983,6.563219],[3.421176,6.563316],[3.421384,6.563322],[3.421563,6.562902],[3.421407,6.562404],[3.421645,6.562138],[3.421836,6.561665],[3.421705,6.560676],[3.421834,6.560135],[3.422079,6.559448],[3.422514,6.559229],[3.42435,6.559877],[3.42544,6.559825],[3.426359,6.559416],[3.42757,6.559523],[3.428315,6.559652],[3.428834,6.560146],[3.429579,6.560575],[3.430936,6.560998],[3.431241,6.56152],[3.431239,6.562358],[3.431109,6.563058],[3.431763,6.56461],[3.433029,6.56586],[3.434083,6.566782],[3.434721,6.567562],[3.434719,6.568426],[3.434536,6.569346],[3.433915,6.570411],[3.434247,6.571194],[3.434087,6.571774],[3.434114,6.572553],[3.434478,6.573489],[3.434744,6.575033],[3.434422,6.576054],[3.43411,6.576788],[3.43442,6.577705],[3.434388,6.578075],[3.434225,6.578524],[3.434587,6.579174],[3.43447,6.579581],[3.434117,6.580349],[3.434901,6.580498],[3.435616,6.581072],[3.436147,6.581399],[3.436865,6.581571],[3.436995,6.581852],[3.437424,6.581828],[3.437833,6.580592],[3.438075,6.579541],[3.438285,6.579379],[3.439462,6.579475],[3.440124,6.58016],[3.440542,6.580173],[3.441172,6.581158],[3.441439,6.581901],[3.442436,6.582429],[3.441877,6.586451],[3.441798,6.587915],[3.442119,6.589092],[3.44239,6.58959],[3.442674,6.590367],[3.443211,6.590212],[3.443547,6.589692],[3.44362,6.589206],[3.444043,6.588456],[3.444261,6.588269],[3.445576,6.588342],[3.446371,6.588697],[3.446354,6.589166],[3.446655,6.590077],[3.446703,6.590503],[3.446649,6.590866],[3.446896,6.590492],[3.447422,6.590834],[3.447298,6.590397],[3.447352,6.590056],[3.447816,6.588903],[3.44907,6.588787],[3.450004,6.58886],[3.450506,6.589219],[3.451349,6.589127],[3.451424,6.588779],[3.452112,6.588673],[3.452358,6.589573],[3.4527,6.590113],[3.453621,6.590125],[3.454266,6.590341],[3.454455,6.590829],[3.454553,6.591314],[3.454534,6.591742],[3.455593,6.591925],[3.457068,6.591952],[3.458428,6.591884],[3.459037,6.591949],[3.459632,6.592232],[3.460162,6.592623],[3.460312,6.592823],[3.46009,6.59337],[3.460426,6.593608],[3.460608,6.593564],[3.461224,6.594417],[3.461262,6.595384],[3.461434,6.595512],[3.461704,6.595159],[3.462326,6.595168],[3.462636,6.595708],[3.462684,6.596286],[3.462516,6.596629],[3.46264,6.597168],[3.463173,6.59786],[3.463869,6.598102],[3.46451,6.598068],[3.46443,6.598542],[3.463968,6.599091],[3.462024,6.599816],[3.461181,6.599578],[3.460512,6.599999],[3.460327,6.600717],[3.459447,6.601308],[3.459385,6.601905],[3.459885,6.602334],[3.460584,6.602138],[3.461445,6.602507],[3.463059,6.60283],[3.463639,6.602854],[3.464281,6.602342],[3.464346,6.602413],[3.464304,6.602482],[3.463767,6.602962],[3.463547,6.603442],[3.463488,6.603815],[3.463628,6.604081],[3.463826,6.604209],[3.463992,6.604023],[3.464078,6.603804],[3.46425,6.603793],[3.464545,6.604337],[3.464792,6.604561],[3.465022,6.604518],[3.465253,6.604108],[3.46521,6.603724],[3.464802,6.603245],[3.464684,6.602744],[3.464953,6.602893],[3.465393,6.603234],[3.466208,6.604449],[3.466455,6.605035],[3.46653,6.605483],[3.466422,6.60641],[3.466369,6.607945],[3.465993,6.609394],[3.466262,6.609287],[3.466154,6.609501],[3.465436,6.610481],[3.464985,6.611195],[3.464888,6.611589],[3.4655,6.611536],[3.466294,6.610993],[3.467517,6.610028],[3.467635,6.609618],[3.467844,6.609442],[3.468515,6.609128],[3.468783,6.609224],[3.469008,6.609655],[3.469062,6.610342],[3.469421,6.610481],[3.469443,6.610358],[3.469282,6.610204],[3.469303,6.610018],[3.469448,6.609884],[3.469641,6.609954],[3.469748,6.610071],[3.470226,6.610172],[3.470757,6.608733],[3.471175,6.608168],[3.471786,6.607615],[3.472216,6.608072],[3.472404,6.608509],[3.472162,6.608659],[3.471969,6.608861],[3.471808,6.609138],[3.471513,6.609287],[3.471551,6.609906],[3.471256,6.610033],[3.470891,6.610113],[3.470666,6.610348],[3.470392,6.610907],[3.470355,6.611206],[3.470746,6.611094],[3.471111,6.610934],[3.47125,6.610769],[3.471385,6.610811],[3.471594,6.611302],[3.471717,6.61128],[3.471696,6.611072],[3.471841,6.610209],[3.472318,6.609394],[3.472307,6.608904],[3.472468,6.608818],[3.472618,6.608946],[3.47264,6.60949],[3.472704,6.609804],[3.472779,6.609847],[3.473015,6.609863],[3.473257,6.60981],[3.473439,6.609655],[3.473375,6.609064],[3.473268,6.608776],[3.473466,6.608557],[3.473777,6.608334],[3.474024,6.608232],[3.474973,6.608003],[3.475295,6.608003],[3.475467,6.608088],[3.475784,6.608408],[3.475971,6.608685],[3.475939,6.60925],[3.47603,6.609511],[3.476202,6.609532],[3.476336,6.609836],[3.476454,6.609847],[3.476631,6.609943],[3.477387,6.609772],[3.477554,6.609548],[3.4775,6.609106],[3.477296,6.608659],[3.477122,6.608405],[3.477333,6.608383],[3.477452,6.608173],[3.47773,6.608096],[3.478872,6.607948],[3.479314,6.607843],[3.479773,6.607636],[3.480316,6.607283],[3.480929,6.60697],[3.481662,6.606334],[3.481797,6.606048],[3.481555,6.605999],[3.48257,6.602175],[3.479453,6.598036],[3.48009,6.597696],[3.48067,6.5973],[3.480949,6.597071],[3.481021,6.596855],[3.481251,6.596837],[3.484929,6.601699],[3.484859,6.601757],[3.485013,6.602159],[3.485265,6.60213],[3.485344,6.602187],[3.48642,6.601543],[3.486448,6.601589],[3.486647,6.601476],[3.48679,6.601122],[3.486938,6.601035],[3.487018,6.601133],[3.487374,6.600977],[3.487648,6.601138],[3.487688,6.600851],[3.48834,6.599744],[3.487994,6.59949],[3.488038,6.598939],[3.48824,6.598765],[3.488399,6.598242],[3.487909,6.597132],[3.487431,6.596743],[3.487198,6.596326],[3.487204,6.5957],[3.487,6.595248],[3.486742,6.593375],[3.486152,6.592323],[3.48635,6.590604],[3.486108,6.590109],[3.485697,6.589738],[3.485529,6.589243],[3.485623,6.588661],[3.485338,6.588364],[3.484882,6.58729],[3.484461,6.586858],[3.484059,6.585203],[3.483973,6.58456],[3.48364,6.584278],[3.483031,6.583589],[3.482752,6.583165],[3.482537,6.582134],[3.482176,6.581792],[3.482165,6.581334],[3.48195,6.580775],[3.481682,6.580399],[3.48149,6.5799],[3.481223,6.579555],[3.480328,6.578612],[3.479803,6.577901],[3.479537,6.577677],[3.478881,6.577346],[3.477845,6.576575],[3.476999,6.57633],[3.476556,6.575758],[3.476629,6.575266],[3.47631,6.57484],[3.476049,6.573666],[3.475923,6.57259],[3.475609,6.571129],[3.475609,6.570706],[3.475742,6.570481],[3.475679,6.569851],[3.475528,6.569099],[3.474691,6.568094],[3.474259,6.567654],[3.473732,6.567402],[3.473658,6.567098],[3.4732,6.566322],[3.47313,6.565992],[3.472886,6.565738],[3.472644,6.565695],[3.472491,6.565233],[3.471945,6.564177],[3.471834,6.563824],[3.471029,6.562727],[3.470567,6.56219],[3.470328,6.561326],[3.470202,6.56021],[3.46992,6.55933],[3.470001,6.559112],[3.470049,6.558736],[3.469966,6.55837],[3.470141,6.558504],[3.470462,6.557233],[3.470548,6.556727],[3.470593,6.555958],[3.470849,6.555284],[3.470957,6.554637],[3.471117,6.554356],[3.471512,6.553966],[3.471603,6.553825],[3.471613,6.553721],[3.471767,6.553526],[3.474075,6.55114],[3.474254,6.55088],[3.474304,6.550648],[3.474264,6.550329],[3.474603,6.550142],[3.474869,6.549879],[3.475076,6.54948],[3.476002,6.548691],[3.476242,6.548377],[3.476636,6.547685],[3.476878,6.547388],[3.477673,6.546589],[3.478401,6.545938],[3.478979,6.545453],[3.479514,6.545132],[3.48002,6.544724],[3.482682,6.542258],[3.484273,6.540874],[3.485635,6.540037],[3.486,6.53998],[3.486364,6.539848],[3.488342,6.538709],[3.489631,6.53785],[3.489972,6.53769],[3.490447,6.537521],[3.491581,6.536992],[3.492015,6.536907],[3.492378,6.536874],[3.492924,6.536988],[3.493203,6.536987],[3.493368,6.536813],[3.493675,6.53696],[3.493744,6.537484],[3.494071,6.53749],[3.494368,6.537216],[3.495117,6.537018],[3.495416,6.53715],[3.495704,6.537552],[3.496284,6.537942],[3.497221,6.537959],[3.497418,6.537853],[3.497614,6.537896],[3.498067,6.538159],[3.498696,6.538696],[3.498848,6.539228],[3.499086,6.539412],[3.499499,6.539499],[3.500958,6.53934],[3.501739,6.539113],[3.501856,6.539145],[3.505479,6.537678],[3.505644,6.53767],[3.508709,6.536271],[3.510178,6.535382],[3.511816,6.534114],[3.512614,6.53369],[3.513028,6.533697],[3.514782,6.532511],[3.515285,6.532325],[3.515852,6.531682],[3.516504,6.531601],[3.517305,6.531695],[3.51834,6.531292],[3.519177,6.53113],[3.519455,6.531178],[3.51989,6.530884],[3.520163,6.530581],[3.520818,6.530447],[3.521156,6.530415],[3.52147,6.530444],[3.521957,6.530888],[3.522442,6.530907],[3.52285,6.530752],[3.523328,6.53065],[3.524225,6.530123],[3.52553,6.529451],[3.525989,6.529312],[3.526295,6.529271],[3.526477,6.529302],[3.526633,6.52926],[3.526912,6.529646],[3.527218,6.529813],[3.527475,6.530058],[3.527931,6.530357],[3.528473,6.530357],[3.528612,6.530224],[3.528832,6.53017],[3.529514,6.530405],[3.530302,6.530943],[3.530356,6.531268],[3.53013,6.531641],[3.530264,6.531982],[3.530774,6.532323],[3.531429,6.532377],[3.531815,6.532212],[3.532115,6.532142],[3.532618,6.532347],[3.533928,6.533043],[3.534402,6.533024],[3.534594,6.533277],[3.534384,6.533459],[3.534551,6.53372],[3.53454,6.533896],[3.535382,6.534796],[3.535677,6.534855],[3.535817,6.534924],[3.536117,6.535249],[3.53653,6.535351],[3.536664,6.535271],[3.537179,6.53559],[3.537964,6.535727],[3.538552,6.536507],[3.539116,6.536896],[3.540426,6.537459],[3.542254,6.538946],[3.542558,6.539033],[3.542913,6.538912],[3.543098,6.539121],[3.544058,6.539338],[3.544453,6.539316],[3.545054,6.539103],[3.547518,6.53842],[3.548483,6.537917],[3.550393,6.537185],[3.5508,6.53698],[3.551115,6.53687],[3.551473,6.536884],[3.552094,6.536744],[3.552998,6.536235],[3.553929,6.535558],[3.554247,6.535442],[3.555025,6.535506],[3.555223,6.535487],[3.555629,6.535349],[3.555968,6.535105],[3.556203,6.535078],[3.556755,6.535148],[3.557537,6.535654],[3.558216,6.535826],[3.559231,6.535878],[3.559464,6.536544],[3.559865,6.536806],[3.562115,6.538759],[3.562714,6.539145],[3.562867,6.539374],[3.563004,6.539755],[3.563245,6.53999],[3.563663,6.540128],[3.564398,6.540216],[3.564978,6.540486],[3.56545,6.540616],[3.565718,6.540542],[3.566308,6.541021],[3.567456,6.54165],[3.56795,6.542567],[3.5681,6.543296],[3.569065,6.54408],[3.56869,6.544922],[3.569072,6.546756],[3.569906,6.548992],[3.570743,6.549789],[3.571592,6.550726],[3.572236,6.551499],[3.572496,6.552061],[3.573378,6.552416],[3.574527,6.554298],[3.575428,6.555176],[3.576318,6.555805],[3.577022,6.556115],[3.577398,6.556907],[3.578163,6.557728],[3.578689,6.558968],[3.579529,6.559874],[3.580599,6.5609],[3.581345,6.561481],[3.58238,6.56204],[3.583045,6.562658],[3.584397,6.563362],[3.585266,6.56349],[3.586117,6.563753],[3.586287,6.563862],[3.586553,6.563957],[3.586819,6.564016],[3.587072,6.564002],[3.588015,6.563846],[3.58872,6.563639],[3.589289,6.563416],[3.589309,6.563337],[3.589774,6.563305],[3.590335,6.563081],[3.591649,6.562409],[3.59218,6.562294],[3.592929,6.562314],[3.593337,6.562194],[3.593551,6.562273],[3.594171,6.562179],[3.594771,6.561926],[3.595511,6.561491],[3.595629,6.561592],[3.595814,6.561574],[3.59591,6.561552],[3.595868,6.561475],[3.596048,6.561465],[3.596285,6.561353],[3.596684,6.561242],[3.598958,6.560046],[3.599129,6.559977],[3.599279,6.559994],[3.599496,6.559836],[3.59963,6.559809],[3.600041,6.55992],[3.600074,6.560114],[3.600446,6.56012],[3.600399,6.560104],[3.600677,6.559986],[3.600804,6.559826],[3.601008,6.559947],[3.60124,6.55996],[3.602488,6.560866],[3.603496,6.561247],[3.604001,6.561353],[3.604589,6.561277],[3.605301,6.561276],[3.605796,6.561475],[3.606642,6.561493],[3.606789,6.561446],[3.606941,6.561264],[3.607167,6.561156],[3.607317,6.56125],[3.607726,6.561242],[3.608132,6.561454],[3.608057,6.561586],[3.607735,6.561643],[3.607554,6.561601],[3.607392,6.561405],[3.607186,6.56135],[3.607049,6.561442],[3.607046,6.561656],[3.607318,6.561957],[3.607545,6.56187],[3.607809,6.561945],[3.608089,6.562049],[3.608279,6.562267],[3.608745,6.562502],[3.608883,6.562501],[3.609162,6.562375],[3.609301,6.562556],[3.60972,6.562604],[3.610986,6.562936],[3.611231,6.563103],[3.611435,6.563095],[3.611994,6.562882],[3.61223,6.562975],[3.612466,6.562896],[3.612762,6.563064],[3.613736,6.564041],[3.614,6.564142],[3.614329,6.56414],[3.614325,6.56397],[3.614015,6.563965],[3.613742,6.56381],[3.61284,6.562829],[3.612688,6.562609],[3.613003,6.562086],[3.612589,6.561778],[3.612767,6.561358],[3.612609,6.561267],[3.612297,6.561883],[3.612239,6.561558],[3.612492,6.560556],[3.612531,6.559806],[3.615835,6.559839],[3.615746,6.560044],[3.61562,6.560139],[3.615487,6.56015],[3.615377,6.560418],[3.615191,6.56071],[3.614975,6.560718],[3.614957,6.560836],[3.615102,6.560958],[3.615113,6.561694],[3.617144,6.561702],[3.618924,6.561805],[3.620157,6.561627],[3.620777,6.561492],[3.621344,6.561482],[3.621638,6.56141],[3.622178,6.560971],[3.623117,6.559916],[3.624561,6.558688],[3.6264,6.556926],[3.627209,6.556259],[3.628306,6.555518],[3.628917,6.555253],[3.629568,6.555084],[3.636662,6.55515],[3.636909,6.55492],[3.637328,6.555363],[3.637472,6.555736],[3.637638,6.556345],[3.637542,6.556956],[3.637606,6.557516],[3.638202,6.558598],[3.638854,6.559336],[3.639107,6.559873],[3.639623,6.560388],[3.640568,6.560884],[3.640981,6.561657],[3.642139,6.562658],[3.642751,6.563522],[3.64369,6.564135],[3.644999,6.564844],[3.646517,6.565899],[3.647407,6.566373],[3.647847,6.566778],[3.648405,6.567444],[3.651924,6.568862],[3.655191,6.569427],[3.656312,6.569789],[3.657712,6.57037],[3.658498,6.570805],[3.659027,6.57159],[3.659043,6.572001],[3.659193,6.5724],[3.659876,6.573005],[3.660582,6.573125],[3.661387,6.573178],[3.661714,6.573136],[3.663229,6.574536],[3.66394,6.575491],[3.666977,6.578625],[3.668876,6.581053],[3.669106,6.58327],[3.670036,6.585252],[3.670945,6.585797],[3.673314,6.587758],[3.675182,6.588899],[3.676638,6.590527],[3.67827,6.591521],[3.680184,6.594271],[3.686793,6.5991],[3.687193,6.599339],[3.687913,6.599165],[3.688779,6.599122],[3.689442,6.599519],[3.690177,6.600199],[3.691443,6.601623],[3.691574,6.602281],[3.692433,6.603336],[3.692796,6.603719],[3.693306,6.604413],[3.693975,6.605172],[3.694325,6.605368],[3.694725,6.605801],[3.695299,6.606017],[3.69567,6.606321],[3.696096,6.606565],[3.69745,6.607244],[3.697882,6.607357],[3.698289,6.607583],[3.698733,6.607916],[3.699374,6.608518],[3.69971,6.608744],[3.699776,6.608917],[3.700285,6.609274],[3.700483,6.609316],[3.700531,6.609619],[3.700393,6.609958],[3.700525,6.61006],[3.700916,6.61006],[3.701412,6.610512],[3.70169,6.610575],[3.701819,6.610832],[3.702513,6.611465],[3.702637,6.611664],[3.702826,6.611748],[3.703378,6.612165],[3.703834,6.612227],[3.704338,6.612174],[3.704682,6.612678],[3.705181,6.612356],[3.706162,6.612547],[3.706535,6.612534],[3.707058,6.612371],[3.707919,6.611977],[3.708654,6.612627],[3.708783,6.612885],[3.71059,6.614687],[3.711366,6.616233],[3.711625,6.617006],[3.711883,6.617263],[3.7124,6.618294],[3.712658,6.618551],[3.713304,6.619066],[3.713433,6.619323],[3.713691,6.619581],[3.713821,6.620096],[3.714079,6.620224],[3.714595,6.620353],[3.714724,6.620868],[3.714982,6.621126],[3.715241,6.621641],[3.715371,6.622414],[3.715887,6.622542],[3.716145,6.622799],[3.717693,6.62357],[3.718467,6.623569],[3.718982,6.623826],[3.721045,6.623823],[3.721818,6.623564],[3.722333,6.623306],[3.723106,6.623047],[3.724818,6.622283],[3.727832,6.625658],[3.729905,6.625044],[3.729224,6.622923],[3.730235,6.62258],[3.730946,6.624658],[3.732482,6.624231],[3.732716,6.623085],[3.732102,6.621766],[3.731363,6.621533],[3.730942,6.621143],[3.728113,6.622543],[3.72711,6.622923],[3.726544,6.622973],[3.726165,6.622781],[3.725837,6.622256],[3.725798,6.621846],[3.727486,6.620978],[3.728517,6.620719],[3.728774,6.620461],[3.72929,6.620202],[3.73032,6.619299],[3.730835,6.619169],[3.732123,6.618651],[3.732381,6.618393],[3.733927,6.618004],[3.733926,6.617489],[3.73573,6.617099],[3.739854,6.616449],[3.739942,6.616618],[3.740112,6.616577],[3.740628,6.616576],[3.741144,6.616833],[3.741917,6.616832],[3.742433,6.616831],[3.742948,6.616573],[3.743721,6.616443],[3.743464,6.616959],[3.744496,6.617215],[3.744624,6.616957],[3.744624,6.6167],[3.744495,6.616442],[3.745011,6.61657],[3.745269,6.616827],[3.745785,6.616956],[3.745784,6.61644],[3.7463,6.616697],[3.746299,6.616181],[3.746814,6.616051],[3.747329,6.615535],[3.748103,6.615534],[3.749392,6.615403],[3.750682,6.616561],[3.751714,6.617075],[3.751972,6.617075],[3.754809,6.617844],[3.759196,6.620415],[3.761798,6.621266],[3.764362,6.621224],[3.766444,6.62067],[3.770134,6.619369],[3.773235,6.619657],[3.775179,6.619746],[3.778791,6.621416],[3.78008,6.621672],[3.781112,6.62167],[3.78612,6.620169],[3.788202,6.620051],[3.789616,6.619852],[3.789874,6.619852],[3.790648,6.620108],[3.791163,6.620107],[3.791679,6.620364],[3.791938,6.620622],[3.792195,6.620621],[3.792711,6.620363],[3.793226,6.620362],[3.793484,6.620104],[3.793741,6.620103],[3.794773,6.620359],[3.795804,6.620358],[3.796062,6.620487],[3.796062,6.619971],[3.79632,6.620099],[3.796835,6.620228],[3.796835,6.619712],[3.79735,6.61984],[3.798382,6.619838],[3.798639,6.61958],[3.799412,6.619579],[3.79967,6.61932],[3.800185,6.619062],[3.800701,6.619061],[3.800959,6.61919],[3.800958,6.618674],[3.801216,6.618802],[3.802505,6.6188],[3.804568,6.619312],[3.805599,6.619311],[3.806115,6.619181],[3.806244,6.619439],[3.80676,6.619954],[3.806846,6.62035],[3.808695,6.620595],[3.808953,6.620852],[3.810154,6.621149],[3.810242,6.620979],[3.810758,6.620979],[3.810758,6.621236],[3.810331,6.621325],[3.810243,6.621495],[3.811017,6.62188],[3.811791,6.621879],[3.812823,6.622393],[3.813597,6.622649],[3.813855,6.622906],[3.814629,6.623163],[3.815402,6.623162],[3.816434,6.623418],[3.816692,6.623417],[3.818496,6.623157],[3.820043,6.623154],[3.821073,6.622895],[3.822105,6.622893],[3.823135,6.622633],[3.823908,6.622374],[3.825197,6.622114],[3.825454,6.621856],[3.827259,6.621595],[3.827516,6.621337],[3.828289,6.621078],[3.828804,6.620819],[3.829062,6.620561],[3.829577,6.620302],[3.829834,6.620044],[3.830607,6.619915],[3.830735,6.619657],[3.830864,6.619141],[3.831121,6.619011],[3.831894,6.618752],[3.83241,6.618623],[3.832409,6.618107],[3.834213,6.617846],[3.834212,6.617331],[3.83447,6.617201],[3.836017,6.617198],[3.836532,6.61694],[3.83782,6.61668],[3.840141,6.616676],[3.846328,6.616923],[3.849937,6.616917],[3.850195,6.616659],[3.85071,6.6164],[3.851998,6.61614],[3.852256,6.615882],[3.852514,6.615881],[3.853545,6.616137],[3.854319,6.616136],[3.855092,6.616392],[3.856124,6.616391],[3.85664,6.616648],[3.856898,6.616905],[3.857671,6.616904],[3.858445,6.61716],[3.858961,6.617417],[3.859992,6.617415],[3.860766,6.617672],[3.861282,6.617671],[3.862056,6.617927],[3.862572,6.618184],[3.863603,6.618182],[3.865924,6.618436],[3.867213,6.618692],[3.868502,6.618689],[3.869018,6.618946],[3.869276,6.618946],[3.869791,6.618945],[3.870049,6.618687],[3.871853,6.618426],[3.873657,6.618036],[3.873656,6.617521],[3.874687,6.61739],[3.87546,6.61713],[3.87649,6.616613],[3.874679,6.613007],[3.872874,6.612753],[3.872616,6.612495],[3.8721,6.612238],[3.871454,6.611596],[3.871195,6.61108],[3.871193,6.610049],[3.871708,6.609533],[3.871708,6.609275],[3.871579,6.609146],[3.871321,6.609146],[3.871064,6.609405],[3.870549,6.609663],[3.869002,6.609666],[3.868228,6.609409],[3.867324,6.608509],[3.867194,6.607736],[3.866678,6.607737],[3.866289,6.606449],[3.866031,6.606192],[3.8659,6.604903],[3.865384,6.604774],[3.865126,6.604517],[3.86461,6.60426],[3.864093,6.603745],[3.863062,6.603489],[3.862804,6.603232],[3.862288,6.602975],[3.860998,6.602591],[3.860997,6.602076],[3.860224,6.601948],[3.859192,6.601692],[3.858676,6.601435],[3.857386,6.601179],[3.85687,6.600922],[3.855581,6.600667],[3.854292,6.600669],[3.85326,6.600155],[3.852744,6.600156],[3.85094,6.600417],[3.850167,6.600418],[3.849393,6.600162],[3.849135,6.600162],[3.847677,6.600382],[3.847589,6.600552],[3.847419,6.60064],[3.847332,6.60081],[3.847074,6.600811],[3.847074,6.600553],[3.847243,6.600464],[3.847243,6.600382],[3.846815,6.600166],[3.846041,6.59991],[3.845526,6.59991],[3.843722,6.600171],[3.841917,6.600304],[3.841918,6.600819],[3.84166,6.60069],[3.840114,6.600693],[3.838567,6.600567],[3.838308,6.600181],[3.837792,6.600181],[3.837534,6.599924],[3.83676,6.599667],[3.836245,6.599668],[3.835987,6.599411],[3.835471,6.599154],[3.834954,6.598639],[3.834439,6.59864],[3.83418,6.598383],[3.833665,6.598255],[3.833664,6.59774],[3.833406,6.597869],[3.833148,6.597869],[3.83289,6.597612],[3.831858,6.597098],[3.8316,6.596841],[3.831084,6.596584],[3.830568,6.596584],[3.830052,6.596327],[3.82799,6.596073],[3.826958,6.596075],[3.826185,6.595948],[3.825926,6.595561],[3.825153,6.595562],[3.824379,6.595306],[3.823864,6.595307],[3.823606,6.595178],[3.823606,6.595694],[3.823348,6.595565],[3.82309,6.595308],[3.821802,6.595439],[3.821713,6.595269],[3.821286,6.595311],[3.820512,6.595054],[3.815614,6.595062],[3.814583,6.595193],[3.814584,6.595709],[3.81381,6.595581],[3.813295,6.595582],[3.813037,6.59584],[3.812522,6.596099],[3.811491,6.5961],[3.811234,6.596358],[3.810203,6.596618],[3.80943,6.596877],[3.807876,6.596817],[3.805458,6.596495],[3.80432,6.596479],[3.802228,6.596878],[3.800847,6.596659],[3.795573,6.596864],[3.794179,6.59699],[3.792936,6.597418],[3.790943,6.597596],[3.789803,6.597196],[3.786444,6.596708],[3.779026,6.595253],[3.774193,6.59403],[3.773763,6.593368],[3.772709,6.593071],[3.771269,6.592836],[3.76714,6.591177],[3.763898,6.590388],[3.76231,6.589812],[3.760958,6.588979],[3.760657,6.588254],[3.759948,6.585885],[3.759218,6.582412],[3.759134,6.580831],[3.758626,6.580156],[3.756448,6.577791],[3.755784,6.576697],[3.754042,6.574953],[3.752646,6.573906],[3.75155,6.573257],[3.750824,6.572892],[3.750314,6.572085],[3.750655,6.568153],[3.751056,6.566141],[3.751203,6.562725],[3.751146,6.561294],[3.750348,6.558783],[3.748627,6.556393],[3.74565,6.553092],[3.743249,6.551756],[3.74177,6.551031],[3.740964,6.55044],[3.740272,6.550066],[3.739884,6.549938],[3.739884,6.54968],[3.739139,6.547616],[3.738802,6.545019],[3.738068,6.541325],[3.737381,6.53976],[3.736854,6.539012],[3.734407,6.537089],[3.730845,6.534767],[3.723421,6.531979],[3.717147,6.529696],[3.715493,6.530126],[3.713467,6.530126],[3.710876,6.528973],[3.709404,6.528796],[3.706274,6.528745],[3.703644,6.52974],[3.702684,6.5303],[3.699292,6.530798],[3.696579,6.531917],[3.693564,6.533472],[3.693073,6.533213],[3.693027,6.533731],[3.693261,6.533928],[3.692357,6.534733],[3.691064,6.535138],[3.689696,6.535058],[3.688801,6.534923],[3.687512,6.533565],[3.686826,6.53299],[3.685174,6.53267],[3.683977,6.532324],[3.68298,6.531764],[3.681472,6.529813],[3.680501,6.529211],[3.679847,6.529339],[3.678962,6.528529],[3.678152,6.527132],[3.67721,6.524247],[3.676859,6.523439],[3.675622,6.519827],[3.673727,6.518086],[3.67189,6.517325],[3.669594,6.51806],[3.667768,6.518497],[3.665413,6.518747],[3.664714,6.518658],[3.664471,6.519584],[3.662748,6.520576],[3.661759,6.520669],[3.660378,6.521254],[3.658464,6.520655],[3.657175,6.519296],[3.655822,6.517351],[3.655097,6.516607],[3.653185,6.516281],[3.650736,6.516158],[3.648206,6.51481],[3.647139,6.514824],[3.6445,6.513223],[3.642611,6.513665],[3.640777,6.513392],[3.639306,6.512215],[3.638243,6.511954],[3.636821,6.512391],[3.636321,6.51159],[3.635511,6.511312],[3.633263,6.51095],[3.631662,6.512044],[3.629985,6.51247],[3.628938,6.512507],[3.628566,6.512442],[3.628051,6.51216],[3.62765,6.510917],[3.626734,6.509267],[3.626738,6.50875],[3.622622,6.507785],[3.620815,6.508622],[3.620263,6.509296],[3.619105,6.510314],[3.618839,6.510241],[3.618127,6.510305],[3.617353,6.51046],[3.616826,6.510871],[3.616669,6.511384],[3.616457,6.511647],[3.615794,6.511989],[3.615706,6.511898],[3.614681,6.512386],[3.614531,6.51205],[3.613914,6.512207],[3.613527,6.512664],[3.612653,6.513109],[3.611274,6.513619],[3.609779,6.513762],[3.609276,6.513554],[3.608762,6.513686],[3.60829,6.513718],[3.608043,6.513981],[3.607363,6.514269],[3.607062,6.514234],[3.606708,6.51456],[3.605881,6.514821],[3.605842,6.514995],[3.605441,6.51504],[3.604926,6.515204],[3.60394,6.515646],[3.60365,6.515686],[3.603076,6.515604],[3.602829,6.515226],[3.602673,6.515455],[3.602266,6.515519],[3.602019,6.515551],[3.601611,6.515466],[3.600592,6.515503],[3.600206,6.515599],[3.599734,6.515471],[3.59956,6.515234],[3.598942,6.51523],[3.598916,6.514794],[3.598863,6.514767],[3.598878,6.515242],[3.598444,6.515124],[3.598438,6.515005],[3.598157,6.515023],[3.598132,6.514677],[3.597719,6.514666],[3.597709,6.514546],[3.597419,6.514685],[3.59743,6.514799],[3.596748,6.514802],[3.596571,6.514544],[3.596236,6.514378],[3.59608,6.514176],[3.595743,6.514096],[3.595528,6.514192],[3.591989,6.513753],[3.588948,6.514201],[3.585543,6.513827],[3.582564,6.513809],[3.580739,6.51297],[3.581194,6.511742],[3.581075,6.511132],[3.580122,6.509969],[3.579565,6.509203],[3.578768,6.507669],[3.577895,6.506193],[3.57695,6.505298],[3.575342,6.504881],[3.575036,6.504673],[3.575232,6.503606],[3.575752,6.502777],[3.575966,6.502519],[3.576466,6.502687],[3.576651,6.50269],[3.577343,6.502029],[3.577509,6.501773],[3.577439,6.501496],[3.577497,6.5014],[3.577702,6.501747],[3.577847,6.501853],[3.577981,6.501858],[3.577766,6.501363],[3.577863,6.501352],[3.578029,6.501608],[3.57811,6.501544],[3.578354,6.501217],[3.579161,6.499886],[3.579773,6.49946],[3.580636,6.497525],[3.580945,6.496629],[3.580824,6.496065],[3.580604,6.495836],[3.580572,6.495409],[3.580781,6.49486],[3.58061,6.493949],[3.580669,6.493714],[3.580867,6.493602],[3.580858,6.493242],[3.580915,6.492686],[3.580769,6.492654],[3.580602,6.492537],[3.580514,6.492336],[3.580552,6.492135],[3.580351,6.491701],[3.579987,6.491307],[3.579812,6.490987],[3.579633,6.490915],[3.579572,6.490789],[3.580141,6.490523],[3.580138,6.490349],[3.579008,6.490833],[3.578852,6.490465],[3.579947,6.490035],[3.579762,6.489767],[3.579456,6.489685],[3.579284,6.489837],[3.578987,6.489885],[3.578442,6.490087],[3.578263,6.48976],[3.578609,6.489512],[3.578517,6.489277],[3.578196,6.488981],[3.577734,6.488427],[3.577428,6.487985],[3.57672,6.48756],[3.5765,6.487606],[3.576184,6.487548],[3.57613,6.487292],[3.576254,6.487057],[3.576634,6.486748],[3.576597,6.486625],[3.575664,6.48726],[3.575154,6.487398],[3.574805,6.487356],[3.573394,6.485929],[3.571413,6.484177],[3.57127,6.483648],[3.571117,6.481992],[3.570879,6.48107],[3.570623,6.48107],[3.570351,6.480296],[3.569758,6.480049],[3.568968,6.47997],[3.568185,6.479322],[3.567239,6.478819],[3.56653,6.479366],[3.564927,6.478986],[3.563674,6.480298],[3.562616,6.48031],[3.561223,6.47861],[3.560438,6.479117],[3.558866,6.4795],[3.557247,6.477704],[3.556602,6.478012],[3.555925,6.477186],[3.556562,6.476478],[3.556379,6.475915],[3.560281,6.473521],[3.559736,6.473114],[3.559396,6.472251],[3.55914,6.471733],[3.558922,6.471781],[3.558733,6.471537],[3.557504,6.470337],[3.556357,6.46969],[3.555821,6.47082],[3.553619,6.469884],[3.552058,6.469629],[3.552459,6.469034],[3.552223,6.469042],[3.551814,6.469702],[3.550864,6.469619],[3.545519,6.469737],[3.542915,6.469734],[3.541432,6.469635],[3.53895,6.469061],[3.535318,6.467952],[3.534373,6.467611],[3.533699,6.467271],[3.531595,6.465206],[3.53123,6.464609],[3.531385,6.463463],[3.531763,6.462025],[3.533175,6.46071],[3.535436,6.459683],[3.536402,6.458952],[3.53762,6.456941],[3.538008,6.456767],[3.538428,6.456772],[3.539018,6.456904],[3.539225,6.456877],[3.539307,6.456828],[3.539736,6.45622],[3.540589,6.455319],[3.540986,6.455679],[3.54127,6.456264],[3.541308,6.457056],[3.541569,6.456776],[3.541828,6.456577],[3.541809,6.456332],[3.542399,6.455851],[3.542758,6.45567],[3.543889,6.454625],[3.54487,6.453504],[3.545261,6.453225],[3.545488,6.453137],[3.545942,6.45323],[3.546132,6.452987],[3.546348,6.452205],[3.546543,6.45172],[3.546699,6.451538],[3.54697,6.451053],[3.547059,6.450697],[3.546972,6.450665],[3.546876,6.450711],[3.546767,6.451091],[3.546155,6.451459],[3.545819,6.451813],[3.545555,6.45218],[3.54543,6.452485],[3.545014,6.452831],[3.544883,6.453108],[3.544255,6.453716],[3.543848,6.453885],[3.543428,6.453863],[3.543135,6.453972],[3.543023,6.454152],[3.542614,6.454363],[3.542061,6.454428],[3.541523,6.454279],[3.541248,6.454059],[3.54102,6.453754],[3.541214,6.453466],[3.541147,6.453185],[3.540963,6.453282],[3.540734,6.453619],[3.54039,6.453423],[3.540045,6.453428],[3.539867,6.453531],[3.539832,6.453795],[3.539897,6.45402],[3.539788,6.453956],[3.539584,6.453723],[3.539272,6.453653],[3.539007,6.453719],[3.538781,6.454304],[3.538765,6.454568],[3.539037,6.45474],[3.538975,6.454894],[3.538432,6.45492],[3.538122,6.455309],[3.538104,6.45574],[3.537334,6.456191],[3.535766,6.457238],[3.53571,6.457992],[3.535596,6.45801],[3.535408,6.457613],[3.535201,6.457895],[3.534795,6.458072],[3.534655,6.458439],[3.534465,6.458332],[3.534464,6.457924],[3.534227,6.458459],[3.534008,6.458749],[3.533381,6.459003],[3.53262,6.458804],[3.531556,6.459153],[3.530693,6.460277],[3.530664,6.461895],[3.530158,6.462711],[3.529615,6.463974],[3.529623,6.46464],[3.529846,6.465118],[3.529985,6.465586],[3.530301,6.466324],[3.530793,6.4668],[3.530637,6.467126],[3.529512,6.467463],[3.528762,6.46747],[3.528315,6.467986],[3.527864,6.468767],[3.527645,6.469584],[3.527173,6.46998],[3.52688,6.469359],[3.52656,6.470065],[3.526266,6.470564],[3.525811,6.47112],[3.524814,6.472026],[3.52451,6.472502],[3.524412,6.473175],[3.52459,6.473467],[3.524859,6.473701],[3.525975,6.473972],[3.52625,6.474087],[3.52629,6.474638],[3.526181,6.475933],[3.526234,6.477284],[3.526026,6.478391],[3.525711,6.478512],[3.524553,6.478512],[3.524198,6.478302],[3.524141,6.478457],[3.524134,6.479172],[3.524226,6.47961],[3.526276,6.479629],[3.526271,6.480122],[3.525805,6.48057],[3.522394,6.480464],[3.521745,6.480305],[3.521036,6.480296],[3.520511,6.479775],[3.520175,6.4797],[3.517843,6.47965],[3.517833,6.478819],[3.517701,6.47847],[3.517138,6.477601],[3.517194,6.476639],[3.517439,6.474979],[3.517952,6.473653],[3.518224,6.47346],[3.522727,6.473763],[3.523433,6.473226],[3.523075,6.473008],[3.522408,6.473],[3.522239,6.472799],[3.522239,6.472607],[3.522175,6.472362],[3.521987,6.472181],[3.521858,6.471754],[3.521665,6.471434],[3.521547,6.47104],[3.521547,6.47055],[3.52203,6.469654],[3.52261,6.469377],[3.522706,6.469057],[3.523082,6.468982],[3.523253,6.469036],[3.523221,6.469505],[3.523403,6.470315],[3.523714,6.470411],[3.52439,6.470443],[3.525474,6.470228],[3.52569,6.469711],[3.525488,6.469195],[3.52564,6.468665],[3.526232,6.468516],[3.526477,6.468151],[3.527016,6.46783],[3.527148,6.467029],[3.527148,6.465775],[3.527072,6.465134],[3.527129,6.464569],[3.527205,6.464258],[3.529017,6.462636],[3.529159,6.46244]],[[3.400017,6.500753],[3.399502,6.498789],[3.399046,6.498982],[3.398648,6.499336],[3.39861,6.499477],[3.398952,6.499604],[3.399075,6.49976],[3.39934,6.499816],[3.399606,6.500871],[3.399878,6.500905],[3.400017,6.500753]],[[3.432565,6.469478],[3.432498,6.469117],[3.432984,6.469325],[3.432978,6.469496],[3.432836,6.469576],[3.432682,6.469576],[3.432565,6.469478]],[[3.433969,6.469368],[3.434068,6.469264],[3.434425,6.469264],[3.434715,6.469337],[3.434826,6.469233],[3.434912,6.469307],[3.435041,6.469331],[3.435158,6.46927],[3.435318,6.469276],[3.435553,6.469092],[3.435682,6.469086],[3.435904,6.469203],[3.436021,6.469037],[3.436156,6.469056],[3.436255,6.46897],[3.436323,6.46905],[3.436483,6.469007],[3.436816,6.469184],[3.437007,6.469141],[3.437068,6.469068],[3.437451,6.469374],[3.437531,6.469515],[3.437518,6.469711],[3.437598,6.469821],[3.437586,6.470213],[3.437395,6.470433],[3.43726,6.470403],[3.437179,6.470323],[3.437019,6.470286],[3.436976,6.47017],[3.43684,6.470231],[3.43676,6.470097],[3.436483,6.470042],[3.436428,6.46998],[3.436372,6.469999],[3.436274,6.469931],[3.435959,6.469858],[3.435904,6.469803],[3.435553,6.469729],[3.435491,6.469662],[3.434117,6.469484],[3.433969,6.469368]],[[3.574133,6.506348],[3.573886,6.506727],[3.573478,6.507228],[3.573006,6.507548],[3.572813,6.507868],[3.572808,6.508374],[3.57329,6.509728],[3.57483,6.511742],[3.575404,6.512222],[3.57594,6.512387],[3.57652,6.512425],[3.576997,6.512339],[3.57843,6.512952],[3.579819,6.513272],[3.579926,6.513261],[3.580109,6.513112],[3.580613,6.512195],[3.580806,6.511614],[3.580795,6.511284],[3.580661,6.510948],[3.579647,6.509946],[3.578671,6.507996],[3.578408,6.507766],[3.577544,6.506364],[3.577072,6.505906],[3.57653,6.505645],[3.576182,6.505581],[3.575973,6.505666],[3.575608,6.506034],[3.575334,6.506141],[3.574873,6.506141],[3.574133,6.506348]],[[3.47109,6.605142],[3.470816,6.604918],[3.470558,6.604198],[3.470591,6.604017],[3.47073,6.604012],[3.471009,6.604321],[3.471224,6.605126],[3.47109,6.605142]],[[3.46683,6.60868],[3.467748,6.608477],[3.467941,6.608211],[3.46793,6.607907],[3.46763,6.607833],[3.467206,6.607902],[3.46682,6.608083],[3.466616,6.608259],[3.466605,6.608424],[3.466723,6.608653],[3.46683,6.60868]],[[3.468713,6.608051],[3.468992,6.6082],[3.469271,6.608206],[3.469432,6.608099],[3.46941,6.607934],[3.46926,6.607785],[3.46896,6.607726],[3.468751,6.607737],[3.468638,6.60787],[3.468713,6.608051]],[[3.469759,6.607236],[3.469802,6.607625],[3.470065,6.60796],[3.470306,6.608131],[3.470424,6.60795],[3.470376,6.607636],[3.46999,6.607193],[3.469834,6.607161],[3.469759,6.607236]],[[3.466948,6.604044],[3.467077,6.603628],[3.467377,6.603522],[3.467839,6.60317],[3.468086,6.603404],[3.468708,6.604332],[3.46933,6.604896],[3.470017,6.605738],[3.470403,6.606282],[3.470435,6.606602],[3.470156,6.607007],[3.469668,6.607055],[3.469035,6.607518],[3.468509,6.607374],[3.468407,6.607198],[3.468429,6.606836],[3.468547,6.606591],[3.468858,6.606383],[3.468912,6.606197],[3.46866,6.605392],[3.468558,6.605179],[3.468386,6.604966],[3.467962,6.604886],[3.467399,6.604619],[3.467141,6.604225],[3.466948,6.604044]],[[3.466283,6.604054],[3.466248,6.603897],[3.466296,6.603444],[3.466366,6.603354],[3.466441,6.603815],[3.466358,6.604078],[3.466283,6.604054]],[[3.466366,6.602789],[3.466393,6.602221],[3.466492,6.601806],[3.466618,6.6018],[3.466487,6.602562],[3.466444,6.602717],[3.466366,6.602789]],[[3.464322,6.601483],[3.464258,6.601318],[3.464293,6.600894],[3.464416,6.600841],[3.464639,6.600902],[3.464864,6.601054],[3.46492,6.601209],[3.464781,6.601324],[3.464443,6.601491],[3.464322,6.601483]],[[3.462582,6.602504],[3.46241,6.602115],[3.462496,6.601704],[3.462791,6.601225],[3.463263,6.601118],[3.463601,6.601326],[3.463547,6.601646],[3.463193,6.602387],[3.463032,6.602562],[3.462796,6.6026],[3.462582,6.602504]],[[3.474646,6.607001],[3.475328,6.607636],[3.475714,6.607827],[3.475934,6.607737],[3.475971,6.60754],[3.475778,6.607193],[3.475574,6.607001],[3.475231,6.606788],[3.474668,6.606794],[3.474646,6.607001]],[[3.474316,6.463536],[3.474377,6.463354],[3.474513,6.463305],[3.474564,6.46336],[3.474519,6.46349],[3.474446,6.463555],[3.474316,6.463536]],[[3.415248,6.467345],[3.414503,6.46664],[3.414108,6.466119],[3.414172,6.465852],[3.414187,6.465414],[3.414085,6.465318],[3.413433,6.465146],[3.413188,6.465295],[3.412816,6.465125],[3.412389,6.465082],[3.411825,6.464772],[3.411122,6.46485],[3.410402,6.465299],[3.409756,6.466104],[3.409316,6.466316],[3.409361,6.466757],[3.409676,6.467197],[3.40974,6.467691],[3.409446,6.468374],[3.409419,6.469004],[3.409844,6.469955],[3.410453,6.470775],[3.411035,6.471394],[3.412062,6.471616],[3.413231,6.471627],[3.414424,6.471389],[3.415301,6.470693],[3.415595,6.470177],[3.415689,6.468488],[3.415663,6.467835],[3.415248,6.467345]],[[3.555771,6.52983],[3.555535,6.529787],[3.555449,6.529659],[3.555449,6.529488],[3.555642,6.529297],[3.556004,6.529238],[3.556369,6.529302],[3.556433,6.529494],[3.556347,6.529686],[3.556093,6.52968],[3.555771,6.52983]],[[3.555364,6.529105],[3.555192,6.529041],[3.55502,6.52887],[3.554999,6.528614],[3.55517,6.528444],[3.555811,6.528129],[3.556154,6.528065],[3.556415,6.528145],[3.556651,6.528359],[3.556694,6.528572],[3.556501,6.528764],[3.55624,6.528918],[3.556007,6.528956],[3.555836,6.528934],[3.555364,6.529105]],[[3.558368,6.52418],[3.558174,6.523882],[3.558,6.523461],[3.557871,6.52329],[3.557702,6.523263],[3.55766,6.523029],[3.55811,6.52256],[3.558322,6.522139],[3.5586,6.521776],[3.558883,6.521622],[3.559158,6.521393],[3.559588,6.521307],[3.559952,6.521158],[3.560167,6.521009],[3.560145,6.520817],[3.560277,6.520599],[3.560553,6.520561],[3.560771,6.520471],[3.560875,6.520199],[3.561132,6.52005],[3.561372,6.520002],[3.561755,6.520412],[3.561844,6.520662],[3.561887,6.521004],[3.561669,6.522011],[3.561694,6.522198],[3.561007,6.522411],[3.560835,6.522773],[3.560277,6.523349],[3.56006,6.523652],[3.559805,6.523839],[3.559226,6.52401],[3.558368,6.52418]],[[3.473434,6.606318],[3.473638,6.606623],[3.473917,6.6069],[3.474045,6.607113],[3.473906,6.6073],[3.47353,6.607294],[3.473198,6.607385],[3.472549,6.607652],[3.472356,6.607572],[3.47219,6.607279],[3.47286,6.606612],[3.473434,6.606318]],[[3.473003,6.603626],[3.47368,6.603955],[3.474377,6.604482],[3.474937,6.605124],[3.474705,6.60545],[3.473455,6.605733],[3.47271,6.606037],[3.4725,6.606202],[3.472366,6.60601],[3.471326,6.605456],[3.471304,6.605216],[3.471626,6.60512],[3.471894,6.605099],[3.472071,6.604896],[3.472168,6.604699],[3.47242,6.604524],[3.472715,6.604683],[3.472956,6.604678],[3.473203,6.60447],[3.473182,6.604268],[3.472989,6.603863],[3.473003,6.603626]]]}}]}